#,"Date Time, GMT-05:00","Full Range, μS/cm (LGR S/N: 21483252, SEN S/N: 21483252)","Temp, °C (LGR S/N: 21483252, SEN S/N: 21483252)",Coupler Detached (LGR S/N: 21483252),Coupler Attached (LGR S/N: 21483252),Host Connected (LGR S/N: 21483252),Stopped (LGR S/N: 21483252),End Of File (LGR S/N: 21483252)
1,10/10/22 22:00,444,16.57,Logged,,,,
2,10/10/22 22:30,443.6,16.56,,,,,
3,10/10/22 23:00,443.3,16.48,,,,,
4,10/10/22 23:30,442.5,16.43,,,,,
5,10/11/22 0:00,442.9,16.42,,,,,
6,10/11/22 0:30,442.9,16.4,,,,,
7,10/11/22 1:00,442.1,16.35,,,,,
8,10/11/22 1:30,441.7,16.34,,,,,
9,10/11/22 2:00,441.4,16.3,,,,,
10,10/11/22 2:30,441,16.26,,,,,
11,10/11/22 3:00,440.6,16.22,,,,,
12,10/11/22 3:30,439.8,16.2,,,,,
13,10/11/22 4:00,439.8,16.15,,,,,
14,10/11/22 4:30,439.4,16.11,,,,,
15,10/11/22 5:00,439.1,16.07,,,,,
16,10/11/22 5:30,438.7,16.03,,,,,
17,10/11/22 6:00,438.7,16,,,,,
18,10/11/22 6:30,438.3,16,,,,,
19,10/11/22 7:00,439.1,16,,,,,
20,10/11/22 7:30,438.7,15.99,,,,,
21,10/11/22 8:00,437.9,15.96,,,,,
22,10/11/22 8:30,438.3,15.96,,,,,
23,10/11/22 9:00,438.3,15.96,,,,,
24,10/11/22 9:30,438.3,15.96,,,,,
25,10/11/22 10:00,438.7,15.99,,,,,
26,10/11/22 10:30,439.1,16.02,,,,,
27,10/11/22 11:00,438.7,16.03,,,,,
28,10/11/22 11:30,439.5,16.09,,,,,
29,10/11/22 12:00,439.8,16.12,,,,,
30,10/11/22 12:30,440.2,16.18,,,,,
31,10/11/22 13:00,440.6,16.22,,,,,
32,10/11/22 13:30,441,16.25,,,,,
33,10/11/22 14:00,441,16.29,,,,,
34,10/11/22 14:30,441,16.3,,,,,
35,10/11/22 15:00,441.3,16.33,,,,,
36,10/11/22 15:30,441.7,16.35,,,,,
37,10/11/22 16:00,442.5,16.39,,,,,
38,10/11/22 16:30,443.3,16.44,,,,,
39,10/11/22 17:00,443.7,16.48,,,,,
40,10/11/22 17:30,444.5,16.48,,,,,
41,10/11/22 18:00,444.5,16.46,,,,,
42,10/11/22 18:30,444.5,16.46,,,,,
43,10/11/22 19:00,444.5,16.47,,,,,
44,10/11/22 19:30,445.2,16.53,,,,,
45,10/11/22 20:00,445.2,16.57,,,,,
46,10/11/22 20:30,445.2,16.58,,,,,
47,10/11/22 21:00,444.8,16.57,,,,,
48,10/11/22 21:30,444.1,16.52,,,,,
49,10/11/22 22:00,442.5,16.42,,,,,
50,10/11/22 22:30,442.1,16.35,,,,,
51,10/11/22 23:00,440.6,16.26,,,,,
52,10/11/22 23:30,440.6,16.27,,,,,
53,10/12/22 0:00,441,16.3,,,,,
54,10/12/22 0:30,442.1,16.35,,,,,
55,10/12/22 1:00,446.4,16.55,,,,,
56,10/12/22 1:30,453.4,16.31,,,,,
57,10/12/22 2:00,464.9,15.71,,,,,
58,10/12/22 2:30,458.4,15.77,,,,,
59,10/12/22 3:00,456.8,15.78,,,,,
60,10/12/22 3:30,453.6,15.82,,,,,
61,10/12/22 4:00,456.8,15.78,,,,,
62,10/12/22 4:30,457.6,15.76,,,,,
63,10/12/22 5:00,456.4,15.87,,,,,
64,10/12/22 5:30,453.1,15.9,,,,,
65,10/12/22 6:00,451.5,15.93,,,,,
66,10/12/22 6:30,449.1,16,,,,,
67,10/12/22 7:00,452.7,15.94,,,,,
68,10/12/22 7:30,452.3,15.9,,,,,
69,10/12/22 8:00,447.1,15.95,,,,,
70,10/12/22 8:30,448,15.89,,,,,
71,10/12/22 9:00,447.2,15.89,,,,,
72,10/12/22 9:30,445.5,15.93,,,,,
73,10/12/22 10:00,446.3,15.91,,,,,
74,10/12/22 10:30,442.3,15.96,,,,,
75,10/12/22 11:00,439.9,15.94,,,,,
76,10/12/22 11:30,439.2,15.89,,,,,
77,10/12/22 12:00,438.8,15.87,,,,,
78,10/12/22 12:30,439.2,15.87,,,,,
79,10/12/22 13:00,438.8,15.86,,,,,
80,10/12/22 13:30,438.8,15.86,,,,,
81,10/12/22 14:00,438.8,15.89,,,,,
82,10/12/22 14:30,439.1,15.93,,,,,
83,10/12/22 15:00,439.5,15.95,,,,,
84,10/12/22 15:30,439.5,16,,,,,
85,10/12/22 16:00,440.3,16.03,,,,,
86,10/12/22 16:30,440.3,16.03,,,,,
87,10/12/22 17:00,440.3,16.02,,,,,
88,10/12/22 17:30,440.3,15.99,,,,,
89,10/12/22 18:00,440.3,15.98,,,,,
90,10/12/22 18:30,440.3,15.93,,,,,
91,10/12/22 19:00,440,15.86,,,,,
92,10/12/22 19:30,439.6,15.8,,,,,
93,10/12/22 20:00,439.2,15.71,,,,,
94,10/12/22 20:30,439.2,15.69,,,,,
95,10/12/22 21:00,438.9,15.67,,,,,
96,10/12/22 21:30,439.3,15.67,,,,,
97,10/12/22 22:00,438.9,15.64,,,,,
98,10/12/22 22:30,438.9,15.62,,,,,
99,10/12/22 23:00,438.9,15.6,,,,,
100,10/12/22 23:30,438.1,15.58,,,,,
101,10/13/22 0:00,438.5,15.54,,,,,
102,10/13/22 0:30,438.5,15.55,,,,,
103,10/13/22 1:00,438.5,15.55,,,,,
104,10/13/22 1:30,438.5,15.54,,,,,
105,10/13/22 2:00,437.7,15.51,,,,,
106,10/13/22 2:30,438.1,15.54,,,,,
107,10/13/22 3:00,437.7,15.51,,,,,
108,10/13/22 3:30,437.4,15.38,,,,,
109,10/13/22 4:00,437,15.41,,,,,
110,10/13/22 4:30,437.4,15.42,,,,,
111,10/13/22 5:00,436.6,15.33,,,,,
112,10/13/22 5:30,436.2,15.32,,,,,
113,10/13/22 6:00,436.6,15.33,,,,,
114,10/13/22 6:30,437.4,15.38,,,,,
115,10/13/22 7:00,437.4,15.4,,,,,
116,10/13/22 7:30,437.4,15.4,,,,,
117,10/13/22 8:00,436.2,15.28,,,,,
118,10/13/22 8:30,436.2,15.24,,,,,
119,10/13/22 9:00,435.9,15.2,,,,,
120,10/13/22 9:30,435.9,15.2,,,,,
121,10/13/22 10:00,435.9,15.19,,,,,
122,10/13/22 10:30,435.9,15.19,,,,,
123,10/13/22 11:00,436.2,15.26,,,,,
124,10/13/22 11:30,437,15.31,,,,,
125,10/13/22 12:00,437.8,15.37,,,,,
126,10/13/22 12:30,438.6,15.4,,,,,
127,10/13/22 13:00,437.8,15.36,,,,,
128,10/13/22 13:30,437.8,15.33,,,,,
129,10/13/22 14:00,437.4,15.27,,,,,
130,10/13/22 14:30,437.4,15.27,,,,,
131,10/13/22 15:00,437,15.27,,,,,
132,10/13/22 15:30,437,15.28,,,,,
133,10/13/22 16:00,437.4,15.29,,,,,
134,10/13/22 16:30,437.4,15.27,,,,,
135,10/13/22 17:00,435.9,15.18,,,,,
136,10/13/22 17:30,435.9,15.2,,,,,
137,10/13/22 18:00,436.3,15.19,,,,,
138,10/13/22 18:30,436.3,15.18,,,,,
139,10/13/22 19:00,435.5,15.18,,,,,
140,10/13/22 19:30,435.9,15.19,,,,,
141,10/13/22 20:00,435.5,15.16,,,,,
142,10/13/22 20:30,435.5,15.16,,,,,
143,10/13/22 21:00,435.5,15.14,,,,,
144,10/13/22 21:30,434.7,15.09,,,,,
145,10/13/22 22:00,434.7,15.11,,,,,
146,10/13/22 22:30,433.5,15.05,,,,,
147,10/13/22 23:00,433.5,15.04,,,,,
148,10/13/22 23:30,433.9,15.06,,,,,
149,10/14/22 0:00,433.9,15.06,,,,,
150,10/14/22 0:30,433.5,15.02,,,,,
151,10/14/22 1:00,433.2,14.97,,,,,
152,10/14/22 1:30,433.2,14.97,,,,,
153,10/14/22 2:00,432.8,14.93,,,,,
154,10/14/22 2:30,432.4,14.92,,,,,
155,10/14/22 3:00,432.4,14.91,,,,,
156,10/14/22 3:30,432.4,14.92,,,,,
157,10/14/22 4:00,432,14.91,,,,,
158,10/14/22 4:30,431.6,14.86,,,,,
159,10/14/22 5:00,431.2,14.83,,,,,
160,10/14/22 5:30,431.2,14.83,,,,,
161,10/14/22 6:00,431.2,14.83,,,,,
162,10/14/22 6:30,431.3,14.78,,,,,
163,10/14/22 7:00,430.5,14.74,,,,,
164,10/14/22 7:30,430.1,14.74,,,,,
165,10/14/22 8:00,430.1,14.67,,,,,
166,10/14/22 8:30,429.7,14.66,,,,,
167,10/14/22 9:00,429.7,14.69,,,,,
168,10/14/22 9:30,430.1,14.69,,,,,
169,10/14/22 10:00,429.7,14.67,,,,,
170,10/14/22 10:30,430.1,14.69,,,,,
171,10/14/22 11:00,430.1,14.66,,,,,
172,10/14/22 11:30,429.7,14.65,,,,,
173,10/14/22 12:00,430.1,14.67,,,,,
174,10/14/22 12:30,430.1,14.65,,,,,
175,10/14/22 13:00,429.7,14.64,,,,,
176,10/14/22 13:30,428.9,14.6,,,,,
177,10/14/22 14:00,428.6,14.57,,,,,
178,10/14/22 14:30,428.6,14.57,,,,,
179,10/14/22 15:00,428.6,14.55,,,,,
180,10/14/22 15:30,428.2,14.49,,,,,
181,10/14/22 16:00,429,14.55,,,,,
182,10/14/22 16:30,430.1,14.64,,,,,
183,10/14/22 17:00,431.3,14.64,,,,,
184,10/14/22 17:30,431.7,14.67,,,,,
185,10/14/22 18:00,431.7,14.66,,,,,
186,10/14/22 18:30,431.7,14.67,,,,,
187,10/14/22 19:00,430.5,14.66,,,,,
188,10/14/22 19:30,431.7,14.65,,,,,
189,10/14/22 20:00,431.3,14.62,,,,,
190,10/14/22 20:30,431.3,14.64,,,,,
191,10/14/22 21:00,430.5,14.62,,,,,
192,10/14/22 21:30,431.3,14.62,,,,,
193,10/14/22 22:00,430.9,14.61,,,,,
194,10/14/22 22:30,430.6,14.57,,,,,
195,10/14/22 23:00,429.4,14.48,,,,,
196,10/14/22 23:30,429.8,14.47,,,,,
197,10/15/22 0:00,429.8,14.48,,,,,
198,10/15/22 0:30,428.6,14.4,,,,,
199,10/15/22 1:00,429,14.4,,,,,
200,10/15/22 1:30,428.6,14.4,,,,,
201,10/15/22 2:00,429.4,14.4,,,,,
202,10/15/22 2:30,428.7,14.34,,,,,
203,10/15/22 3:00,429.1,14.33,,,,,
204,10/15/22 3:30,428.7,14.29,,,,,
205,10/15/22 4:00,428.7,14.26,,,,,
206,10/15/22 4:30,428.7,14.27,,,,,
207,10/15/22 5:00,429.1,14.26,,,,,
208,10/15/22 5:30,428.3,14.18,,,,,
209,10/15/22 6:00,428.3,14.18,,,,,
210,10/15/22 6:30,427.9,14.16,,,,,
211,10/15/22 7:00,428.3,14.18,,,,,
212,10/15/22 7:30,428.3,14.16,,,,,
213,10/15/22 8:00,428,14.12,,,,,
214,10/15/22 8:30,427.9,14.15,,,,,
215,10/15/22 9:00,427.6,14.11,,,,,
216,10/15/22 9:30,428,14.09,,,,,
217,10/15/22 10:00,427.6,14.09,,,,,
218,10/15/22 10:30,428.3,14.16,,,,,
219,10/15/22 11:00,428.7,14.18,,,,,
220,10/15/22 11:30,428.7,14.2,,,,,
221,10/15/22 12:00,429.5,14.24,,,,,
222,10/15/22 12:30,429.5,14.29,,,,,
223,10/15/22 13:00,430.7,14.33,,,,,
224,10/15/22 13:30,431,14.38,,,,,
225,10/15/22 14:00,431.4,14.4,,,,,
226,10/15/22 14:30,431.4,14.43,,,,,
227,10/15/22 15:00,432.2,14.44,,,,,
228,10/15/22 15:30,432.2,14.44,,,,,
229,10/15/22 16:00,432.2,14.42,,,,,
230,10/15/22 16:30,431.8,14.39,,,,,
231,10/15/22 17:00,431.5,14.35,,,,,
232,10/15/22 17:30,430.7,14.27,,,,,
233,10/15/22 18:00,430.3,14.22,,,,,
234,10/15/22 18:30,429.5,14.16,,,,,
235,10/15/22 19:00,429.2,14.12,,,,,
236,10/15/22 19:30,428.8,14.08,,,,,
237,10/15/22 20:00,428.4,14.06,,,,,
238,10/15/22 20:30,427.6,14.03,,,,,
239,10/15/22 21:00,427.6,14.02,,,,,
240,10/15/22 21:30,427.2,13.99,,,,,
241,10/15/22 22:00,427.2,14,,,,,
242,10/15/22 22:30,427.2,14,,,,,
243,10/15/22 23:00,427.2,14.02,,,,,
244,10/15/22 23:30,427.2,14,,,,,
245,10/16/22 0:00,426.8,14,,,,,
246,10/16/22 0:30,426.8,13.99,,,,,
247,10/16/22 1:00,426.4,13.96,,,,,
248,10/16/22 1:30,426.4,13.96,,,,,
249,10/16/22 2:00,426.4,13.95,,,,,
250,10/16/22 2:30,426.4,13.98,,,,,
251,10/16/22 3:00,426.4,13.95,,,,,
252,10/16/22 3:30,425.6,13.91,,,,,
253,10/16/22 4:00,425.3,13.86,,,,,
254,10/16/22 4:30,425.3,13.89,,,,,
255,10/16/22 5:00,425.6,13.91,,,,,
256,10/16/22 5:30,425.3,13.87,,,,,
257,10/16/22 6:00,425.3,13.84,,,,,
258,10/16/22 6:30,424.9,13.85,,,,,
259,10/16/22 7:00,424.9,13.82,,,,,
260,10/16/22 7:30,424.5,13.78,,,,,
261,10/16/22 8:00,424.5,13.8,,,,,
262,10/16/22 8:30,424.1,13.75,,,,,
263,10/16/22 9:00,424.1,13.76,,,,,
264,10/16/22 9:30,424.5,13.77,,,,,
265,10/16/22 10:00,423.3,13.76,,,,,
266,10/16/22 10:30,423.3,13.78,,,,,
267,10/16/22 11:00,424.5,13.85,,,,,
268,10/16/22 11:30,424.5,13.87,,,,,
269,10/16/22 12:00,424.8,13.9,,,,,
270,10/16/22 12:30,424.4,13.9,,,,,
271,10/16/22 13:00,424.5,13.89,,,,,
272,10/16/22 13:30,424.8,13.91,,,,,
273,10/16/22 14:00,424.8,13.9,,,,,
274,10/16/22 14:30,424.4,13.91,,,,,
275,10/16/22 15:00,424.8,13.91,,,,,
276,10/16/22 15:30,424.5,13.89,,,,,
277,10/16/22 16:00,425.2,13.9,,,,,
278,10/16/22 16:30,424.9,13.87,,,,,
279,10/16/22 17:00,425.3,13.89,,,,,
280,10/16/22 17:30,425.3,13.86,,,,,
281,10/16/22 18:00,425.3,13.82,,,,,
282,10/16/22 18:30,425.3,13.77,,,,,
283,10/16/22 19:00,425.3,13.76,,,,,
284,10/16/22 19:30,425.3,13.72,,,,,
285,10/16/22 20:00,424.9,13.69,,,,,
286,10/16/22 20:30,425.4,13.67,,,,,
287,10/16/22 21:00,425,13.66,,,,,
288,10/16/22 21:30,424.6,13.59,,,,,
289,10/16/22 22:00,424.6,13.55,,,,,
290,10/16/22 22:30,424.2,13.55,,,,,
291,10/16/22 23:00,424.6,13.51,,,,,
292,10/16/22 23:30,424.6,13.51,,,,,
293,10/17/22 0:00,424.2,13.49,,,,,
294,10/17/22 0:30,423.4,13.49,,,,,
295,10/17/22 1:00,423.4,13.47,,,,,
296,10/17/22 1:30,423.5,13.44,,,,,
297,10/17/22 2:00,423.5,13.44,,,,,
298,10/17/22 2:30,423.5,13.41,,,,,
299,10/17/22 3:00,423.5,13.4,,,,,
300,10/17/22 3:30,423.5,13.41,,,,,
301,10/17/22 4:00,423.5,13.37,,,,,
302,10/17/22 4:30,423.5,13.37,,,,,
303,10/17/22 5:00,423.5,13.36,,,,,
304,10/17/22 5:30,423.1,13.33,,,,,
305,10/17/22 6:00,423.5,13.35,,,,,
306,10/17/22 6:30,422.3,13.28,,,,,
307,10/17/22 7:00,422.7,13.28,,,,,
308,10/17/22 7:30,422.3,13.26,,,,,
309,10/17/22 8:00,422.3,13.26,,,,,
310,10/17/22 8:30,422.3,13.26,,,,,
311,10/17/22 9:00,421.5,13.23,,,,,
312,10/17/22 9:30,421.9,13.23,,,,,
313,10/17/22 10:00,422.7,13.24,,,,,
314,10/17/22 10:30,423.5,13.23,,,,,
315,10/17/22 11:00,423.6,13.2,,,,,
316,10/17/22 11:30,424,13.16,,,,,
317,10/17/22 12:00,422.4,13.18,,,,,
318,10/17/22 12:30,423.2,13.16,,,,,
319,10/17/22 13:00,424,13.15,,,,,
320,10/17/22 13:30,424.8,13.13,,,,,
321,10/17/22 14:00,424.8,13.13,,,,,
322,10/17/22 14:30,424.8,13.07,,,,,
323,10/17/22 15:00,424.8,13.04,,,,,
324,10/17/22 15:30,424.8,13.02,,,,,
325,10/17/22 16:00,425.7,12.97,,,,,
326,10/17/22 16:30,425.3,12.92,,,,,
327,10/17/22 17:00,425.3,12.93,,,,,
328,10/17/22 17:30,423.7,12.89,,,,,
329,10/17/22 18:00,423.7,12.88,,,,,
330,10/17/22 18:30,423.3,12.87,,,,,
331,10/17/22 19:00,423.3,12.86,,,,,
332,10/17/22 19:30,424.1,12.82,,,,,
333,10/17/22 20:00,423.3,12.78,,,,,
334,10/17/22 20:30,422.2,12.75,,,,,
335,10/17/22 21:00,423.3,12.78,,,,,
336,10/17/22 21:30,421.3,12.76,,,,,
337,10/17/22 22:00,421.8,12.75,,,,,
338,10/17/22 22:30,421.8,12.74,,,,,
339,10/17/22 23:00,422.6,12.75,,,,,
340,10/17/22 23:30,421.4,12.69,,,,,
341,10/18/22 0:00,421.4,12.7,,,,,
342,10/18/22 0:30,421.4,12.73,,,,,
343,10/18/22 1:00,421.8,12.73,,,,,
344,10/18/22 1:30,419.4,12.57,,,,,
345,10/18/22 2:00,421,12.66,,,,,
346,10/18/22 2:30,419.8,12.6,,,,,
347,10/18/22 3:00,419.4,12.55,,,,,
348,10/18/22 3:30,419.8,12.65,,,,,
349,10/18/22 4:00,419.4,12.62,,,,,
350,10/18/22 4:30,418.7,12.44,,,,,
351,10/18/22 5:00,419,12.55,,,,,
352,10/18/22 5:30,416.7,12.34,,,,,
353,10/18/22 6:00,418.7,12.52,,,,,
354,10/18/22 6:30,417.5,12.36,,,,,
355,10/18/22 7:00,416,12.27,,,,,
356,10/18/22 7:30,417.1,12.38,,,,,
357,10/18/22 8:00,416.3,12.31,,,,,
358,10/18/22 8:30,415.6,12.24,,,,,
359,10/18/22 9:00,416.3,12.31,,,,,
360,10/18/22 9:30,415.9,12.3,,,,,
361,10/18/22 10:00,417.5,12.46,,,,,
362,10/18/22 10:30,418.3,12.44,,,,,
363,10/18/22 11:00,416.7,12.38,,,,,
364,10/18/22 11:30,417.1,12.42,,,,,
365,10/18/22 12:00,418.3,12.46,,,,,
366,10/18/22 12:30,418.7,12.47,,,,,
367,10/18/22 13:00,418.7,12.48,,,,,
368,10/18/22 13:30,418.7,12.48,,,,,
369,10/18/22 14:00,419.1,12.47,,,,,
370,10/18/22 14:30,419.1,12.47,,,,,
371,10/18/22 15:00,419.1,12.44,,,,,
372,10/18/22 15:30,418.7,12.42,,,,,
373,10/18/22 16:00,418.7,12.39,,,,,
374,10/18/22 16:30,418.7,12.38,,,,,
375,10/18/22 17:00,418.7,12.31,,,,,
376,10/18/22 17:30,417.9,12.33,,,,,
377,10/18/22 18:00,418,12.25,,,,,
378,10/18/22 18:30,417.6,12.22,,,,,
379,10/18/22 19:00,417.2,12.24,,,,,
380,10/18/22 19:30,417.2,12.15,,,,,
381,10/18/22 20:00,417.6,12.15,,,,,
382,10/18/22 20:30,417.2,12.17,,,,,
383,10/18/22 21:00,416.4,12.09,,,,,
384,10/18/22 21:30,416.4,12.11,,,,,
385,10/18/22 22:00,415.7,11.99,,,,,
386,10/18/22 22:30,415.3,11.99,,,,,
387,10/18/22 23:00,415.3,12.03,,,,,
388,10/18/22 23:30,415.7,12.04,,,,,
389,10/19/22 0:00,414.9,11.98,,,,,
390,10/19/22 0:30,414.9,11.99,,,,,
391,10/19/22 1:00,415.2,12.09,,,,,
392,10/19/22 1:30,414.5,12,,,,,
393,10/19/22 2:00,414.5,11.95,,,,,
394,10/19/22 2:30,413.7,11.93,,,,,
395,10/19/22 3:00,412.5,11.84,,,,,
396,10/19/22 3:30,413.3,11.89,,,,,
397,10/19/22 4:00,412.5,11.86,,,,,
398,10/19/22 4:30,412.5,11.86,,,,,
399,10/19/22 5:00,412.1,11.82,,,,,
400,10/19/22 5:30,412.1,11.82,,,,,
401,10/19/22 6:00,404.9,11.85,,,,,
402,10/19/22 6:30,555,11.91,,,,,
403,10/19/22 7:00,411,11.73,,,,,
404,10/19/22 7:30,410.6,11.73,,,,,
405,10/19/22 8:00,410.2,11.71,,,,,
406,10/19/22 8:30,410.6,11.73,,,,,
407,10/19/22 9:00,410.2,11.73,,,,,
408,10/19/22 9:30,410.2,11.76,,,,,
409,10/19/22 10:00,410.2,11.73,,,,,
410,10/19/22 10:30,410.2,11.73,,,,,
411,10/19/22 11:00,410.5,11.81,,,,,
412,10/19/22 11:30,410.5,11.86,,,,,
413,10/19/22 12:00,410.5,11.87,,,,,
414,10/19/22 12:30,410.5,11.91,,,,,
415,10/19/22 13:00,410.1,11.95,,,,,
416,10/19/22 13:30,410.5,11.99,,,,,
417,10/19/22 14:00,410.5,12.02,,,,,
418,10/19/22 14:30,410.8,12.04,,,,,
419,10/19/22 15:00,410.8,12.07,,,,,
420,10/19/22 15:30,410.8,12.04,,,,,
421,10/19/22 16:00,410.9,12,,,,,
422,10/19/22 16:30,410.9,11.96,,,,,
423,10/19/22 17:00,410.9,11.93,,,,,
424,10/19/22 17:30,410.5,11.89,,,,,
425,10/19/22 18:00,410.5,11.85,,,,,
426,10/19/22 18:30,410.1,11.82,,,,,
427,10/19/22 19:00,410.2,11.75,,,,,
428,10/19/22 19:30,410.2,11.73,,,,,
429,10/19/22 20:00,409.8,11.67,,,,,
430,10/19/22 20:30,409.8,11.67,,,,,
431,10/19/22 21:00,409.8,11.66,,,,,
432,10/19/22 21:30,409,11.62,,,,,
433,10/19/22 22:00,409,11.59,,,,,
434,10/19/22 22:30,408.6,11.59,,,,,
435,10/19/22 23:00,408.3,11.54,,,,,
436,10/19/22 23:30,408.3,11.53,,,,,
437,10/20/22 0:00,408.3,11.5,,,,,
438,10/20/22 0:30,407.5,11.45,,,,,
439,10/20/22 1:00,407.5,11.44,,,,,
440,10/20/22 1:30,406.7,11.41,,,,,
441,10/20/22 2:00,406.7,11.38,,,,,
442,10/20/22 2:30,406.7,11.36,,,,,
443,10/20/22 3:00,406.3,11.33,,,,,
444,10/20/22 3:30,406.3,11.35,,,,,
445,10/20/22 4:00,406.7,11.37,,,,,
446,10/20/22 4:30,406.3,11.35,,,,,
447,10/20/22 5:00,406.7,11.36,,,,,
448,10/20/22 5:30,406.7,11.35,,,,,
449,10/20/22 6:00,406.7,11.36,,,,,
450,10/20/22 6:30,406.3,11.36,,,,,
451,10/20/22 7:00,406.7,11.38,,,,,
452,10/20/22 7:30,406.7,11.37,,,,,
453,10/20/22 8:00,406.7,11.36,,,,,
454,10/20/22 8:30,406.3,11.36,,,,,
455,10/20/22 9:00,406.7,11.37,,,,,
456,10/20/22 9:30,406.7,11.4,,,,,
457,10/20/22 10:00,406.7,11.38,,,,,
458,10/20/22 10:30,406.7,11.41,,,,,
459,10/20/22 11:00,407.5,11.44,,,,,
460,10/20/22 11:30,407.5,11.44,,,,,
461,10/20/22 12:00,408.3,11.5,,,,,
462,10/20/22 12:30,407.9,11.47,,,,,
463,10/20/22 13:00,407.9,11.5,,,,,
464,10/20/22 13:30,407.9,11.49,,,,,
465,10/20/22 14:00,407.9,11.49,,,,,
466,10/20/22 14:30,407.9,11.51,,,,,
467,10/20/22 15:00,408.3,11.53,,,,,
468,10/20/22 15:30,409,11.58,,,,,
469,10/20/22 16:00,408.3,11.54,,,,,
470,10/20/22 16:30,409.4,11.62,,,,,
471,10/20/22 17:00,410.6,11.73,,,,,
472,10/20/22 17:30,411.3,11.81,,,,,
473,10/20/22 18:00,411,11.77,,,,,
474,10/20/22 18:30,411,11.77,,,,,
475,10/20/22 19:00,410.6,11.71,,,,,
476,10/20/22 19:30,411.4,11.78,,,,,
477,10/20/22 20:00,409.8,11.66,,,,,
478,10/20/22 20:30,410.2,11.68,,,,,
479,10/20/22 21:00,409,11.59,,,,,
480,10/20/22 21:30,410.2,11.69,,,,,
481,10/20/22 22:00,410.2,11.75,,,,,
482,10/20/22 22:30,410.2,11.69,,,,,
483,10/20/22 23:00,409.4,11.67,,,,,
484,10/20/22 23:30,409,11.62,,,,,
485,10/21/22 0:00,409,11.58,,,,,
486,10/21/22 0:30,408.6,11.58,,,,,
487,10/21/22 1:00,408.7,11.53,,,,,
488,10/21/22 1:30,531.8,11.53,,,,,
489,10/21/22 2:00,408.3,11.53,,,,,
490,10/21/22 2:30,407.9,11.51,,,,,
491,10/21/22 3:00,407.9,11.47,,,,,
492,10/21/22 3:30,407.9,11.49,,,,,
493,10/21/22 4:00,408.3,11.47,,,,,
494,10/21/22 4:30,385.8,11.47,,,,,
495,10/21/22 5:00,405.1,11.5,,,,,
496,10/21/22 5:30,407.9,11.5,,,,,
497,10/21/22 6:00,407.9,11.5,,,,,
498,10/21/22 6:30,407.9,11.44,,,,,
499,10/21/22 7:00,407.5,11.38,,,,,
500,10/21/22 7:30,406.7,11.36,,,,,
501,10/21/22 8:00,406,11.29,,,,,
502,10/21/22 8:30,405.6,11.27,,,,,
503,10/21/22 9:00,406.4,11.28,,,,,
504,10/21/22 9:30,407.2,11.29,,,,,
505,10/21/22 10:00,406.8,11.26,,,,,
506,10/21/22 10:30,406.8,11.24,,,,,
507,10/21/22 11:00,406.8,11.18,,,,,
508,10/21/22 11:30,406.9,11.02,,,,,
509,10/21/22 12:00,406.9,10.96,,,,,
510,10/21/22 12:30,408.1,11.06,,,,,
511,10/21/22 13:00,408.4,11.16,,,,,
512,10/21/22 13:30,408.8,11.2,,,,,
513,10/21/22 14:00,408.8,11.26,,,,,
514,10/21/22 14:30,447.3,11.37,,,,,
515,10/21/22 15:00,422.3,11.5,,,,,
516,10/21/22 15:30,412.7,11.56,,,,,
517,10/21/22 16:00,413.4,11.71,,,,,
518,10/21/22 16:30,414.2,11.72,,,,,
519,10/21/22 17:00,414.1,11.87,,,,,
520,10/21/22 17:30,417.4,11.77,,,,,
521,10/21/22 18:00,415.4,11.75,,,,,
522,10/21/22 18:30,415,11.76,,,,,
523,10/21/22 19:00,414.2,11.78,,,,,
524,10/21/22 19:30,415,11.71,,,,,
525,10/21/22 20:00,415.4,11.62,,,,,
526,10/21/22 20:30,414.6,11.67,,,,,
527,10/21/22 21:00,413.8,11.67,,,,,
528,10/21/22 21:30,412.2,11.62,,,,,
529,10/21/22 22:00,407.8,11.63,,,,,
530,10/21/22 22:30,410.2,11.63,,,,,
531,10/21/22 23:00,410.2,11.63,,,,,
532,10/21/22 23:30,410.2,11.6,,,,,
533,10/22/22 0:00,410.2,11.6,,,,,
534,10/22/22 0:30,409.8,11.59,,,,,
535,10/22/22 1:00,410.2,11.56,,,,,
536,10/22/22 1:30,410.2,11.56,,,,,
537,10/22/22 2:00,410.2,11.56,,,,,
538,10/22/22 2:30,410.3,11.55,,,,,
539,10/22/22 3:00,410.3,11.54,,,,,
540,10/22/22 3:30,410.3,11.51,,,,,
541,10/22/22 4:00,411.1,11.5,,,,,
542,10/22/22 4:30,411,11.59,,,,,
543,10/22/22 5:00,411.4,11.56,,,,,
544,10/22/22 5:30,412.2,11.6,,,,,
545,10/22/22 6:00,413,11.63,,,,,
546,10/22/22 6:30,413,11.64,,,,,
547,10/22/22 7:00,413.4,11.67,,,,,
548,10/22/22 7:30,413.4,11.68,,,,,
549,10/22/22 8:00,412.6,11.68,,,,,
550,10/22/22 8:30,411.4,11.68,,,,,
551,10/22/22 9:00,411.4,11.69,,,,,
552,10/22/22 9:30,411.4,11.69,,,,,
553,10/22/22 10:00,411.4,11.71,,,,,
554,10/22/22 10:30,411.8,11.75,,,,,
555,10/22/22 11:00,411.8,11.77,,,,,
556,10/22/22 11:30,412.5,11.82,,,,,
557,10/22/22 12:00,413.3,11.85,,,,,
558,10/22/22 12:30,412.9,11.87,,,,,
559,10/22/22 13:00,413.7,11.94,,,,,
560,10/22/22 13:30,413.7,11.96,,,,,
561,10/22/22 14:00,414.4,12.04,,,,,
562,10/22/22 14:30,414.4,12.04,,,,,
563,10/22/22 15:00,415.2,12.13,,,,,
564,10/22/22 15:30,415.2,12.13,,,,,
565,10/22/22 16:00,415.6,12.17,,,,,
566,10/22/22 16:30,415.6,12.17,,,,,
567,10/22/22 17:00,415.6,12.2,,,,,
568,10/22/22 17:30,415.6,12.18,,,,,
569,10/22/22 18:00,415.6,12.17,,,,,
570,10/22/22 18:30,415.6,12.16,,,,,
571,10/22/22 19:00,414.8,12.15,,,,,
572,10/22/22 19:30,415.2,12.16,,,,,
573,10/22/22 20:00,415.2,12.11,,,,,
574,10/22/22 20:30,415.2,12.12,,,,,
575,10/22/22 21:00,415.2,12.12,,,,,
576,10/22/22 21:30,414.4,12.11,,,,,
577,10/22/22 22:00,414.4,12.11,,,,,
578,10/22/22 22:30,414.4,12.11,,,,,
579,10/22/22 23:00,414.4,12.11,,,,,
580,10/22/22 23:30,414.4,12.09,,,,,
581,10/23/22 0:00,414.4,12.08,,,,,
582,10/23/22 0:30,414.4,12.09,,,,,
583,10/23/22 1:00,414,12.09,,,,,
584,10/23/22 1:30,414.4,12.11,,,,,
585,10/23/22 2:00,414.4,12.12,,,,,
586,10/23/22 2:30,414.8,12.13,,,,,
587,10/23/22 3:00,414.4,12.15,,,,,
588,10/23/22 3:30,414.4,12.12,,,,,
589,10/23/22 4:00,413.3,12.03,,,,,
590,10/23/22 4:30,413.6,12.04,,,,,
591,10/23/22 5:00,413.6,12.08,,,,,
592,10/23/22 5:30,414,12.11,,,,,
593,10/23/22 6:00,414,12.12,,,,,
594,10/23/22 6:30,414.4,12.11,,,,,
595,10/23/22 7:00,414.4,12.11,,,,,
596,10/23/22 7:30,414.4,12.08,,,,,
597,10/23/22 8:00,414.4,12.08,,,,,
598,10/23/22 8:30,414.8,12.08,,,,,
599,10/23/22 9:00,414.8,12.09,,,,,
600,10/23/22 9:30,415.2,12.11,,,,,
601,10/23/22 10:00,415.6,12.15,,,,,
602,10/23/22 10:30,416,12.2,,,,,
603,10/23/22 11:00,416,12.21,,,,,
604,10/23/22 11:30,416.4,12.27,,,,,
605,10/23/22 12:00,416.3,12.29,,,,,
606,10/23/22 12:30,416.7,12.34,,,,,
607,10/23/22 13:00,417.5,12.39,,,,,
608,10/23/22 13:30,417.9,12.43,,,,,
609,10/23/22 14:00,417.9,12.44,,,,,
610,10/23/22 14:30,418.7,12.46,,,,,
611,10/23/22 15:00,418.7,12.49,,,,,
612,10/23/22 15:30,418.7,12.48,,,,,
613,10/23/22 16:00,419.1,12.44,,,,,
614,10/23/22 16:30,418.7,12.46,,,,,
615,10/23/22 17:00,418.7,12.43,,,,,
616,10/23/22 17:30,418.7,12.43,,,,,
617,10/23/22 18:00,418.7,12.4,,,,,
618,10/23/22 18:30,419.1,12.43,,,,,
619,10/23/22 19:00,419.1,12.43,,,,,
620,10/23/22 19:30,418.7,12.4,,,,,
621,10/23/22 20:00,418.7,12.39,,,,,
622,10/23/22 20:30,418.7,12.42,,,,,
623,10/23/22 21:00,418.7,12.42,,,,,
624,10/23/22 21:30,419.1,12.44,,,,,
625,10/23/22 22:00,418.7,12.43,,,,,
626,10/23/22 22:30,418.7,12.4,,,,,
627,10/23/22 23:00,418.7,12.42,,,,,
628,10/23/22 23:30,419.1,12.42,,,,,
629,10/24/22 0:00,419.1,12.46,,,,,
630,10/24/22 0:30,419.1,12.48,,,,,
631,10/24/22 1:00,419.5,12.48,,,,,
632,10/24/22 1:30,419.5,12.48,,,,,
633,10/24/22 2:00,419.5,12.47,,,,,
634,10/24/22 2:30,419.5,12.47,,,,,
635,10/24/22 3:00,419.5,12.48,,,,,
636,10/24/22 3:30,419.5,12.49,,,,,
637,10/24/22 4:00,419.5,12.51,,,,,
638,10/24/22 4:30,419.9,12.52,,,,,
639,10/24/22 5:00,419.8,12.55,,,,,
640,10/24/22 5:30,419.4,12.53,,,,,
641,10/24/22 6:00,419.8,12.55,,,,,
642,10/24/22 6:30,419.8,12.53,,,,,
643,10/24/22 7:00,419.8,12.55,,,,,
644,10/24/22 7:30,419.8,12.55,,,,,
645,10/24/22 8:00,420.2,12.55,,,,,
646,10/24/22 8:30,420.2,12.55,,,,,
647,10/24/22 9:00,419.8,12.57,,,,,
648,10/24/22 9:30,420.6,12.61,,,,,
649,10/24/22 10:00,420.6,12.61,,,,,
650,10/24/22 10:30,420.6,12.64,,,,,
651,10/24/22 11:00,421.4,12.66,,,,,
652,10/24/22 11:30,421.4,12.69,,,,,
653,10/24/22 12:00,421.4,12.73,,,,,
654,10/24/22 12:30,421.7,12.76,,,,,
655,10/24/22 13:00,422.5,12.8,,,,,
656,10/24/22 13:30,422.9,12.87,,,,,
657,10/24/22 14:00,422.5,12.86,,,,,
658,10/24/22 14:30,422.9,12.87,,,,,
659,10/24/22 15:00,423.3,12.89,,,,,
660,10/24/22 15:30,423.3,12.91,,,,,
661,10/24/22 16:00,423.3,12.91,,,,,
662,10/24/22 16:30,422.5,12.82,,,,,
663,10/24/22 17:00,422.2,12.74,,,,,
664,10/24/22 17:30,421.4,12.7,,,,,
665,10/24/22 18:00,421.4,12.62,,,,,
666,10/24/22 18:30,421.4,12.64,,,,,
667,10/24/22 19:00,421.4,12.66,,,,,
668,10/24/22 19:30,421.8,12.7,,,,,
669,10/24/22 20:00,422.6,12.75,,,,,
670,10/24/22 20:30,422.5,12.83,,,,,
671,10/24/22 21:00,423.3,12.86,,,,,
672,10/24/22 21:30,423.3,12.86,,,,,
673,10/24/22 22:00,423.3,12.88,,,,,
674,10/24/22 22:30,424.1,12.93,,,,,
675,10/24/22 23:00,424.5,12.95,,,,,
676,10/24/22 23:30,424.9,12.98,,,,,
677,10/25/22 0:00,425.2,13.01,,,,,
678,10/25/22 0:30,425.3,12.96,,,,,
679,10/25/22 1:00,446.1,12.95,,,,,
680,10/25/22 1:30,424.5,12.98,,,,,
681,10/25/22 2:00,425.2,13.06,,,,,
682,10/25/22 2:30,426.8,13.2,,,,,
683,10/25/22 3:00,427.1,13.33,,,,,
684,10/25/22 3:30,443.9,14.22,,,,,
685,10/25/22 4:00,431.5,13.45,,,,,
686,10/25/22 4:30,428.4,13.04,,,,,
687,10/25/22 5:00,423.4,12.76,,,,,
688,10/25/22 5:30,422.6,12.73,,,,,
689,10/25/22 6:00,392.9,12.78,,,,,
690,10/25/22 6:30,423.3,12.82,,,,,
691,10/25/22 7:00,423.7,12.86,,,,,
692,10/25/22 7:30,423,12.76,,,,,
693,10/25/22 8:00,422.6,12.73,,,,,
694,10/25/22 8:30,422.6,12.71,,,,,
695,10/25/22 9:00,422.6,12.7,,,,,
696,10/25/22 9:30,422.2,12.66,,,,,
697,10/25/22 10:00,421.4,12.64,,,,,
698,10/25/22 10:30,420.6,12.57,,,,,
699,10/25/22 11:00,420.6,12.56,,,,,
700,10/25/22 11:30,420.2,12.53,,,,,
701,10/25/22 12:00,420.2,12.53,,,,,
702,10/25/22 12:30,419.9,12.51,,,,,
703,10/25/22 13:00,420.6,12.57,,,,,
704,10/25/22 13:30,420.6,12.56,,,,,
705,10/25/22 14:00,420.6,12.55,,,,,
706,10/25/22 14:30,420.6,12.56,,,,,
707,10/25/22 15:00,420.2,12.55,,,,,
708,10/25/22 15:30,420.3,12.51,,,,,
709,10/25/22 16:00,419.5,12.49,,,,,
710,10/25/22 16:30,419.5,12.51,,,,,
711,10/25/22 17:00,419.5,12.48,,,,,
712,10/25/22 17:30,419.1,12.47,,,,,
713,10/25/22 18:00,418.7,12.46,,,,,
714,10/25/22 18:30,418.3,12.42,,,,,
715,10/25/22 19:00,418.3,12.39,,,,,
716,10/25/22 19:30,417.5,12.34,,,,,
717,10/25/22 20:00,417.1,12.33,,,,,
718,10/25/22 20:30,417.1,12.31,,,,,
719,10/25/22 21:00,416.8,12.27,,,,,
720,10/25/22 21:30,416.4,12.24,,,,,
721,10/25/22 22:00,416,12.18,,,,,
722,10/25/22 22:30,415.2,12.13,,,,,
723,10/25/22 23:00,416.4,12.15,,,,,
724,10/25/22 23:30,416.4,12.17,,,,,
725,10/26/22 0:00,417.2,12.2,,,,,
726,10/26/22 0:30,416.4,12.15,,,,,
727,10/26/22 1:00,415.6,12.09,,,,,
728,10/26/22 1:30,414.4,12.07,,,,,
729,10/26/22 2:00,415.6,12.15,,,,,
730,10/26/22 2:30,416.4,12.16,,,,,
731,10/26/22 3:00,416,12.15,,,,,
732,10/26/22 3:30,416.4,12.16,,,,,
733,10/26/22 4:00,416.4,12.13,,,,,
734,10/26/22 4:30,416.4,12.13,,,,,
735,10/26/22 5:00,414.9,11.99,,,,,
736,10/26/22 5:30,415.3,11.99,,,,,
737,10/26/22 6:00,415.3,11.99,,,,,
738,10/26/22 6:30,415.7,12.02,,,,,
739,10/26/22 7:00,416.1,12.04,,,,,
740,10/26/22 7:30,415.7,11.99,,,,,
741,10/26/22 8:00,415.3,11.99,,,,,
742,10/26/22 8:30,415.7,12,,,,,
743,10/26/22 9:00,415.3,12.02,,,,,
744,10/26/22 9:30,415.7,12.03,,,,,
745,10/26/22 10:00,416,12.08,,,,,
746,10/26/22 10:30,416.4,12.13,,,,,
747,10/26/22 11:00,416.8,12.15,,,,,
748,10/26/22 11:30,417.2,12.2,,,,,
749,10/26/22 12:00,417.2,12.25,,,,,
750,10/26/22 12:30,418,12.27,,,,,
751,10/26/22 13:00,418.3,12.3,,,,,
752,10/26/22 13:30,419.1,12.35,,,,,
753,10/26/22 14:00,418.7,12.34,,,,,
754,10/26/22 14:30,419.1,12.36,,,,,
755,10/26/22 15:00,419.5,12.35,,,,,
756,10/26/22 15:30,418.3,12.35,,,,,
757,10/26/22 16:00,419.9,12.35,,,,,
758,10/26/22 16:30,420.3,12.35,,,,,
759,10/26/22 17:00,419.9,12.33,,,,,
760,10/26/22 17:30,420.3,12.31,,,,,
761,10/26/22 18:00,420,12.27,,,,,
762,10/26/22 18:30,419.6,12.26,,,,,
763,10/26/22 19:00,418.8,12.21,,,,,
764,10/26/22 19:30,418.4,12.18,,,,,
765,10/26/22 20:00,418.4,12.17,,,,,
766,10/26/22 20:30,418,12.15,,,,,
767,10/26/22 21:00,418,12.15,,,,,
768,10/26/22 21:30,417.6,12.11,,,,,
769,10/26/22 22:00,417.2,12.09,,,,,
770,10/26/22 22:30,417.2,12.07,,,,,
771,10/26/22 23:00,416.5,12.04,,,,,
772,10/26/22 23:30,416.5,12.04,,,,,
773,10/27/22 0:00,418.9,12.02,,,,,
774,10/27/22 0:30,416.1,12,,,,,
775,10/27/22 1:00,416.1,12,,,,,
776,10/27/22 1:30,415.3,11.98,,,,,
777,10/27/22 2:00,415.3,11.98,,,,,
778,10/27/22 2:30,415.3,11.94,,,,,
779,10/27/22 3:00,415.3,11.93,,,,,
780,10/27/22 3:30,415.3,11.93,,,,,
781,10/27/22 4:00,414.5,11.9,,,,,
782,10/27/22 4:30,414.5,11.89,,,,,
783,10/27/22 5:00,415.3,11.9,,,,,
784,10/27/22 5:30,413.7,11.87,,,,,
785,10/27/22 6:00,413.7,11.82,,,,,
786,10/27/22 6:30,413.8,11.8,,,,,
787,10/27/22 7:00,413.4,11.78,,,,,
788,10/27/22 7:30,413.4,11.78,,,,,
789,10/27/22 8:00,413,11.75,,,,,
790,10/27/22 8:30,413,11.75,,,,,
791,10/27/22 9:00,413,11.75,,,,,
792,10/27/22 9:30,413,11.77,,,,,
793,10/27/22 10:00,413,11.75,,,,,
794,10/27/22 10:30,413,11.73,,,,,
795,10/27/22 11:00,413.4,11.76,,,,,
796,10/27/22 11:30,413.4,11.78,,,,,
797,10/27/22 12:00,414.5,11.9,,,,,
798,10/27/22 12:30,414.1,11.86,,,,,
799,10/27/22 13:00,413.7,11.84,,,,,
800,10/27/22 13:30,415.7,12,,,,,
801,10/27/22 14:00,416.4,12.07,,,,,
802,10/27/22 14:30,417.2,12.15,,,,,
803,10/27/22 15:00,418,12.2,,,,,
804,10/27/22 15:30,418.4,12.25,,,,,
805,10/27/22 16:00,418.4,12.22,,,,,
806,10/27/22 16:30,418.8,12.26,,,,,
807,10/27/22 17:00,418.4,12.24,,,,,
808,10/27/22 17:30,418.4,12.24,,,,,
809,10/27/22 18:00,418.4,12.21,,,,,
810,10/27/22 18:30,418,12.21,,,,,
811,10/27/22 19:00,418,12.2,,,,,
812,10/27/22 19:30,418,12.18,,,,,
813,10/27/22 20:00,436.5,12.17,,,,,
814,10/27/22 20:30,417.2,12.15,,,,,
815,10/27/22 21:00,452.1,12.13,,,,,
816,10/27/22 21:30,417.2,12.11,,,,,
817,10/27/22 22:00,416.4,12.09,,,,,
818,10/27/22 22:30,416,12.09,,,,,
819,10/27/22 23:00,415.6,12.08,,,,,
820,10/27/22 23:30,415.6,12.08,,,,,
821,10/28/22 0:00,416.8,12.07,,,,,
822,10/28/22 0:30,416.4,12.06,,,,,
823,10/28/22 1:00,416.5,12.03,,,,,
824,10/28/22 1:30,416.5,12.04,,,,,
825,10/28/22 2:00,416.5,12.03,,,,,
826,10/28/22 2:30,416.5,12.02,,,,,
827,10/28/22 3:00,416.5,12.03,,,,,
828,10/28/22 3:30,416.5,12.03,,,,,
829,10/28/22 4:00,416.1,11.99,,,,,
830,10/28/22 4:30,416.1,11.99,,,,,
831,10/28/22 5:00,416.1,11.99,,,,,
832,10/28/22 5:30,415.7,11.98,,,,,
833,10/28/22 6:00,416.1,12,,,,,
834,10/28/22 6:30,415.7,11.96,,,,,
835,10/28/22 7:00,415.3,11.96,,,,,
836,10/28/22 7:30,415.3,11.96,,,,,
837,10/28/22 8:00,415.3,11.91,,,,,
838,10/28/22 8:30,415.3,11.94,,,,,
839,10/28/22 9:00,415.3,11.94,,,,,
840,10/28/22 9:30,415.3,11.95,,,,,
841,10/28/22 10:00,415.3,11.99,,,,,
842,10/28/22 10:30,459.8,12,,,,,
843,10/28/22 11:00,416.5,12.03,,,,,
844,10/28/22 11:30,416.5,12.02,,,,,
845,10/28/22 12:00,416.1,12.02,,,,,
846,10/28/22 12:30,416.5,12.02,,,,,
847,10/28/22 13:00,416.5,12.04,,,,,
848,10/28/22 13:30,416.1,12.03,,,,,
849,10/28/22 14:00,416,12.06,,,,,
850,10/28/22 14:30,416.5,12.03,,,,,
851,10/28/22 15:00,416.4,12.06,,,,,
852,10/28/22 15:30,416.1,12.03,,,,,
853,10/28/22 16:00,416.1,12.03,,,,,
854,10/28/22 16:30,416.1,12,,,,,
855,10/28/22 17:00,416.1,12,,,,,
856,10/28/22 17:30,416.1,12,,,,,
857,10/28/22 18:00,416.1,12.03,,,,,
858,10/28/22 18:30,416.5,12.04,,,,,
859,10/28/22 19:00,416.4,12.06,,,,,
860,10/28/22 19:30,416.5,12.04,,,,,
861,10/28/22 20:00,416.4,12.06,,,,,
862,10/28/22 20:30,416.5,12.04,,,,,
863,10/28/22 21:00,416.4,12.06,,,,,
864,10/28/22 21:30,416.4,12.06,,,,,
865,10/28/22 22:00,416.4,12.06,,,,,
866,10/28/22 22:30,416.5,12.03,,,,,
867,10/28/22 23:00,416.5,12.03,,,,,
868,10/28/22 23:30,432.1,12.04,,,,,
869,10/29/22 0:00,416.8,12.11,,,,,
870,10/29/22 0:30,415.2,12.07,,,,,
871,10/29/22 1:00,455.8,12.06,,,,,
872,10/29/22 1:30,417.3,12.03,,,,,
873,10/29/22 2:00,416.5,12.02,,,,,
874,10/29/22 2:30,418.5,12,,,,,
875,10/29/22 3:00,416.9,11.98,,,,,
876,10/29/22 3:30,416.9,11.96,,,,,
877,10/29/22 4:00,417.3,11.96,,,,,
878,10/29/22 4:30,416.9,11.95,,,,,
879,10/29/22 5:00,417.3,11.94,,,,,
880,10/29/22 5:30,417.3,11.93,,,,,
881,10/29/22 6:00,416.9,11.91,,,,,
882,10/29/22 6:30,416.9,11.9,,,,,
883,10/29/22 7:00,416.9,11.87,,,,,
884,10/29/22 7:30,443.4,11.86,,,,,
885,10/29/22 8:00,416.5,11.85,,,,,
886,10/29/22 8:30,416.5,11.85,,,,,
887,10/29/22 9:00,416.5,11.84,,,,,
888,10/29/22 9:30,416.5,11.85,,,,,
889,10/29/22 10:00,416.5,11.86,,,,,
890,10/29/22 10:30,416.9,11.86,,,,,
891,10/29/22 11:00,416.9,11.91,,,,,
892,10/29/22 11:30,416.9,11.9,,,,,
893,10/29/22 12:00,417.3,11.96,,,,,
894,10/29/22 12:30,417.3,11.99,,,,,
895,10/29/22 13:00,416.9,12.02,,,,,
896,10/29/22 13:30,416.9,12.03,,,,,
897,10/29/22 14:00,416.4,12.06,,,,,
898,10/29/22 14:30,416.4,12.06,,,,,
899,10/29/22 15:00,416.4,12.06,,,,,
900,10/29/22 15:30,416,12.06,,,,,
901,10/29/22 16:00,416.4,12.06,,,,,
902,10/29/22 16:30,416.4,12.07,,,,,
903,10/29/22 17:00,416.4,12.08,,,,,
904,10/29/22 17:30,416.4,12.09,,,,,
905,10/29/22 18:00,416.8,12.11,,,,,
906,10/29/22 18:30,420.3,12.42,,,,,
907,10/29/22 19:00,418.8,12.29,,,,,
908,10/29/22 19:30,419.5,12.35,,,,,
909,10/29/22 20:00,420.3,12.39,,,,,
910,10/29/22 20:30,421.1,12.4,,,,,
911,10/29/22 21:00,419.9,12.43,,,,,
912,10/29/22 21:30,420.3,12.4,,,,,
913,10/29/22 22:00,419.5,12.36,,,,,
914,10/29/22 22:30,419.5,12.36,,,,,
915,10/29/22 23:00,432,12.3,,,,,
916,10/29/22 23:30,441.6,12.27,,,,,
917,10/30/22 0:00,438.4,12.25,,,,,
918,10/30/22 0:30,459.3,12.25,,,,,
919,10/30/22 1:00,453.3,12.24,,,,,
920,10/30/22 1:30,393.1,12.22,,,,,
921,10/30/22 2:00,431.6,12.22,,,,,
922,10/30/22 2:30,359.6,12.21,,,,,
923,10/30/22 3:00,418.4,12.2,,,,,
924,10/30/22 3:30,418,12.2,,,,,
925,10/30/22 4:00,418,12.18,,,,,
926,10/30/22 4:30,417.6,12.18,,,,,
927,10/30/22 5:00,417.6,12.17,,,,,
928,10/30/22 5:30,417.6,12.16,,,,,
929,10/30/22 6:00,417.2,12.15,,,,,
930,10/30/22 6:30,417.2,12.15,,,,,
931,10/30/22 7:00,417.2,12.13,,,,,
932,10/30/22 7:30,417.6,12.13,,,,,
933,10/30/22 8:00,417.2,12.11,,,,,
934,10/30/22 8:30,417.2,12.11,,,,,
935,10/30/22 9:00,417.2,12.11,,,,,
936,10/30/22 9:30,417.2,12.11,,,,,
937,10/30/22 10:00,417.2,12.12,,,,,
938,10/30/22 10:30,417.2,12.09,,,,,
939,10/30/22 11:00,416.8,12.08,,,,,
940,10/30/22 11:30,416.8,12.09,,,,,
941,10/30/22 12:00,416.8,12.08,,,,,
942,10/30/22 12:30,417.2,12.11,,,,,
943,10/30/22 13:00,417.6,12.13,,,,,
944,10/30/22 13:30,417.6,12.17,,,,,
945,10/30/22 14:00,417.6,12.18,,,,,
946,10/30/22 14:30,418,12.21,,,,,
947,10/30/22 15:00,417.6,12.22,,,,,
948,10/30/22 15:30,418.8,12.26,,,,,
949,10/30/22 16:00,418.8,12.24,,,,,
950,10/30/22 16:30,418.8,12.27,,,,,
951,10/30/22 17:00,418.8,12.29,,,,,
952,10/30/22 17:30,419.1,12.3,,,,,
953,10/30/22 18:00,418.8,12.27,,,,,
954,10/30/22 18:30,419.5,12.46,,,,,
955,10/30/22 19:00,419.5,12.35,,,,,
956,10/30/22 19:30,418.8,12.27,,,,,
957,10/30/22 20:00,418.8,12.25,,,,,
958,10/30/22 20:30,418.8,12.24,,,,,
959,10/30/22 21:00,418.8,12.24,,,,,
960,10/30/22 21:30,418.4,12.2,,,,,
961,10/30/22 22:00,417.6,12.17,,,,,
962,10/30/22 22:30,417.2,12.13,,,,,
963,10/30/22 23:00,417.2,12.15,,,,,
964,10/30/22 23:30,417.6,12.16,,,,,
965,10/31/22 0:00,417.2,12.13,,,,,
966,10/31/22 0:30,426.5,12.08,,,,,
967,10/31/22 1:00,417.2,12.11,,,,,
968,10/31/22 1:30,416.8,12.08,,,,,
969,10/31/22 2:00,416.8,12.07,,,,,
970,10/31/22 2:30,416.5,12.04,,,,,
971,10/31/22 3:00,417.2,12.11,,,,,
972,10/31/22 3:30,416.4,12.08,,,,,
973,10/31/22 4:00,417.2,12.15,,,,,
974,10/31/22 4:30,416.4,12.06,,,,,
975,10/31/22 5:00,417.3,12.02,,,,,
976,10/31/22 5:30,418,12.17,,,,,
977,10/31/22 6:00,417.6,12.11,,,,,
978,10/31/22 6:30,418,12.2,,,,,
979,10/31/22 7:00,417.6,12.08,,,,,
980,10/31/22 7:30,417.6,12.07,,,,,
981,10/31/22 8:00,417.3,12.03,,,,,
982,10/31/22 8:30,417.3,12.06,,,,,
983,10/31/22 9:00,417.3,12.04,,,,,
984,10/31/22 9:30,417.6,12.08,,,,,
985,10/31/22 10:00,417.7,12.06,,,,,
986,10/31/22 10:30,417.7,12.06,,,,,
987,10/31/22 11:00,417.6,12.07,,,,,
988,10/31/22 11:30,417.6,12.08,,,,,
989,10/31/22 12:00,417.6,12.09,,,,,
990,10/31/22 12:30,418.8,12.11,,,,,
991,10/31/22 13:00,420.8,12.13,,,,,
992,10/31/22 13:30,421.2,12.12,,,,,
993,10/31/22 14:00,423.6,12.18,,,,,
994,10/31/22 14:30,424,12.18,,,,,
995,10/31/22 15:00,423.6,12.16,,,,,
996,10/31/22 15:30,424,12.18,,,,,
997,10/31/22 16:00,424.8,12.16,,,,,
998,10/31/22 16:30,422.8,12.22,,,,,
999,10/31/22 17:00,424.3,12.33,,,,,
1000,10/31/22 17:30,423.9,12.39,,,,,
1001,10/31/22 18:00,423.9,12.44,,,,,
1002,10/31/22 18:30,423.5,12.44,,,,,
1003,10/31/22 19:00,421.1,12.35,,,,,
1004,10/31/22 19:30,420.4,12.3,,,,,
1005,10/31/22 20:00,419.6,12.24,,,,,
1006,10/31/22 20:30,420.8,12.21,,,,,
1007,10/31/22 21:00,420,12.16,,,,,
1008,10/31/22 21:30,421.6,12.26,,,,,
1009,10/31/22 22:00,422.8,12.18,,,,,
1010,10/31/22 22:30,418.8,12.16,,,,,
1011,10/31/22 23:00,419.6,12.16,,,,,
1012,10/31/22 23:30,422.8,12.15,,,,,
1013,11/1/22 0:00,421.6,12.16,,,,,
1014,11/1/22 0:30,420,12.13,,,,,
1015,11/1/22 1:00,420,12.12,,,,,
1016,11/1/22 1:30,420.8,12.13,,,,,
1017,11/1/22 2:00,422.8,12.13,,,,,
1018,11/1/22 2:30,420.8,12.12,,,,,
1019,11/1/22 3:00,420.8,12.12,,,,,
1020,11/1/22 3:30,420.8,12.09,,,,,
1021,11/1/22 4:00,422,12.11,,,,,
1022,11/1/22 4:30,425.2,12.11,,,,,
1023,11/1/22 5:00,425.3,12.09,,,,,
1024,11/1/22 5:30,424,12.13,,,,,
1025,11/1/22 6:00,420.8,12.12,,,,,
1026,11/1/22 6:30,419.2,12.12,,,,,
1027,11/1/22 7:00,419.2,12.09,,,,,
1028,11/1/22 7:30,420,12.09,,,,,
1029,11/1/22 8:00,421.2,12.08,,,,,
1030,11/1/22 8:30,422.9,12.08,,,,,
1031,11/1/22 9:00,422.9,12.08,,,,,
1032,11/1/22 9:30,422.9,12.08,,,,,
1033,11/1/22 10:00,422.9,12.07,,,,,
1034,11/1/22 10:30,422.9,12.07,,,,,
1035,11/1/22 11:00,424.9,12.09,,,,,
1036,11/1/22 11:30,425.3,12.09,,,,,
1037,11/1/22 12:00,425.6,12.12,,,,,
1038,11/1/22 12:30,425.3,12.07,,,,,
1039,11/1/22 13:00,425.3,12.09,,,,,
1040,11/1/22 13:30,426.4,12.13,,,,,
1041,11/1/22 14:00,426,12.27,,,,,
1042,11/1/22 14:30,428,12.34,,,,,
1043,11/1/22 15:00,426.7,12.39,,,,,
1044,11/1/22 15:30,425.9,12.42,,,,,
1045,11/1/22 16:00,425.9,12.46,,,,,
1046,11/1/22 16:30,421,12.6,,,,,
1047,11/1/22 17:00,423,12.55,,,,,
1048,11/1/22 17:30,423.9,12.53,,,,,
1049,11/1/22 18:00,422.7,12.52,,,,,
1050,11/1/22 18:30,421.9,12.51,,,,,
1051,11/1/22 19:00,421.5,12.47,,,,,
1052,11/1/22 19:30,422.3,12.43,,,,,
1053,11/1/22 20:00,423.1,12.4,,,,,
1054,11/1/22 20:30,422.7,12.36,,,,,
1055,11/1/22 21:00,422.7,12.33,,,,,
1056,11/1/22 21:30,422.8,12.3,,,,,
1057,11/1/22 22:00,422,12.26,,,,,
1058,11/1/22 22:30,421.6,12.24,,,,,
1059,11/1/22 23:00,421.6,12.21,,,,,
1060,11/1/22 23:30,421.6,12.2,,,,,
1061,11/2/22 0:00,421.6,12.18,,,,,
1062,11/2/22 0:30,419.6,12.16,,,,,
1063,11/2/22 1:00,420.4,12.16,,,,,
1064,11/2/22 1:30,420,12.15,,,,,
1065,11/2/22 2:00,418.8,12.12,,,,,
1066,11/2/22 2:30,420,12.12,,,,,
1067,11/2/22 3:00,419.6,12.11,,,,,
1068,11/2/22 3:30,419.6,12.08,,,,,
1069,11/2/22 4:00,419.6,12.09,,,,,
1070,11/2/22 4:30,419.7,12.07,,,,,
1071,11/2/22 5:00,419.7,12.07,,,,,
1072,11/2/22 5:30,419.7,12.07,,,,,
1073,11/2/22 6:00,420.1,12.07,,,,,
1074,11/2/22 6:30,419.7,12.07,,,,,
1075,11/2/22 7:00,419.7,12.07,,,,,
1076,11/2/22 7:30,419.7,12.06,,,,,
1077,11/2/22 8:00,419.7,12.06,,,,,
1078,11/2/22 8:30,419.7,12.06,,,,,
1079,11/2/22 9:00,420,12.09,,,,,
1080,11/2/22 9:30,420,12.12,,,,,
1081,11/2/22 10:00,420,12.13,,,,,
1082,11/2/22 10:30,420,12.16,,,,,
1083,11/2/22 11:00,419.2,12.22,,,,,
1084,11/2/22 11:30,420,12.25,,,,,
1085,11/2/22 12:00,419.6,12.25,,,,,
1086,11/2/22 12:30,420.8,12.25,,,,,
1087,11/2/22 13:00,426.8,12.26,,,,,
1088,11/2/22 13:30,436.4,12.38,,,,,
1089,11/2/22 14:00,387,12.48,,,,,
1090,11/2/22 14:30,481.7,12.49,,,,,
1091,11/2/22 15:00,419.8,12.56,,,,,
1092,11/2/22 15:30,419.4,12.53,,,,,
1093,11/2/22 16:00,419.8,12.57,,,,,
1094,11/2/22 16:30,419.8,12.56,,,,,
1095,11/2/22 17:00,422.2,12.56,,,,,
1096,11/2/22 17:30,419.8,12.55,,,,,
1097,11/2/22 18:00,419.4,12.56,,,,,
1098,11/2/22 18:30,419.4,12.56,,,,,
1099,11/2/22 19:00,419.4,12.58,,,,,
1100,11/2/22 19:30,419.4,12.58,,,,,
1101,11/2/22 20:00,419.4,12.58,,,,,
1102,11/2/22 20:30,419.4,12.55,,,,,
1103,11/2/22 21:00,419.4,12.53,,,,,
1104,11/2/22 21:30,419.1,12.47,,,,,
1105,11/2/22 22:00,418.7,12.43,,,,,
1106,11/2/22 22:30,418.7,12.43,,,,,
1107,11/2/22 23:00,418.3,12.4,,,,,
1108,11/2/22 23:30,418.7,12.4,,,,,
1109,11/3/22 0:00,418.7,12.4,,,,,
1110,11/3/22 0:30,418.7,12.39,,,,,
1111,11/3/22 1:00,418.7,12.36,,,,,
1112,11/3/22 1:30,418.7,12.34,,,,,
1113,11/3/22 2:00,417.9,12.33,,,,,
1114,11/3/22 2:30,417.9,12.33,,,,,
1115,11/3/22 3:00,417.9,12.33,,,,,
1116,11/3/22 3:30,417.9,12.3,,,,,
1117,11/3/22 4:00,417.6,12.27,,,,,
1118,11/3/22 4:30,417.5,12.29,,,,,
1119,11/3/22 5:00,417.5,12.3,,,,,
1120,11/3/22 5:30,417.5,12.29,,,,,
1121,11/3/22 6:00,417.5,12.3,,,,,
1122,11/3/22 6:30,417.6,12.27,,,,,
1123,11/3/22 7:00,417.5,12.3,,,,,
1124,11/3/22 7:30,428.8,12.29,,,,,
1125,11/3/22 8:00,415.1,12.29,,,,,
1126,11/3/22 8:30,416.3,12.31,,,,,
1127,11/3/22 9:00,416.3,12.33,,,,,
1128,11/3/22 9:30,416.3,12.34,,,,,
1129,11/3/22 10:00,416.3,12.36,,,,,
1130,11/3/22 10:30,416.3,12.4,,,,,
1131,11/3/22 11:00,416.7,12.43,,,,,
1132,11/3/22 11:30,416.7,12.48,,,,,
1133,11/3/22 12:00,416.7,12.49,,,,,
1134,11/3/22 12:30,417.4,12.55,,,,,
1135,11/3/22 13:00,417.4,12.57,,,,,
1136,11/3/22 13:30,417.8,12.64,,,,,
1137,11/3/22 14:00,418.2,12.66,,,,,
1138,11/3/22 14:30,418.6,12.69,,,,,
1139,11/3/22 15:00,419.4,12.71,,,,,
1140,11/3/22 15:30,420.2,12.73,,,,,
1141,11/3/22 16:00,420.5,12.83,,,,,
1142,11/3/22 16:30,422.9,12.92,,,,,
1143,11/3/22 17:00,424.1,12.97,,,,,
1144,11/3/22 17:30,423.6,13,,,,,
1145,11/3/22 18:00,422.4,13,,,,,
1146,11/3/22 18:30,422.4,13,,,,,
1147,11/3/22 19:00,421.7,12.96,,,,,
1148,11/3/22 19:30,420.5,12.88,,,,,
1149,11/3/22 20:00,420.9,12.87,,,,,
1150,11/3/22 20:30,421.7,12.87,,,,,
1151,11/3/22 21:00,420.9,12.83,,,,,
1152,11/3/22 21:30,427.8,12.79,,,,,
1153,11/3/22 22:00,419.4,12.73,,,,,
1154,11/3/22 22:30,418.6,12.73,,,,,
1155,11/3/22 23:00,419.4,12.74,,,,,
1156,11/3/22 23:30,419.4,12.73,,,,,
1157,11/4/22 0:00,418.6,12.66,,,,,
1158,11/4/22 0:30,419.4,12.69,,,,,
1159,11/4/22 1:00,419.4,12.71,,,,,
1160,11/4/22 1:30,419.4,12.71,,,,,
1161,11/4/22 2:00,419.4,12.69,,,,,
1162,11/4/22 2:30,419,12.67,,,,,
1163,11/4/22 3:00,419.4,12.71,,,,,
1164,11/4/22 3:30,419.4,12.71,,,,,
1165,11/4/22 4:00,419.4,12.74,,,,,
1166,11/4/22 4:30,420.1,12.76,,,,,
1167,11/4/22 5:00,421.3,12.84,,,,,
1168,11/4/22 5:30,420.5,12.82,,,,,
1169,11/4/22 6:00,421.7,12.97,,,,,
1170,11/4/22 6:30,422.4,13.05,,,,,
1171,11/4/22 7:00,421.3,12.97,,,,,
1172,11/4/22 7:30,421.3,12.93,,,,,
1173,11/4/22 8:00,421.3,12.97,,,,,
1174,11/4/22 8:30,422,13.11,,,,,
1175,11/4/22 9:00,423.5,13.27,,,,,
1176,11/4/22 9:30,545.8,13.28,,,,,
1177,11/4/22 10:00,425,12.7,,,,,
1178,11/4/22 10:30,421.9,12.48,,,,,
1179,11/4/22 11:00,422.6,12.64,,,,,
1180,11/4/22 11:30,426.5,12.8,,,,,
1181,11/4/22 12:00,425.4,12.71,,,,,
1182,11/4/22 12:30,430.1,12.91,,,,,
1183,11/4/22 13:00,423.4,12.62,,,,,
1184,11/4/22 13:30,421.8,12.57,,,,,
1185,11/4/22 14:00,421.4,12.56,,,,,
1186,11/4/22 14:30,424.2,12.69,,,,,
1187,11/4/22 15:00,419.8,12.53,,,,,
1188,11/4/22 15:30,419.5,12.47,,,,,
1189,11/4/22 16:00,419.5,12.47,,,,,
1190,11/4/22 16:30,419.5,12.46,,,,,
1191,11/4/22 17:00,419.5,12.49,,,,,
1192,11/4/22 17:30,419.9,12.52,,,,,
1193,11/4/22 18:00,420.3,12.51,,,,,
1194,11/4/22 18:30,419.8,12.55,,,,,
1195,11/4/22 19:00,422.6,12.65,,,,,
1196,11/4/22 19:30,421,12.56,,,,,
1197,11/4/22 20:00,420.6,12.55,,,,,
1198,11/4/22 20:30,420.6,12.53,,,,,
1199,11/4/22 21:00,419.9,12.51,,,,,
1200,11/4/22 21:30,419.5,12.44,,,,,
1201,11/4/22 22:00,419.9,12.48,,,,,
1202,11/4/22 22:30,419.1,12.43,,,,,
1203,11/4/22 23:00,418.7,12.44,,,,,
1204,11/4/22 23:30,418.7,12.39,,,,,
1205,11/5/22 0:00,418.7,12.4,,,,,
1206,11/5/22 0:30,418.3,12.38,,,,,
1207,11/5/22 1:00,417.9,12.38,,,,,
1208,11/5/22 1:30,417.9,12.35,,,,,
1209,11/5/22 2:00,417.9,12.34,,,,,
1210,11/5/22 2:30,417.5,12.34,,,,,
1211,11/5/22 3:00,417.9,12.33,,,,,
1212,11/5/22 3:30,417.9,12.31,,,,,
1213,11/5/22 4:00,417.9,12.31,,,,,
1214,11/5/22 4:30,417.9,12.31,,,,,
1215,11/5/22 5:00,417.5,12.3,,,,,
1216,11/5/22 5:30,398.3,12.29,,,,,
1217,11/5/22 6:00,416.7,12.29,,,,,
1218,11/5/22 6:30,417.2,12.27,,,,,
1219,11/5/22 7:00,416.4,12.27,,,,,
1220,11/5/22 7:30,416.4,12.26,,,,,
1221,11/5/22 8:00,416.4,12.26,,,,,
1222,11/5/22 8:30,410.7,12.29,,,,,
1223,11/5/22 9:00,412.3,12.29,,,,,
1224,11/5/22 9:30,413.5,12.3,,,,,
1225,11/5/22 10:00,414.3,12.3,,,,,
1226,11/5/22 10:30,414.3,12.34,,,,,
1227,11/5/22 11:00,416.3,12.34,,,,,
1228,11/5/22 11:30,416.3,12.34,,,,,
1229,11/5/22 12:00,416.7,12.35,,,,,
1230,11/5/22 12:30,416.3,12.36,,,,,
1231,11/5/22 13:00,416.3,12.38,,,,,
1232,11/5/22 13:30,416.3,12.4,,,,,
1233,11/5/22 14:00,415.9,12.4,,,,,
1234,11/5/22 14:30,415.5,12.4,,,,,
1235,11/5/22 15:00,416.2,12.67,,,,,
1236,11/5/22 15:30,421,12.53,,,,,
1237,11/5/22 16:00,416.7,12.36,,,,,
1238,11/5/22 16:30,416.3,12.38,,,,,
1239,11/5/22 17:00,416.3,12.33,,,,,
1240,11/5/22 17:30,416.7,12.33,,,,,
1241,11/5/22 18:00,417.1,12.34,,,,,
1242,11/5/22 18:30,416.7,12.33,,,,,
1243,11/5/22 19:00,416.7,12.31,,,,,
1244,11/5/22 19:30,416.7,12.31,,,,,
1245,11/5/22 20:00,416.8,12.27,,,,,
1246,11/5/22 20:30,416.4,12.25,,,,,
1247,11/5/22 21:00,416.8,12.24,,,,,
1248,11/5/22 21:30,416.8,12.21,,,,,
1249,11/5/22 22:00,416.4,12.18,,,,,
1250,11/5/22 22:30,417.2,12.18,,,,,
1251,11/5/22 23:00,420.4,12.18,,,,,
1252,11/5/22 23:30,427.2,12.17,,,,,
1253,11/6/22 0:00,506.5,12.17,,,,,
1254,11/6/22 0:30,415.6,12.16,,,,,
1255,11/6/22 1:00,415.2,12.12,,,,,
1256,11/6/22 1:30,414.9,12.03,,,,,
1257,11/6/22 2:00,414.5,12,,,,,
1258,11/6/22 2:30,414.5,12.02,,,,,
1259,11/6/22 3:00,414.1,11.99,,,,,
1260,11/6/22 3:30,413.7,11.96,,,,,
1261,11/6/22 4:00,413.3,11.9,,,,,
1262,11/6/22 4:30,412.1,11.82,,,,,
1263,11/6/22 5:00,412.2,11.78,,,,,
1264,11/6/22 5:30,412.2,11.8,,,,,
1265,11/6/22 6:00,411,11.66,,,,,
1266,11/6/22 6:30,409.9,11.53,,,,,
1267,11/6/22 7:00,409.1,11.45,,,,,
1268,11/6/22 7:30,405.6,11.23,,,,,
1269,11/6/22 8:00,402.9,11,,,,,
1270,11/6/22 8:30,401.3,10.86,,,,,
1271,11/6/22 9:00,401.3,10.91,,,,,
1272,11/6/22 9:30,400.1,10.79,,,,,
1273,11/6/22 10:00,400.6,10.78,,,,,
1274,11/6/22 10:30,399,10.61,,,,,
1275,11/6/22 11:00,400.8,10.2,,,,,
1276,11/6/22 11:30,411.3,10.87,,,,,
1277,11/6/22 12:00,412.8,11.28,,,,,
1278,11/6/22 12:30,413,11.69,,,,,
1279,11/6/22 13:00,414.1,12,,,,,
1280,11/6/22 13:30,396.8,12.04,,,,,
1281,11/6/22 14:00,414.8,12.08,,,,,
1282,11/6/22 14:30,428.9,12.12,,,,,
1283,11/6/22 15:00,416.4,12.12,,,,,
1284,11/6/22 15:30,416,12.13,,,,,
1285,11/6/22 16:00,415.2,12.12,,,,,
1286,11/6/22 16:30,415.2,12.09,,,,,
1287,11/6/22 17:00,415.2,12.06,,,,,
1288,11/6/22 17:30,414.9,12.03,,,,,
1289,11/6/22 18:00,414.5,11.99,,,,,
1290,11/6/22 18:30,414.1,11.95,,,,,
1291,11/6/22 19:00,414.1,11.91,,,,,
1292,11/6/22 19:30,412.9,11.86,,,,,
1293,11/6/22 20:00,412.9,11.84,,,,,
1294,11/6/22 20:30,412.5,11.81,,,,,
1295,11/6/22 21:00,412.6,11.78,,,,,
1296,11/6/22 21:30,412.2,11.75,,,,,
1297,11/6/22 22:00,412.2,11.71,,,,,
1298,11/6/22 22:30,411.8,11.69,,,,,
1299,11/6/22 23:00,411.4,11.68,,,,,
1300,11/6/22 23:30,411.4,11.68,,,,,
1301,11/7/22 0:00,411,11.66,,,,,
1302,11/7/22 0:30,411,11.64,,,,,
1303,11/7/22 1:00,410.6,11.59,,,,,
1304,11/7/22 1:30,409.9,11.55,,,,,
1305,11/7/22 2:00,409.8,11.56,,,,,
1306,11/7/22 2:30,410.2,11.59,,,,,
1307,11/7/22 3:00,410.2,11.6,,,,,
1308,11/7/22 3:30,409.5,11.54,,,,,
1309,11/7/22 4:00,409.5,11.53,,,,,
1310,11/7/22 4:30,409.4,11.56,,,,,
1311,11/7/22 5:00,409.1,11.5,,,,,
1312,11/7/22 5:30,409.5,11.54,,,,,
1313,11/7/22 6:00,409.5,11.53,,,,,
1314,11/7/22 6:30,409.1,11.51,,,,,
1315,11/7/22 7:00,408.7,11.47,,,,,
1316,11/7/22 7:30,408.7,11.5,,,,,
1317,11/7/22 8:00,409.1,11.5,,,,,
1318,11/7/22 8:30,408.7,11.53,,,,,
1319,11/7/22 9:00,408.3,11.44,,,,,
1320,11/7/22 9:30,408.3,11.49,,,,,
1321,11/7/22 10:00,408.3,11.5,,,,,
1322,11/7/22 10:30,408.7,11.53,,,,,
1323,11/7/22 11:00,409,11.56,,,,,
1324,11/7/22 11:30,409.8,11.63,,,,,
1325,11/7/22 12:00,409.4,11.63,,,,,
1326,11/7/22 12:30,410.2,11.67,,,,,
1327,11/7/22 13:00,410.2,11.71,,,,,
1328,11/7/22 13:30,410.6,11.75,,,,,
1329,11/7/22 14:00,410.6,11.77,,,,,
1330,11/7/22 14:30,410.6,11.75,,,,,
1331,11/7/22 15:00,411,11.76,,,,,
1332,11/7/22 15:30,411.4,11.77,,,,,
1333,11/7/22 16:00,411.7,11.8,,,,,
1334,11/7/22 16:30,411,11.76,,,,,
1335,11/7/22 17:00,411,11.76,,,,,
1336,11/7/22 17:30,410.6,11.75,,,,,
1337,11/7/22 18:00,410.6,11.71,,,,,
1338,11/7/22 18:30,410.2,11.69,,,,,
1339,11/7/22 19:00,410.2,11.67,,,,,
1340,11/7/22 19:30,409.8,11.64,,,,,
1341,11/7/22 20:00,409.4,11.59,,,,,
1342,11/7/22 20:30,409.4,11.56,,,,,
1343,11/7/22 21:00,409.5,11.53,,,,,
1344,11/7/22 21:30,409.1,11.51,,,,,
1345,11/7/22 22:00,409.1,11.51,,,,,
1346,11/7/22 22:30,408.7,11.5,,,,,
1347,11/7/22 23:00,408.7,11.49,,,,,
1348,11/7/22 23:30,408.3,11.49,,,,,
1349,11/8/22 0:00,408.3,11.47,,,,,
1350,11/8/22 0:30,408.3,11.47,,,,,
1351,11/8/22 1:00,408.3,11.46,,,,,
1352,11/8/22 1:30,408.3,11.45,,,,,
1353,11/8/22 2:00,407.5,11.41,,,,,
1354,11/8/22 2:30,407.9,11.42,,,,,
1355,11/8/22 3:00,408.3,11.44,,,,,
1356,11/8/22 3:30,407.5,11.41,,,,,
1357,11/8/22 4:00,407.1,11.37,,,,,
1358,11/8/22 4:30,407.1,11.4,,,,,
1359,11/8/22 5:00,407.1,11.37,,,,,
1360,11/8/22 5:30,407.1,11.38,,,,,
1361,11/8/22 6:00,407.5,11.4,,,,,
1362,11/8/22 6:30,405.9,11.37,,,,,
1363,11/8/22 7:00,421.6,11.36,,,,,
1364,11/8/22 7:30,405.9,11.36,,,,,
1365,11/8/22 8:00,407.5,11.37,,,,,
1366,11/8/22 8:30,407.1,11.33,,,,,
1367,11/8/22 9:00,407.5,11.36,,,,,
1368,11/8/22 9:30,407.1,11.36,,,,,
1369,11/8/22 10:00,407.5,11.37,,,,,
1370,11/8/22 10:30,407.5,11.38,,,,,
1371,11/8/22 11:00,407.9,11.41,,,,,
1372,11/8/22 11:30,408.3,11.42,,,,,
1373,11/8/22 12:00,408.3,11.44,,,,,
1374,11/8/22 12:30,408.3,11.41,,,,,
1375,11/8/22 13:00,408.7,11.47,,,,,
1376,11/8/22 13:30,408.7,11.53,,,,,
1377,11/8/22 14:00,409.4,11.56,,,,,
1378,11/8/22 14:30,409.4,11.59,,,,,
1379,11/8/22 15:00,409.8,11.58,,,,,
1380,11/8/22 15:30,409.4,11.59,,,,,
1381,11/8/22 16:00,409.1,11.5,,,,,
1382,11/8/22 16:30,407.5,11.38,,,,,
1383,11/8/22 17:00,407.5,11.38,,,,,
1384,11/8/22 17:30,407.1,11.37,,,,,
1385,11/8/22 18:00,407.5,11.37,,,,,
1386,11/8/22 18:30,407.5,11.38,,,,,
1387,11/8/22 19:00,407.5,11.4,,,,,
1388,11/8/22 19:30,407.5,11.37,,,,,
1389,11/8/22 20:00,407.5,11.36,,,,,
1390,11/8/22 20:30,407.1,11.36,,,,,
1391,11/8/22 21:00,407.5,11.35,,,,,
1392,11/8/22 21:30,407.5,11.35,,,,,
1393,11/8/22 22:00,407.1,11.35,,,,,
1394,11/8/22 22:30,407.1,11.33,,,,,
1395,11/8/22 23:00,407.1,11.32,,,,,
1396,11/8/22 23:30,406.7,11.31,,,,,
1397,11/9/22 0:00,407.1,11.31,,,,,
1398,11/9/22 0:30,406.7,11.31,,,,,
1399,11/9/22 1:00,406.8,11.29,,,,,
1400,11/9/22 1:30,406.4,11.29,,,,,
1401,11/9/22 2:00,406.4,11.28,,,,,
1402,11/9/22 2:30,406.4,11.26,,,,,
1403,11/9/22 3:00,406.4,11.26,,,,,
1404,11/9/22 3:30,406.4,11.26,,,,,
1405,11/9/22 4:00,406,11.24,,,,,
1406,11/9/22 4:30,406,11.23,,,,,
1407,11/9/22 5:00,406,11.2,,,,,
1408,11/9/22 5:30,406,11.22,,,,,
1409,11/9/22 6:00,406,11.23,,,,,
1410,11/9/22 6:30,406,11.23,,,,,
1411,11/9/22 7:00,406,11.22,,,,,
1412,11/9/22 7:30,406,11.2,,,,,
1413,11/9/22 8:00,405.6,11.22,,,,,
1414,11/9/22 8:30,407.2,11.22,,,,,
1415,11/9/22 9:00,405.6,11.19,,,,,
1416,11/9/22 9:30,455,11.2,,,,,
1417,11/9/22 10:00,423.6,11.2,,,,,
1418,11/9/22 10:30,392,11.22,,,,,
1419,11/9/22 11:00,381.5,11.23,,,,,
1420,11/9/22 11:30,406,11.24,,,,,
1421,11/9/22 12:00,406,11.24,,,,,
1422,11/9/22 12:30,406.4,11.28,,,,,
1423,11/9/22 13:00,406.4,11.28,,,,,
1424,11/9/22 13:30,406.4,11.29,,,,,
1425,11/9/22 14:00,406.4,11.29,,,,,
1426,11/9/22 14:30,406.7,11.31,,,,,
1427,11/9/22 15:00,406.7,11.35,,,,,
1428,11/9/22 15:30,407.9,11.44,,,,,
1429,11/9/22 16:00,408.3,11.44,,,,,
1430,11/9/22 16:30,408.3,11.44,,,,,
1431,11/9/22 17:00,408.3,11.45,,,,,
1432,11/9/22 17:30,408.3,11.46,,,,,
1433,11/9/22 18:00,408.3,11.47,,,,,
1434,11/9/22 18:30,408.3,11.46,,,,,
1435,11/9/22 19:00,408.3,11.47,,,,,
1436,11/9/22 19:30,408.3,11.47,,,,,
1437,11/9/22 20:00,408.3,11.47,,,,,
1438,11/9/22 20:30,408.3,11.47,,,,,
1439,11/9/22 21:00,408.3,11.5,,,,,
1440,11/9/22 21:30,408.3,11.51,,,,,
1441,11/9/22 22:00,408.7,11.51,,,,,
1442,11/9/22 22:30,443.2,11.53,,,,,
1443,11/9/22 23:00,413.1,11.53,,,,,
1444,11/9/22 23:30,409.1,11.54,,,,,
1445,11/10/22 0:00,409.1,11.54,,,,,
1446,11/10/22 0:30,409,11.55,,,,,
1447,11/10/22 1:00,409.4,11.55,,,,,
1448,11/10/22 1:30,409,11.55,,,,,
1449,11/10/22 2:00,409,11.55,,,,,
1450,11/10/22 2:30,409.4,11.56,,,,,
1451,11/10/22 3:00,409.4,11.58,,,,,
1452,11/10/22 3:30,409.4,11.59,,,,,
1453,11/10/22 4:00,409.4,11.59,,,,,
1454,11/10/22 4:30,409.8,11.58,,,,,
1455,11/10/22 5:00,409.4,11.58,,,,,
1456,11/10/22 5:30,409,11.56,,,,,
1457,11/10/22 6:00,406.6,11.56,,,,,
1458,11/10/22 6:30,409.4,11.56,,,,,
1459,11/10/22 7:00,409.4,11.56,,,,,
1460,11/10/22 7:30,409.4,11.55,,,,,
1461,11/10/22 8:00,409.4,11.56,,,,,
1462,11/10/22 8:30,409.4,11.56,,,,,
1463,11/10/22 9:00,409.4,11.56,,,,,
1464,11/10/22 9:30,409.4,11.55,,,,,
1465,11/10/22 10:00,409.1,11.54,,,,,
1466,11/10/22 10:30,409.4,11.58,,,,,
1467,11/10/22 11:00,409.8,11.64,,,,,
1468,11/10/22 11:30,410.2,11.68,,,,,
1469,11/10/22 12:00,411,11.75,,,,,
1470,11/10/22 12:30,411,11.76,,,,,
1471,11/10/22 13:00,411.3,11.81,,,,,
1472,11/10/22 13:30,411.7,11.82,,,,,
1473,11/10/22 14:00,411.3,11.84,,,,,
1474,11/10/22 14:30,412.5,11.9,,,,,
1475,11/10/22 15:00,412.5,11.9,,,,,
1476,11/10/22 15:30,412.5,11.98,,,,,
1477,11/10/22 16:00,413.6,12.07,,,,,
1478,11/10/22 16:30,416,12.07,,,,,
1479,11/10/22 17:00,422.5,11.99,,,,,
1480,11/10/22 17:30,418.2,11.82,,,,,
1481,11/10/22 18:00,419.4,11.81,,,,,
1482,11/10/22 18:30,418.1,11.87,,,,,
1483,11/10/22 19:00,417.7,11.89,,,,,
1484,11/10/22 19:30,416.9,11.95,,,,,
1485,11/10/22 20:00,416.5,11.96,,,,,
1486,11/10/22 20:30,416.1,11.98,,,,,
1487,11/10/22 21:00,415.7,11.98,,,,,
1488,11/10/22 21:30,416.5,11.96,,,,,
1489,11/10/22 22:00,415.7,11.96,,,,,
1490,11/10/22 22:30,414.5,11.93,,,,,
1491,11/10/22 23:00,446.6,11.94,,,,,
1492,11/10/22 23:30,410.2,11.75,,,,,
1493,11/11/22 0:00,409.4,11.63,,,,,
1494,11/11/22 0:30,408.2,11.55,,,,,
1495,11/11/22 1:00,365,11.51,,,,,
1496,11/11/22 1:30,408.3,11.49,,,,,
1497,11/11/22 2:00,408.3,11.45,,,,,
1498,11/11/22 2:30,407.1,11.44,,,,,
1499,11/11/22 3:00,408.3,11.44,,,,,
1500,11/11/22 3:30,407.5,11.41,,,,,
1501,11/11/22 4:00,407.5,11.4,,,,,
1502,11/11/22 4:30,407.1,11.38,,,,,
1503,11/11/22 5:00,407.1,11.37,,,,,
1504,11/11/22 5:30,407.5,11.37,,,,,
1505,11/11/22 6:00,407.1,11.35,,,,,
1506,11/11/22 6:30,407.1,11.35,,,,,
1507,11/11/22 7:00,406.7,11.33,,,,,
1508,11/11/22 7:30,406.7,11.33,,,,,
1509,11/11/22 8:00,406.7,11.32,,,,,
1510,11/11/22 8:30,406.8,11.29,,,,,
1511,11/11/22 9:00,406.4,11.29,,,,,
1512,11/11/22 9:30,406.8,11.29,,,,,
1513,11/11/22 10:00,406.4,11.27,,,,,
1514,11/11/22 10:30,406.4,11.28,,,,,
1515,11/11/22 11:00,406.4,11.29,,,,,
1516,11/11/22 11:30,406.3,11.32,,,,,
1517,11/11/22 12:00,406.7,11.31,,,,,
1518,11/11/22 12:30,406.3,11.32,,,,,
1519,11/11/22 13:00,406.7,11.33,,,,,
1520,11/11/22 13:30,406.7,11.33,,,,,
1521,11/11/22 14:00,406.7,11.35,,,,,
1522,11/11/22 14:30,406.7,11.35,,,,,
1523,11/11/22 15:00,407.1,11.38,,,,,
1524,11/11/22 15:30,406.7,11.35,,,,,
1525,11/11/22 16:00,404.7,11.31,,,,,
1526,11/11/22 16:30,406,11.28,,,,,
1527,11/11/22 17:00,406.4,11.29,,,,,
1528,11/11/22 17:30,406,11.27,,,,,
1529,11/11/22 18:00,406,11.28,,,,,
1530,11/11/22 18:30,406,11.28,,,,,
1531,11/11/22 19:00,406,11.27,,,,,
1532,11/11/22 19:30,405.6,11.24,,,,,
1533,11/11/22 20:00,405.2,11.15,,,,,
1534,11/11/22 20:30,404,11.1,,,,,
1535,11/11/22 21:00,404.4,11.11,,,,,
1536,11/11/22 21:30,404.8,11.18,,,,,
1537,11/11/22 22:00,404.4,11.1,,,,,
1538,11/11/22 22:30,404.8,11.11,,,,,
1539,11/11/22 23:00,404.4,11.13,,,,,
1540,11/11/22 23:30,403.6,11.06,,,,,
1541,11/12/22 0:00,403.6,11.09,,,,,
1542,11/12/22 0:30,403.6,11.05,,,,,
1543,11/12/22 1:00,403.3,11.02,,,,,
1544,11/12/22 1:30,402.9,11,,,,,
1545,11/12/22 2:00,402.9,10.97,,,,,
1546,11/12/22 2:30,403.3,11.02,,,,,
1547,11/12/22 3:00,402.5,10.92,,,,,
1548,11/12/22 3:30,402.5,10.92,,,,,
1549,11/12/22 4:00,402.5,10.93,,,,,
1550,11/12/22 4:30,402.5,10.96,,,,,
1551,11/12/22 5:00,402.5,10.95,,,,,
1552,11/12/22 5:30,402.5,10.95,,,,,
1553,11/12/22 6:00,402.5,10.93,,,,,
1554,11/12/22 6:30,402.5,10.93,,,,,
1555,11/12/22 7:00,402.5,10.89,,,,,
1556,11/12/22 7:30,402.5,10.92,,,,,
1557,11/12/22 8:00,402.9,10.95,,,,,
1558,11/12/22 8:30,402.5,10.95,,,,,
1559,11/12/22 9:00,402.5,10.95,,,,,
1560,11/12/22 9:30,402.5,10.96,,,,,
1561,11/12/22 10:00,402.9,10.97,,,,,
1562,11/12/22 10:30,402.9,10.98,,,,,
1563,11/12/22 11:00,402.9,10.97,,,,,
1564,11/12/22 11:30,402.9,10.97,,,,,
1565,11/12/22 12:00,402.5,10.96,,,,,
1566,11/12/22 12:30,403.7,11.04,,,,,
1567,11/12/22 13:00,401.7,10.96,,,,,
1568,11/12/22 13:30,402.1,10.91,,,,,
1569,11/12/22 14:00,402.5,10.95,,,,,
1570,11/12/22 14:30,402.5,10.96,,,,,
1571,11/12/22 15:00,402.5,10.95,,,,,
1572,11/12/22 15:30,402.5,10.93,,,,,
1573,11/12/22 16:00,402.1,10.91,,,,,
1574,11/12/22 16:30,402.1,10.91,,,,,
1575,11/12/22 17:00,401.3,10.83,,,,,
1576,11/12/22 17:30,401.3,10.84,,,,,
1577,11/12/22 18:00,401.3,10.83,,,,,
1578,11/12/22 18:30,401.3,10.82,,,,,
1579,11/12/22 19:00,400.5,10.79,,,,,
1580,11/12/22 19:30,401.3,10.87,,,,,
1581,11/12/22 20:00,401.7,10.89,,,,,
1582,11/12/22 20:30,401.3,10.83,,,,,
1583,11/12/22 21:00,400.6,10.74,,,,,
1584,11/12/22 21:30,400.2,10.71,,,,,
1585,11/12/22 22:00,400.6,10.71,,,,,
1586,11/12/22 22:30,400.6,10.74,,,,,
1587,11/12/22 23:00,400.2,10.71,,,,,
1588,11/12/22 23:30,400.6,10.7,,,,,
1589,11/13/22 0:00,400.2,10.7,,,,,
1590,11/13/22 0:30,399,10.64,,,,,
1591,11/13/22 1:00,400.6,10.75,,,,,
1592,11/13/22 1:30,399.4,10.65,,,,,
1593,11/13/22 2:00,399.4,10.65,,,,,
1594,11/13/22 2:30,398.6,10.56,,,,,
1595,11/13/22 3:00,398.6,10.57,,,,,
1596,11/13/22 3:30,398.6,10.57,,,,,
1597,11/13/22 4:00,398.6,10.58,,,,,
1598,11/13/22 4:30,398.6,10.56,,,,,
1599,11/13/22 5:00,398.6,10.56,,,,,
1600,11/13/22 5:30,398.2,10.55,,,,,
1601,11/13/22 6:00,397.5,10.49,,,,,
1602,11/13/22 6:30,397.1,10.46,,,,,
1603,11/13/22 7:00,397.1,10.44,,,,,
1604,11/13/22 7:30,396.7,10.42,,,,,
1605,11/13/22 8:00,396.7,10.4,,,,,
1606,11/13/22 8:30,396.3,10.39,,,,,
1607,11/13/22 9:00,396.7,10.38,,,,,
1608,11/13/22 9:30,397.1,10.42,,,,,
1609,11/13/22 10:00,397.5,10.51,,,,,
1610,11/13/22 10:30,396.3,10.38,,,,,
1611,11/13/22 11:00,396.3,10.38,,,,,
1612,11/13/22 11:30,396.3,10.4,,,,,
1613,11/13/22 12:00,396.7,10.43,,,,,
1614,11/13/22 12:30,397.1,10.44,,,,,
1615,11/13/22 13:00,397.1,10.49,,,,,
1616,11/13/22 13:30,398.2,10.55,,,,,
1617,11/13/22 14:00,398.3,10.53,,,,,
1618,11/13/22 14:30,398.2,10.57,,,,,
1619,11/13/22 15:00,397.8,10.53,,,,,
1620,11/13/22 15:30,398.2,10.55,,,,,
1621,11/13/22 16:00,397.1,10.49,,,,,
1622,11/13/22 16:30,397.5,10.51,,,,,
1623,11/13/22 17:00,397.9,10.52,,,,,
1624,11/13/22 17:30,397.1,10.48,,,,,
1625,11/13/22 18:00,397.1,10.43,,,,,
1626,11/13/22 18:30,397.5,10.42,,,,,
1627,11/13/22 19:00,396.7,10.39,,,,,
1628,11/13/22 19:30,396.3,10.36,,,,,
1629,11/13/22 20:00,396.3,10.35,,,,,
1630,11/13/22 20:30,396.3,10.31,,,,,
1631,11/13/22 21:00,395.9,10.3,,,,,
1632,11/13/22 21:30,395.9,10.29,,,,,
1633,11/13/22 22:00,395.2,10.25,,,,,
1634,11/13/22 22:30,395.2,10.22,,,,,
1635,11/13/22 23:00,394.8,10.18,,,,,
1636,11/13/22 23:30,395.6,10.16,,,,,
1637,11/14/22 0:00,394,10.12,,,,,
1638,11/14/22 0:30,393.6,10.11,,,,,
1639,11/14/22 1:00,393.6,10.08,,,,,
1640,11/14/22 1:30,393.6,10.06,,,,,
1641,11/14/22 2:00,392.8,10.02,,,,,
1642,11/14/22 2:30,392,10.02,,,,,
1643,11/14/22 3:00,392.5,9.96,,,,,
1644,11/14/22 3:30,392.1,9.95,,,,,
1645,11/14/22 4:00,392.1,9.91,,,,,
1646,11/14/22 4:30,391.3,9.87,,,,,
1647,11/14/22 5:00,390.9,9.84,,,,,
1648,11/14/22 5:30,390.5,9.8,,,,,
1649,11/14/22 6:00,390.5,9.78,,,,,
1650,11/14/22 6:30,390.1,9.76,,,,,
1651,11/14/22 7:00,390.1,9.76,,,,,
1652,11/14/22 7:30,390.1,9.76,,,,,
1653,11/14/22 8:00,390.2,9.73,,,,,
1654,11/14/22 8:30,390.9,9.78,,,,,
1655,11/14/22 9:00,390.5,9.78,,,,,
1656,11/14/22 9:30,390.9,9.81,,,,,
1657,11/14/22 10:00,390.9,9.84,,,,,
1658,11/14/22 10:30,391.7,9.85,,,,,
1659,11/14/22 11:00,391.3,9.87,,,,,
1660,11/14/22 11:30,392.1,9.89,,,,,
1661,11/14/22 12:00,392.1,9.9,,,,,
1662,11/14/22 12:30,392.1,9.89,,,,,
1663,11/14/22 13:00,392.1,9.89,,,,,
1664,11/14/22 13:30,391.7,9.87,,,,,
1665,11/14/22 14:00,391.7,9.87,,,,,
1666,11/14/22 14:30,390.9,9.8,,,,,
1667,11/14/22 15:00,390.9,9.8,,,,,
1668,11/14/22 15:30,390.5,9.77,,,,,
1669,11/14/22 16:00,390.9,9.81,,,,,
1670,11/14/22 16:30,391.3,9.85,,,,,
1671,11/14/22 17:00,391.3,9.87,,,,,
1672,11/14/22 17:30,391.7,9.89,,,,,
1673,11/14/22 18:00,392.1,9.91,,,,,
1674,11/14/22 18:30,392.1,9.91,,,,,
1675,11/14/22 19:00,392.1,9.91,,,,,
1676,11/14/22 19:30,391.7,9.91,,,,,
1677,11/14/22 20:00,391.7,9.9,,,,,
1678,11/14/22 20:30,392.1,9.91,,,,,
1679,11/14/22 21:00,393.3,9.89,,,,,
1680,11/14/22 21:30,392.1,9.9,,,,,
1681,11/14/22 22:00,392.1,9.9,,,,,
1682,11/14/22 22:30,391.3,9.86,,,,,
1683,11/14/22 23:00,393.7,9.89,,,,,
1684,11/14/22 23:30,390.9,9.86,,,,,
1685,11/15/22 0:00,390.9,9.84,,,,,
1686,11/15/22 0:30,392.5,9.85,,,,,
1687,11/15/22 1:00,390.9,9.81,,,,,
1688,11/15/22 1:30,390.9,9.84,,,,,
1689,11/15/22 2:00,390.9,9.81,,,,,
1690,11/15/22 2:30,393.7,9.78,,,,,
1691,11/15/22 3:00,390.9,9.82,,,,,
1692,11/15/22 3:30,390.9,9.81,,,,,
1693,11/15/22 4:00,390.9,9.82,,,,,
1694,11/15/22 4:30,390.1,9.78,,,,,
1695,11/15/22 5:00,390.5,9.78,,,,,
1696,11/15/22 5:30,390.9,9.8,,,,,
1697,11/15/22 6:00,388.9,9.77,,,,,
1698,11/15/22 6:30,390.1,9.76,,,,,
1699,11/15/22 7:00,389.7,9.75,,,,,
1700,11/15/22 7:30,389.7,9.75,,,,,
1701,11/15/22 8:00,389.8,9.73,,,,,
1702,11/15/22 8:30,389,9.72,,,,,
1703,11/15/22 9:00,389,9.69,,,,,
1704,11/15/22 9:30,388.6,9.68,,,,,
1705,11/15/22 10:00,388.6,9.64,,,,,
1706,11/15/22 10:30,388.2,9.62,,,,,
1707,11/15/22 11:00,388.6,9.64,,,,,
1708,11/15/22 11:30,388.2,9.64,,,,,
1709,11/15/22 12:00,388.6,9.69,,,,,
1710,11/15/22 12:30,389.4,9.71,,,,,
1711,11/15/22 13:00,389.4,9.73,,,,,
1712,11/15/22 13:30,389.7,9.75,,,,,
1713,11/15/22 14:00,389.7,9.77,,,,,
1714,11/15/22 14:30,390.1,9.77,,,,,
1715,11/15/22 15:00,391.3,9.78,,,,,
1716,11/15/22 15:30,389.7,9.77,,,,,
1717,11/15/22 16:00,390.1,9.76,,,,,
1718,11/15/22 16:30,389.4,9.73,,,,,
1719,11/15/22 17:00,390.2,9.73,,,,,
1720,11/15/22 17:30,389.7,9.75,,,,,
1721,11/15/22 18:00,389.8,9.72,,,,,
1722,11/15/22 18:30,389.4,9.71,,,,,
1723,11/15/22 19:00,388.6,9.68,,,,,
1724,11/15/22 19:30,388.6,9.67,,,,,
1725,11/15/22 20:00,388.6,9.67,,,,,
1726,11/15/22 20:30,388.6,9.66,,,,,
1727,11/15/22 21:00,388.6,9.63,,,,,
1728,11/15/22 21:30,383.8,9.59,,,,,
1729,11/15/22 22:00,381.4,9.58,,,,,
1730,11/15/22 22:30,384.2,9.56,,,,,
1731,11/15/22 23:00,386.2,9.59,,,,,
1732,11/15/22 23:30,385.4,9.55,,,,,
1733,11/16/22 0:00,462.6,9.53,,,,,
1734,11/16/22 0:30,386.7,9.46,,,,,
1735,11/16/22 1:00,401.1,9.44,,,,,
1736,11/16/22 1:30,389.5,9.45,,,,,
1737,11/16/22 2:00,387.5,9.42,,,,,
1738,11/16/22 2:30,389.1,9.44,,,,,
1739,11/16/22 3:00,387.5,9.46,,,,,
1740,11/16/22 3:30,386.7,9.37,,,,,
1741,11/16/22 4:00,387.5,9.41,,,,,
1742,11/16/22 4:30,387.1,9.42,,,,,
1743,11/16/22 5:00,389.5,9.46,,,,,
1744,11/16/22 5:30,395.9,9.54,,,,,
1745,11/16/22 6:00,386.3,9.46,,,,,
1746,11/16/22 6:30,355,9.44,,,,,
1747,11/16/22 7:00,386.7,9.4,,,,,
1748,11/16/22 7:30,386.3,9.36,,,,,
1749,11/16/22 8:00,386.7,9.44,,,,,
1750,11/16/22 8:30,386.3,9.35,,,,,
1751,11/16/22 9:00,385.1,9.29,,,,,
1752,11/16/22 9:30,385.9,9.35,,,,,
1753,11/16/22 10:00,386.7,9.41,,,,,
1754,11/16/22 10:30,388.3,9.46,,,,,
1755,11/16/22 11:00,414,9.49,,,,,
1756,11/16/22 11:30,388.2,9.5,,,,,
1757,11/16/22 12:00,389.1,9.45,,,,,
1758,11/16/22 12:30,389.1,9.49,,,,,
1759,11/16/22 13:00,387.8,9.55,,,,,
1760,11/16/22 13:30,388.2,9.54,,,,,
1761,11/16/22 14:00,387.4,9.51,,,,,
1762,11/16/22 14:30,387.8,9.53,,,,,
1763,11/16/22 15:00,388.6,9.53,,,,,
1764,11/16/22 15:30,387.8,9.53,,,,,
1765,11/16/22 16:00,387.4,9.5,,,,,
1766,11/16/22 16:30,387.5,9.46,,,,,
1767,11/16/22 17:00,386.7,9.4,,,,,
1768,11/16/22 17:30,385.9,9.36,,,,,
1769,11/16/22 18:00,385.5,9.29,,,,,
1770,11/16/22 18:30,385.1,9.26,,,,,
1771,11/16/22 19:00,385.1,9.27,,,,,
1772,11/16/22 19:30,384.7,9.24,,,,,
1773,11/16/22 20:00,386.8,9.22,,,,,
1774,11/16/22 20:30,384.7,9.22,,,,,
1775,11/16/22 21:00,384.4,9.11,,,,,
1776,11/16/22 21:30,382.8,9.04,,,,,
1777,11/16/22 22:00,470.6,8.89,,,,,
1778,11/16/22 22:30,380.1,8.8,,,,,
1779,11/16/22 23:00,380.9,8.84,,,,,
1780,11/16/22 23:30,381.6,8.95,,,,,
1781,11/17/22 0:00,384,9.06,,,,,
1782,11/17/22 0:30,383.6,9.13,,,,,
1783,11/17/22 1:00,384.4,9.18,,,,,
1784,11/17/22 1:30,384.4,9.19,,,,,
1785,11/17/22 2:00,386,9.2,,,,,
1786,11/17/22 2:30,384.8,9.16,,,,,
1787,11/17/22 3:00,385.2,9.15,,,,,
1788,11/17/22 3:30,385.2,9.16,,,,,
1789,11/17/22 4:00,386,9.14,,,,,
1790,11/17/22 4:30,386.8,9.11,,,,,
1791,11/17/22 5:00,390.8,9.09,,,,,
1792,11/17/22 5:30,394.8,9.07,,,,,
1793,11/17/22 6:00,428.2,9.06,,,,,
1794,11/17/22 6:30,394.5,9.01,,,,,
1795,11/17/22 7:00,375.6,9.01,,,,,
1796,11/17/22 7:30,366.8,8.97,,,,,
1797,11/17/22 8:00,360.4,8.97,,,,,
1798,11/17/22 8:30,363.6,8.98,,,,,
1799,11/17/22 9:00,378.8,8.97,,,,,
1800,11/17/22 9:30,383.2,9.02,,,,,
1801,11/17/22 10:00,384.4,9,,,,,
1802,11/17/22 10:30,454.5,8.86,,,,,
1803,11/17/22 11:00,382.9,8.87,,,,,
1804,11/17/22 11:30,383.3,8.91,,,,,
1805,11/17/22 12:00,384,8.96,,,,,
1806,11/17/22 12:30,426.7,8.97,,,,,
1807,11/17/22 13:00,417.8,8.98,,,,,
1808,11/17/22 13:30,381.6,9.01,,,,,
1809,11/17/22 14:00,383.2,9.04,,,,,
1810,11/17/22 14:30,382.8,9.01,,,,,
1811,11/17/22 15:00,339.1,9,,,,,
1812,11/17/22 15:30,383.6,9.01,,,,,
1813,11/17/22 16:00,383.2,9.01,,,,,
1814,11/17/22 16:30,382.8,9,,,,,
1815,11/17/22 17:00,384.4,8.98,,,,,
1816,11/17/22 17:30,383.6,8.97,,,,,
1817,11/17/22 18:00,382.8,8.97,,,,,
1818,11/17/22 18:30,382.8,8.98,,,,,
1819,11/17/22 19:00,382.4,8.95,,,,,
1820,11/17/22 19:30,382.1,8.89,,,,,
1821,11/17/22 20:00,383.3,8.93,,,,,
1822,11/17/22 20:30,384.1,8.95,,,,,
1823,11/17/22 21:00,382.5,8.93,,,,,
1824,11/17/22 21:30,388.5,8.92,,,,,
1825,11/17/22 22:00,383.7,8.91,,,,,
1826,11/17/22 22:30,395.3,8.88,,,,,
1827,11/17/22 23:00,380.5,8.83,,,,,
1828,11/17/22 23:30,382.1,8.84,,,,,
1829,11/18/22 0:00,382.1,8.86,,,,,
1830,11/18/22 0:30,380.5,8.74,,,,,
1831,11/18/22 1:00,380.9,8.75,,,,,
1832,11/18/22 1:30,389.4,8.74,,,,,
1833,11/18/22 2:00,380.9,8.78,,,,,
1834,11/18/22 2:30,383.7,8.79,,,,,
1835,11/18/22 3:00,383.3,8.79,,,,,
1836,11/18/22 3:30,381.3,8.76,,,,,
1837,11/18/22 4:00,381.3,8.78,,,,,
1838,11/18/22 4:30,380.5,8.73,,,,,
1839,11/18/22 5:00,380.9,8.73,,,,,
1840,11/18/22 5:30,380.9,8.73,,,,,
1841,11/18/22 6:00,381.3,8.71,,,,,
1842,11/18/22 6:30,382.5,8.73,,,,,
1843,11/18/22 7:00,403.8,8.7,,,,,
1844,11/18/22 7:30,362.5,8.67,,,,,
1845,11/18/22 8:00,325.6,8.67,,,,,
1846,11/18/22 8:30,381.3,8.69,,,,,
1847,11/18/22 9:00,380.1,8.67,,,,,
1848,11/18/22 9:30,380.5,8.69,,,,,
1849,11/18/22 10:00,380.1,8.69,,,,,
1850,11/18/22 10:30,379.8,8.65,,,,,
1851,11/18/22 11:00,382.2,8.67,,,,,
1852,11/18/22 11:30,380.1,8.67,,,,,
1853,11/18/22 12:00,380.1,8.67,,,,,
1854,11/18/22 12:30,380.9,8.69,,,,,
1855,11/18/22 13:00,380.9,8.69,,,,,
1856,11/18/22 13:30,379.7,8.69,,,,,
1857,11/18/22 14:00,380.1,8.71,,,,,
1858,11/18/22 14:30,380.1,8.7,,,,,
1859,11/18/22 15:00,379.7,8.69,,,,,
1860,11/18/22 15:30,379.8,8.65,,,,,
1861,11/18/22 16:00,380.2,8.64,,,,,
1862,11/18/22 16:30,380.2,8.62,,,,,
1863,11/18/22 17:00,379.8,8.58,,,,,
1864,11/18/22 17:30,379,8.53,,,,,
1865,11/18/22 18:00,379,8.52,,,,,
1866,11/18/22 18:30,379,8.48,,,,,
1867,11/18/22 19:00,377.8,8.46,,,,,
1868,11/18/22 19:30,377.8,8.48,,,,,
1869,11/18/22 20:00,377.4,8.42,,,,,
1870,11/18/22 20:30,377,8.39,,,,,
1871,11/18/22 21:00,377.5,8.35,,,,,
1872,11/18/22 21:30,377.9,8.36,,,,,
1873,11/18/22 22:00,375.9,8.25,,,,,
1874,11/18/22 22:30,375.5,8.22,,,,,
1875,11/18/22 23:00,375.5,8.24,,,,,
1876,11/18/22 23:30,374.7,8.18,,,,,
1877,11/19/22 0:00,374.3,8.15,,,,,
1878,11/19/22 0:30,374.7,8.17,,,,,
1879,11/19/22 1:00,373.2,8.03,,,,,
1880,11/19/22 1:30,373.2,8.04,,,,,
1881,11/19/22 2:00,372.8,7.96,,,,,
1882,11/19/22 2:30,372.4,7.94,,,,,
1883,11/19/22 3:00,371.6,7.89,,,,,
1884,11/19/22 3:30,371.6,7.86,,,,,
1885,11/19/22 4:00,371.3,7.8,,,,,
1886,11/19/22 4:30,370.9,7.77,,,,,
1887,11/19/22 5:00,370.5,7.72,,,,,
1888,11/19/22 5:30,370.1,7.68,,,,,
1889,11/19/22 6:00,369.3,7.64,,,,,
1890,11/19/22 6:30,369.3,7.6,,,,,
1891,11/19/22 7:00,368.9,7.56,,,,,
1892,11/19/22 7:30,368.9,7.55,,,,,
1893,11/19/22 8:00,368.5,7.54,,,,,
1894,11/19/22 8:30,368.5,7.53,,,,,
1895,11/19/22 9:00,368.5,7.53,,,,,
1896,11/19/22 9:30,368.6,7.51,,,,,
1897,11/19/22 10:00,368.5,7.53,,,,,
1898,11/19/22 10:30,368.1,7.56,,,,,
1899,11/19/22 11:00,368.5,7.56,,,,,
1900,11/19/22 11:30,369.7,7.58,,,,,
1901,11/19/22 12:00,369.3,7.62,,,,,
1902,11/19/22 12:30,369.3,7.63,,,,,
1903,11/19/22 13:00,369.3,7.66,,,,,
1904,11/19/22 13:30,368.9,7.63,,,,,
1905,11/19/22 14:00,369.3,7.63,,,,,
1906,11/19/22 14:30,368.9,7.6,,,,,
1907,11/19/22 15:00,368.9,7.62,,,,,
1908,11/19/22 15:30,368.9,7.62,,,,,
1909,11/19/22 16:00,368.9,7.62,,,,,
1910,11/19/22 16:30,369.3,7.64,,,,,
1911,11/19/22 17:00,369.7,7.72,,,,,
1912,11/19/22 17:30,369.3,7.64,,,,,
1913,11/19/22 18:00,369.3,7.59,,,,,
1914,11/19/22 18:30,370.5,7.71,,,,,
1915,11/19/22 19:00,370.9,7.75,,,,,
1916,11/19/22 19:30,369.7,7.68,,,,,
1917,11/19/22 20:00,370.5,7.77,,,,,
1918,11/19/22 20:30,371.3,7.77,,,,,
1919,11/19/22 21:00,370.9,7.76,,,,,
1920,11/19/22 21:30,370.5,7.72,,,,,
1921,11/19/22 22:00,370.9,7.67,,,,,
1922,11/19/22 22:30,368.9,7.62,,,,,
1923,11/19/22 23:00,369.3,7.62,,,,,
1924,11/19/22 23:30,368.9,7.6,,,,,
1925,11/20/22 0:00,368.9,7.59,,,,,
1926,11/20/22 0:30,368.9,7.58,,,,,
1927,11/20/22 1:00,368.5,7.58,,,,,
1928,11/20/22 1:30,368.5,7.56,,,,,
1929,11/20/22 2:00,368.5,7.54,,,,,
1930,11/20/22 2:30,368.6,7.51,,,,,
1931,11/20/22 3:00,368.2,7.47,,,,,
1932,11/20/22 3:30,368.2,7.46,,,,,
1933,11/20/22 4:00,367.4,7.41,,,,,
1934,11/20/22 4:30,367.8,7.42,,,,,
1935,11/20/22 5:00,367.4,7.37,,,,,
1936,11/20/22 5:30,367.4,7.4,,,,,
1937,11/20/22 6:00,367,7.33,,,,,
1938,11/20/22 6:30,367.4,7.38,,,,,
1939,11/20/22 7:00,365.8,7.26,,,,,
1940,11/20/22 7:30,365.4,7.27,,,,,
1941,11/20/22 8:00,365.8,7.24,,,,,
1942,11/20/22 8:30,365.8,7.26,,,,,
1943,11/20/22 9:00,365.8,7.26,,,,,
1944,11/20/22 9:30,365,7.23,,,,,
1945,11/20/22 10:00,365.4,7.26,,,,,
1946,11/20/22 10:30,365.8,7.26,,,,,
1947,11/20/22 11:00,365.8,7.27,,,,,
1948,11/20/22 11:30,365.4,7.27,,,,,
1949,11/20/22 12:00,366.2,7.29,,,,,
1950,11/20/22 12:30,365.8,7.27,,,,,
1951,11/20/22 13:00,365.8,7.27,,,,,
1952,11/20/22 13:30,366.6,7.35,,,,,
1953,11/20/22 14:00,366.2,7.35,,,,,
1954,11/20/22 14:30,366.2,7.33,,,,,
1955,11/20/22 15:00,366.2,7.32,,,,,
1956,11/20/22 15:30,365.4,7.27,,,,,
1957,11/20/22 16:00,365,7.23,,,,,
1958,11/20/22 16:30,364.3,7.19,,,,,
1959,11/20/22 17:00,363.5,7.09,,,,,
1960,11/20/22 17:30,361.6,6.88,,,,,
1961,11/20/22 18:00,354.3,5.94,,,,,
1962,11/20/22 18:30,352.7,4.67,,,,,
1963,11/20/22 19:00,359.2,4.61,,,,,
1964,11/20/22 19:30,348.2,1.71,,,,,
1965,11/20/22 20:00,341.6,2.03,,,,,
1966,11/20/22 20:30,340.1,1.64,,,,,
1967,11/20/22 21:00,336.7,1.13,,,,,
1968,11/20/22 21:30,336.9,1.8,,,,,
1969,11/20/22 22:00,335.5,2.08,,,,,
1970,11/20/22 22:30,357.2,5.56,,,,,
1971,11/20/22 23:00,358.3,5.84,,,,,
1972,11/20/22 23:30,361.1,6.04,,,,,
1973,11/21/22 0:00,362.5,6.64,,,,,
1974,11/21/22 0:30,363.2,6.83,,,,,
1975,11/21/22 1:00,363.6,6.84,,,,,
1976,11/21/22 1:30,364.4,6.83,,,,,
1977,11/21/22 2:00,368.8,6.83,,,,,
1978,11/21/22 2:30,364,6.83,,,,,
1979,11/21/22 3:00,363.2,6.83,,,,,
1980,11/21/22 3:30,363.2,6.83,,,,,
1981,11/21/22 4:00,363.6,6.82,,,,,
1982,11/21/22 4:30,364,6.86,,,,,
1983,11/21/22 5:00,368.4,6.88,,,,,
1984,11/21/22 5:30,363.2,6.88,,,,,
1985,11/21/22 6:00,364,6.87,,,,,
1986,11/21/22 6:30,364,6.89,,,,,
1987,11/21/22 7:00,364,6.89,,,,,
1988,11/21/22 7:30,363.6,6.87,,,,,
1989,11/21/22 8:00,364.4,6.86,,,,,
1990,11/21/22 8:30,370.4,6.86,,,,,
1991,11/21/22 9:00,370,6.84,,,,,
1992,11/21/22 9:30,374.4,6.88,,,,,
1993,11/21/22 10:00,353.1,6.88,,,,,
1994,11/21/22 10:30,332.3,6.88,,,,,
1995,11/21/22 11:00,355.5,6.91,,,,,
1996,11/21/22 11:30,389.7,6.93,,,,,
1997,11/21/22 12:00,367.6,6.91,,,,,
1998,11/21/22 12:30,363.6,6.91,,,,,
1999,11/21/22 13:00,363.2,6.92,,,,,
2000,11/21/22 13:30,363.6,6.93,,,,,
2001,11/21/22 14:00,363.6,6.95,,,,,
2002,11/21/22 14:30,363.5,6.96,,,,,
2003,11/21/22 15:00,363.5,6.96,,,,,
2004,11/21/22 15:30,363.2,6.92,,,,,
2005,11/21/22 16:00,363.6,6.88,,,,,
2006,11/21/22 16:30,362.8,6.84,,,,,
2007,11/21/22 17:00,362.4,6.78,,,,,
2008,11/21/22 17:30,361.6,6.74,,,,,
2009,11/21/22 18:00,363.2,6.69,,,,,
2010,11/21/22 18:30,360.9,6.64,,,,,
2011,11/21/22 19:00,360.5,6.56,,,,,
2012,11/21/22 19:30,359.7,6.51,,,,,
2013,11/21/22 20:00,360.5,6.48,,,,,
2014,11/21/22 20:30,360.5,6.47,,,,,
2015,11/21/22 21:00,358.9,6.44,,,,,
2016,11/21/22 21:30,358.5,6.42,,,,,
2017,11/21/22 22:00,358.1,6.36,,,,,
2018,11/21/22 22:30,358.2,6.34,,,,,
2019,11/21/22 23:00,357.8,6.29,,,,,
2020,11/21/22 23:30,357.4,6.27,,,,,
2021,11/22/22 0:00,357.4,6.26,,,,,
2022,11/22/22 0:30,356.6,6.24,,,,,
2023,11/22/22 1:00,356.6,6.24,,,,,
2024,11/22/22 1:30,356.2,6.22,,,,,
2025,11/22/22 2:00,356.2,6.21,,,,,
2026,11/22/22 2:30,356.2,6.2,,,,,
2027,11/22/22 3:00,356.2,6.2,,,,,
2028,11/22/22 3:30,355.8,6.17,,,,,
2029,11/22/22 4:00,355.4,6.13,,,,,
2030,11/22/22 4:30,355.4,6.13,,,,,
2031,11/22/22 5:00,355.4,6.11,,,,,
2032,11/22/22 5:30,355.8,6.11,,,,,
2033,11/22/22 6:00,354.6,6.07,,,,,
2034,11/22/22 6:30,355,6.08,,,,,
2035,11/22/22 7:00,356.6,6.08,,,,,
2036,11/22/22 7:30,356.2,6.06,,,,,
2037,11/22/22 8:00,355.4,6.07,,,,,
2038,11/22/22 8:30,355,6.07,,,,,
2039,11/22/22 9:00,354.6,6.07,,,,,
2040,11/22/22 9:30,355,6.06,,,,,
2041,11/22/22 10:00,354.6,6.07,,,,,
2042,11/22/22 10:30,355,6.08,,,,,
2043,11/22/22 11:00,355.4,6.11,,,,,
2044,11/22/22 11:30,356.2,6.12,,,,,
2045,11/22/22 12:00,355.8,6.2,,,,,
2046,11/22/22 12:30,356.6,6.29,,,,,
2047,11/22/22 13:00,357.8,6.34,,,,,
2048,11/22/22 13:30,359.7,6.44,,,,,
2049,11/22/22 14:00,358.5,6.47,,,,,
2050,11/22/22 14:30,359.7,6.57,,,,,
2051,11/22/22 15:00,360.4,6.66,,,,,
2052,11/22/22 15:30,360.4,6.71,,,,,
2053,11/22/22 16:00,360.8,6.75,,,,,
2054,11/22/22 16:30,361.6,6.78,,,,,
2055,11/22/22 17:00,361.2,6.78,,,,,
2056,11/22/22 17:30,361.2,6.75,,,,,
2057,11/22/22 18:00,361.2,6.73,,,,,
2058,11/22/22 18:30,362.4,6.7,,,,,
2059,11/22/22 19:00,360.4,6.67,,,,,
2060,11/22/22 19:30,358.9,6.62,,,,,
2061,11/22/22 20:00,359.7,6.61,,,,,
2062,11/22/22 20:30,359.7,6.6,,,,,
2063,11/22/22 21:00,359.7,6.56,,,,,
2064,11/22/22 21:30,359.7,6.55,,,,,
2065,11/22/22 22:00,359.3,6.52,,,,,
2066,11/22/22 22:30,358.9,6.51,,,,,
2067,11/22/22 23:00,358.5,6.46,,,,,
2068,11/22/22 23:30,358.9,6.4,,,,,
2069,11/23/22 0:00,358.5,6.4,,,,,
2070,11/23/22 0:30,357.7,6.36,,,,,
2071,11/23/22 1:00,357.7,6.38,,,,,
2072,11/23/22 1:30,357.7,6.35,,,,,
2073,11/23/22 2:00,357.7,6.38,,,,,
2074,11/23/22 2:30,357.7,6.39,,,,,
2075,11/23/22 3:00,358.5,6.39,,,,,
2076,11/23/22 3:30,357.7,6.35,,,,,
2077,11/23/22 4:00,357.7,6.35,,,,,
2078,11/23/22 4:30,357.7,6.35,,,,,
2079,11/23/22 5:00,357.4,6.33,,,,,
2080,11/23/22 5:30,357,6.33,,,,,
2081,11/23/22 6:00,357.4,6.31,,,,,
2082,11/23/22 6:30,357,6.29,,,,,
2083,11/23/22 7:00,356.6,6.25,,,,,
2084,11/23/22 7:30,359.8,6.2,,,,,
2085,11/23/22 8:00,349.8,6.21,,,,,
2086,11/23/22 8:30,354.6,6.22,,,,,
2087,11/23/22 9:00,355.4,6.2,,,,,
2088,11/23/22 9:30,355.8,6.22,,,,,
2089,11/23/22 10:00,355.8,6.22,,,,,
2090,11/23/22 10:30,355.4,6.22,,,,,
2091,11/23/22 11:00,355.8,6.22,,,,,
2092,11/23/22 11:30,355.4,6.24,,,,,
2093,11/23/22 12:00,355.8,6.25,,,,,
2094,11/23/22 12:30,356.5,6.34,,,,,
2095,11/23/22 13:00,356.9,6.35,,,,,
2096,11/23/22 13:30,356.5,6.35,,,,,
2097,11/23/22 14:00,357.3,6.4,,,,,
2098,11/23/22 14:30,356.5,6.38,,,,,
2099,11/23/22 15:00,356.5,6.36,,,,,
2100,11/23/22 15:30,356.5,6.39,,,,,
2101,11/23/22 16:00,357.3,6.38,,,,,
2102,11/23/22 16:30,359.3,6.58,,,,,
2103,11/23/22 17:00,359.3,6.6,,,,,
2104,11/23/22 17:30,359.3,6.6,,,,,
2105,11/23/22 18:00,359.3,6.58,,,,,
2106,11/23/22 18:30,358.9,6.57,,,,,
2107,11/23/22 19:00,359.3,6.58,,,,,
2108,11/23/22 19:30,359.3,6.57,,,,,
2109,11/23/22 20:00,358.9,6.58,,,,,
2110,11/23/22 20:30,359.3,6.57,,,,,
2111,11/23/22 21:00,359.3,6.56,,,,,
2112,11/23/22 21:30,359.3,6.57,,,,,
2113,11/23/22 22:00,359.3,6.56,,,,,
2114,11/23/22 22:30,359.3,6.55,,,,,
2115,11/23/22 23:00,358.5,6.55,,,,,
2116,11/23/22 23:30,358.5,6.53,,,,,
2117,11/24/22 0:00,358.5,6.53,,,,,
2118,11/24/22 0:30,358.5,6.53,,,,,
2119,11/24/22 1:00,358.5,6.52,,,,,
2120,11/24/22 1:30,358.5,6.51,,,,,
2121,11/24/22 2:00,358.1,6.48,,,,,
2122,11/24/22 2:30,358.5,6.48,,,,,
2123,11/24/22 3:00,358.1,6.47,,,,,
2124,11/24/22 3:30,358.1,6.47,,,,,
2125,11/24/22 4:00,358.1,6.46,,,,,
2126,11/24/22 4:30,357.7,6.44,,,,,
2127,11/24/22 5:00,357.7,6.42,,,,,
2128,11/24/22 5:30,357.7,6.4,,,,,
2129,11/24/22 6:00,357.3,6.4,,,,,
2130,11/24/22 6:30,357.3,6.4,,,,,
2131,11/24/22 7:00,359.3,6.39,,,,,
2132,11/24/22 7:30,357.3,6.38,,,,,
2133,11/24/22 8:00,357.7,6.36,,,,,
2134,11/24/22 8:30,357.3,6.36,,,,,
2135,11/24/22 9:00,357.3,6.36,,,,,
2136,11/24/22 9:30,357.3,6.38,,,,,
2137,11/24/22 10:00,357.3,6.39,,,,,
2138,11/24/22 10:30,357.3,6.39,,,,,
2139,11/24/22 11:00,357.3,6.4,,,,,
2140,11/24/22 11:30,357.7,6.43,,,,,
2141,11/24/22 12:00,358.1,6.44,,,,,
2142,11/24/22 12:30,358.1,6.48,,,,,
2143,11/24/22 13:00,358.1,6.47,,,,,
2144,11/24/22 13:30,357.7,6.48,,,,,
2145,11/24/22 14:00,357.7,6.47,,,,,
2146,11/24/22 14:30,357.7,6.47,,,,,
2147,11/24/22 15:00,358.1,6.49,,,,,
2148,11/24/22 15:30,357.7,6.48,,,,,
2149,11/24/22 16:00,357.7,6.48,,,,,
2150,11/24/22 16:30,359.7,6.51,,,,,
2151,11/24/22 17:00,358.1,6.51,,,,,
2152,11/24/22 17:30,358.1,6.51,,,,,
2153,11/24/22 18:00,358.1,6.51,,,,,
2154,11/24/22 18:30,358.1,6.51,,,,,
2155,11/24/22 19:00,357.7,6.49,,,,,
2156,11/24/22 19:30,358.1,6.49,,,,,
2157,11/24/22 20:00,357.7,6.49,,,,,
2158,11/24/22 20:30,357.7,6.47,,,,,
2159,11/24/22 21:00,357.7,6.48,,,,,
2160,11/24/22 21:30,357.7,6.47,,,,,
2161,11/24/22 22:00,358.1,6.46,,,,,
2162,11/24/22 22:30,358.1,6.4,,,,,
2163,11/24/22 23:00,357.4,6.26,,,,,
2164,11/24/22 23:30,357.4,6.25,,,,,
2165,11/25/22 0:00,357.4,6.27,,,,,
2166,11/25/22 0:30,357.8,6.27,,,,,
2167,11/25/22 1:00,357.8,6.2,,,,,
2168,11/25/22 1:30,357,6.11,,,,,
2169,11/25/22 2:00,356.2,6.11,,,,,
2170,11/25/22 2:30,356.2,6.15,,,,,
2171,11/25/22 3:00,356.2,6.16,,,,,
2172,11/25/22 3:30,357,6.2,,,,,
2173,11/25/22 4:00,355.8,6.09,,,,,
2174,11/25/22 4:30,355.4,6.07,,,,,
2175,11/25/22 5:00,355.4,6.06,,,,,
2176,11/25/22 5:30,355,6.04,,,,,
2177,11/25/22 6:00,354.6,6.06,,,,,
2178,11/25/22 6:30,355,6.07,,,,,
2179,11/25/22 7:00,355.4,6.08,,,,,
2180,11/25/22 7:30,355,6.06,,,,,
2181,11/25/22 8:00,355,6.09,,,,,
2182,11/25/22 8:30,355.8,6.08,,,,,
2183,11/25/22 9:00,354.2,6.03,,,,,
2184,11/25/22 9:30,357.1,6.04,,,,,
2185,11/25/22 10:00,354.2,6.03,,,,,
2186,11/25/22 10:30,354.2,6.06,,,,,
2187,11/25/22 11:00,354.2,6.08,,,,,
2188,11/25/22 11:30,354.6,6.11,,,,,
2189,11/25/22 12:00,355,6.13,,,,,
2190,11/25/22 12:30,357.4,6.15,,,,,
2191,11/25/22 13:00,355.8,6.18,,,,,
2192,11/25/22 13:30,356.2,6.27,,,,,
2193,11/25/22 14:00,357.3,6.34,,,,,
2194,11/25/22 14:30,357.3,6.36,,,,,
2195,11/25/22 15:00,357.3,6.39,,,,,
2196,11/25/22 15:30,357.7,6.4,,,,,
2197,11/25/22 16:00,357.3,6.4,,,,,
2198,11/25/22 16:30,358.5,6.4,,,,,
2199,11/25/22 17:00,357.3,6.39,,,,,
2200,11/25/22 17:30,358.1,6.38,,,,,
2201,11/25/22 18:00,357.3,6.36,,,,,
2202,11/25/22 18:30,357.3,6.36,,,,,
2203,11/25/22 19:00,357.3,6.35,,,,,
2204,11/25/22 19:30,358.2,6.3,,,,,
2205,11/25/22 20:00,357.4,6.3,,,,,
2206,11/25/22 20:30,357,6.29,,,,,
2207,11/25/22 21:00,357,6.27,,,,,
2208,11/25/22 21:30,357,6.24,,,,,
2209,11/25/22 22:00,356.6,6.21,,,,,
2210,11/25/22 22:30,357,6.18,,,,,
2211,11/25/22 23:00,357,6.17,,,,,
2212,11/25/22 23:30,356.2,6.13,,,,,
2213,11/26/22 0:00,355,6.11,,,,,
2214,11/26/22 0:30,355,6.11,,,,,
2215,11/26/22 1:00,355,6.11,,,,,
2216,11/26/22 1:30,355,6.09,,,,,
2217,11/26/22 2:00,355,6.09,,,,,
2218,11/26/22 2:30,355.4,6.08,,,,,
2219,11/26/22 3:00,355,6.08,,,,,
2220,11/26/22 3:30,356.2,6.08,,,,,
2221,11/26/22 4:00,355,6.08,,,,,
2222,11/26/22 4:30,355.4,6.08,,,,,
2223,11/26/22 5:00,355,6.08,,,,,
2224,11/26/22 5:30,355,6.07,,,,,
2225,11/26/22 6:00,355,6.07,,,,,
2226,11/26/22 6:30,355,6.07,,,,,
2227,11/26/22 7:00,355,6.06,,,,,
2228,11/26/22 7:30,354.2,6.06,,,,,
2229,11/26/22 8:00,354.6,6.06,,,,,
2230,11/26/22 8:30,354.6,6.04,,,,,
2231,11/26/22 9:00,354.6,6.04,,,,,
2232,11/26/22 9:30,355,6.06,,,,,
2233,11/26/22 10:00,355,6.07,,,,,
2234,11/26/22 10:30,355,6.08,,,,,
2235,11/26/22 11:00,355.4,6.11,,,,,
2236,11/26/22 11:30,355,6.15,,,,,
2237,11/26/22 12:00,355.4,6.16,,,,,
2238,11/26/22 12:30,356.2,6.22,,,,,
2239,11/26/22 13:00,356.6,6.26,,,,,
2240,11/26/22 13:30,357,6.3,,,,,
2241,11/26/22 14:00,356.9,6.34,,,,,
2242,11/26/22 14:30,357.3,6.38,,,,,
2243,11/26/22 15:00,357.7,6.39,,,,,
2244,11/26/22 15:30,357.7,6.4,,,,,
2245,11/26/22 16:00,357.3,6.38,,,,,
2246,11/26/22 16:30,357.7,6.36,,,,,
2247,11/26/22 17:00,357,6.31,,,,,
2248,11/26/22 17:30,358.2,6.27,,,,,
2249,11/26/22 18:00,356.6,6.29,,,,,
2250,11/26/22 18:30,356.6,6.25,,,,,
2251,11/26/22 19:00,356.2,6.21,,,,,
2252,11/26/22 19:30,356.2,6.21,,,,,
2253,11/26/22 20:00,355.8,6.17,,,,,
2254,11/26/22 20:30,355.8,6.15,,,,,
2255,11/26/22 21:00,355.8,6.13,,,,,
2256,11/26/22 21:30,355.4,6.11,,,,,
2257,11/26/22 22:00,355,6.09,,,,,
2258,11/26/22 22:30,355,6.09,,,,,
2259,11/26/22 23:00,355,6.09,,,,,
2260,11/26/22 23:30,355.4,6.12,,,,,
2261,11/27/22 0:00,355.4,6.12,,,,,
2262,11/27/22 0:30,355.4,6.11,,,,,
2263,11/27/22 1:00,357.4,6.12,,,,,
2264,11/27/22 1:30,355.8,6.13,,,,,
2265,11/27/22 2:00,359.8,6.15,,,,,
2266,11/27/22 2:30,355.8,6.12,,,,,
2267,11/27/22 3:00,357,6.11,,,,,
2268,11/27/22 3:30,356.2,6.12,,,,,
2269,11/27/22 4:00,360.7,6.11,,,,,
2270,11/27/22 4:30,357,6.09,,,,,
2271,11/27/22 5:00,356.2,6.11,,,,,
2272,11/27/22 5:30,356.2,6.09,,,,,
2273,11/27/22 6:00,355,6.04,,,,,
2274,11/27/22 6:30,355.1,6.03,,,,,
2275,11/27/22 7:00,355.4,6.06,,,,,
2276,11/27/22 7:30,355.8,6.06,,,,,
2277,11/27/22 8:00,355.5,6.04,,,,,
2278,11/27/22 8:30,356.3,6,,,,,
2279,11/27/22 9:00,355.9,6.02,,,,,
2280,11/27/22 9:30,355.1,6.02,,,,,
2281,11/27/22 10:00,355.9,6,,,,,
2282,11/27/22 10:30,356.3,5.99,,,,,
2283,11/27/22 11:00,356.3,5.99,,,,,
2284,11/27/22 11:30,355.9,5.99,,,,,
2285,11/27/22 12:00,355.9,5.99,,,,,
2286,11/27/22 12:30,355.9,5.99,,,,,
2287,11/27/22 13:00,355.9,6.02,,,,,
2288,11/27/22 13:30,355.1,6.02,,,,,
2289,11/27/22 14:00,355.8,6.06,,,,,
2290,11/27/22 14:30,355.8,6.06,,,,,
2291,11/27/22 15:00,356.2,6.07,,,,,
2292,11/27/22 15:30,355.8,6.07,,,,,
2293,11/27/22 16:00,355,6.09,,,,,
2294,11/27/22 16:30,355.8,6.15,,,,,
2295,11/27/22 17:00,355,6.11,,,,,
2296,11/27/22 17:30,355,6.09,,,,,
2297,11/27/22 18:00,355,6.06,,,,,
2298,11/27/22 18:30,355,6.11,,,,,
2299,11/27/22 19:00,355,6.11,,,,,
2300,11/27/22 19:30,354.2,6.06,,,,,
2301,11/27/22 20:00,354.2,6.06,,,,,
2302,11/27/22 20:30,354.2,6.06,,,,,
2303,11/27/22 21:00,354.2,6.04,,,,,
2304,11/27/22 21:30,354.2,6.04,,,,,
2305,11/27/22 22:00,353.8,6.03,,,,,
2306,11/27/22 22:30,353.8,6.03,,,,,
2307,11/27/22 23:00,353.9,6.02,,,,,
2308,11/27/22 23:30,353.9,6,,,,,
2309,11/28/22 0:00,353.9,6,,,,,
2310,11/28/22 0:30,353.9,5.98,,,,,
2311,11/28/22 1:00,353.1,5.95,,,,,
2312,11/28/22 1:30,353.9,5.95,,,,,
2313,11/28/22 2:00,356.3,6,,,,,
2314,11/28/22 2:30,352.3,5.93,,,,,
2315,11/28/22 3:00,352.7,5.99,,,,,
2316,11/28/22 3:30,353.5,5.99,,,,,
2317,11/28/22 4:00,353.1,5.96,,,,,
2318,11/28/22 4:30,352.7,5.91,,,,,
2319,11/28/22 5:00,353.5,5.94,,,,,
2320,11/28/22 5:30,355.5,5.95,,,,,
2321,11/28/22 6:00,354.3,5.86,,,,,
2322,11/28/22 6:30,352.3,5.87,,,,,
2323,11/28/22 7:00,352.3,5.84,,,,,
2324,11/28/22 7:30,372.8,5.82,,,,,
2325,11/28/22 8:00,351.5,5.81,,,,,
2326,11/28/22 8:30,351.9,5.8,,,,,
2327,11/28/22 9:00,351.5,5.8,,,,,
2328,11/28/22 9:30,351.5,5.77,,,,,
2329,11/28/22 10:00,351.1,5.75,,,,,
2330,11/28/22 10:30,351.5,5.75,,,,,
2331,11/28/22 11:00,354.5,5.49,,,,,
2332,11/28/22 11:30,352.8,5.6,,,,,
2333,11/28/22 12:00,353.2,5.68,,,,,
2334,11/28/22 12:30,354,5.6,,,,,
2335,11/28/22 13:00,354.1,5.45,,,,,
2336,11/28/22 13:30,354.5,5.49,,,,,
2337,11/28/22 14:00,354.4,5.66,,,,,
2338,11/28/22 14:30,358.4,5.76,,,,,
2339,11/28/22 15:00,386.5,5.84,,,,,
2340,11/28/22 15:30,389.7,5.87,,,,,
2341,11/28/22 16:00,385.3,5.89,,,,,
2342,11/28/22 16:30,383.7,5.84,,,,,
2343,11/28/22 17:00,390.6,5.8,,,,,
2344,11/28/22 17:30,382.9,5.9,,,,,
2345,11/28/22 18:00,399.7,5.98,,,,,
2346,11/28/22 18:30,391.7,5.99,,,,,
2347,11/28/22 19:00,392.1,5.96,,,,,
2348,11/28/22 19:30,395.7,5.98,,,,,
2349,11/28/22 20:00,394.5,5.98,,,,,
2350,11/28/22 20:30,396.9,5.96,,,,,
2351,11/28/22 21:00,392.9,5.96,,,,,
2352,11/28/22 21:30,401,5.91,,,,,
2353,11/28/22 22:00,396.9,5.93,,,,,
2354,11/28/22 22:30,433.7,5.94,,,,,
2355,11/28/22 23:00,456.7,5.94,,,,,
2356,11/28/22 23:30,420.3,5.94,,,,,
2357,11/29/22 0:00,385.7,5.93,,,,,
2358,11/29/22 0:30,366.8,5.91,,,,,
2359,11/29/22 1:00,396.1,5.91,,,,,
2360,11/29/22 1:30,390.9,5.91,,,,,
2361,11/29/22 2:00,376,5.9,,,,,
2362,11/29/22 2:30,385.7,5.87,,,,,
2363,11/29/22 3:00,357.9,5.89,,,,,
2364,11/29/22 3:30,386.5,5.9,,,,,
2365,11/29/22 4:00,357.5,5.89,,,,,
2366,11/29/22 4:30,319.4,5.89,,,,,
2367,11/29/22 5:00,319.8,5.87,,,,,
2368,11/29/22 5:30,326.2,5.89,,,,,
2369,11/29/22 6:00,337,5.89,,,,,
2370,11/29/22 6:30,345.9,5.87,,,,,
2371,11/29/22 7:00,343.5,5.86,,,,,
2372,11/29/22 7:30,349.9,5.85,,,,,
2373,11/29/22 8:00,348.7,5.82,,,,,
2374,11/29/22 8:30,349.9,5.82,,,,,
2375,11/29/22 9:00,349.9,5.84,,,,,
2376,11/29/22 9:30,349.5,5.81,,,,,
2377,11/29/22 10:00,351.1,5.82,,,,,
2378,11/29/22 10:30,351.5,5.82,,,,,
2379,11/29/22 11:00,351.9,5.85,,,,,
2380,11/29/22 11:30,352.7,5.87,,,,,
2381,11/29/22 12:00,352.7,5.9,,,,,
2382,11/29/22 12:30,353.5,5.93,,,,,
2383,11/29/22 13:00,353.5,5.94,,,,,
2384,11/29/22 13:30,353.1,5.95,,,,,
2385,11/29/22 14:00,353.1,5.96,,,,,
2386,11/29/22 14:30,353.5,5.96,,,,,
2387,11/29/22 15:00,353.1,5.95,,,,,
2388,11/29/22 15:30,353.1,5.96,,,,,
2389,11/29/22 16:00,353.1,5.96,,,,,
2390,11/29/22 16:30,353.5,5.98,,,,,
2391,11/29/22 17:00,353.5,5.98,,,,,
2392,11/29/22 17:30,353.5,5.98,,,,,
2393,11/29/22 18:00,353.5,5.98,,,,,
2394,11/29/22 18:30,353.5,5.98,,,,,
2395,11/29/22 19:00,356.3,5.98,,,,,
2396,11/29/22 19:30,367.1,5.99,,,,,
2397,11/29/22 20:00,378.8,6,,,,,
2398,11/29/22 20:30,390.9,5.99,,,,,
2399,11/29/22 21:00,428,5.98,,,,,
2400,11/29/22 21:30,480.6,5.96,,,,,
2401,11/29/22 22:00,401,5.93,,,,,
2402,11/29/22 22:30,393.7,5.9,,,,,
2403,11/29/22 23:00,363.1,5.89,,,,,
2404,11/29/22 23:30,358.7,5.87,,,,,
2405,11/30/22 0:00,338.2,5.85,,,,,
2406,11/30/22 0:30,362,5.84,,,,,
2407,11/30/22 1:00,341.1,5.81,,,,,
2408,11/30/22 1:30,346.7,5.8,,,,,
2409,11/30/22 2:00,353.5,5.8,,,,,
2410,11/30/22 2:30,350.7,5.77,,,,,
2411,11/30/22 3:00,350.7,5.76,,,,,
2412,11/30/22 3:30,349.5,5.75,,,,,
2413,11/30/22 4:00,350.7,5.75,,,,,
2414,11/30/22 4:30,350.7,5.72,,,,,
2415,11/30/22 5:00,350.7,5.75,,,,,
2416,11/30/22 5:30,350.7,5.73,,,,,
2417,11/30/22 6:00,349.9,5.71,,,,,
2418,11/30/22 6:30,350,5.69,,,,,
2419,11/30/22 7:00,350.4,5.68,,,,,
2420,11/30/22 7:30,353.6,5.66,,,,,
2421,11/30/22 8:00,350.8,5.66,,,,,
2422,11/30/22 8:30,349.6,5.64,,,,,
2423,11/30/22 9:00,349.6,5.66,,,,,
2424,11/30/22 9:30,349.6,5.62,,,,,
2425,11/30/22 10:00,349.6,5.63,,,,,
2426,11/30/22 10:30,349.6,5.64,,,,,
2427,11/30/22 11:00,349.6,5.66,,,,,
2428,11/30/22 11:30,349.6,5.64,,,,,
2429,11/30/22 12:00,350.8,5.68,,,,,
2430,11/30/22 12:30,352,5.64,,,,,
2431,11/30/22 13:00,350,5.66,,,,,
2432,11/30/22 13:30,349.6,5.64,,,,,
2433,11/30/22 14:00,350,5.67,,,,,
2434,11/30/22 14:30,349.6,5.63,,,,,
2435,11/30/22 15:00,349.6,5.63,,,,,
2436,11/30/22 15:30,349.6,5.63,,,,,
2437,11/30/22 16:00,349.6,5.63,,,,,
2438,11/30/22 16:30,351.2,5.64,,,,,
2439,11/30/22 17:00,350,5.62,,,,,
2440,11/30/22 17:30,348.8,5.6,,,,,
2441,11/30/22 18:00,348.8,5.58,,,,,
2442,11/30/22 18:30,348.4,5.56,,,,,
2443,11/30/22 19:00,348.4,5.51,,,,,
2444,11/30/22 19:30,347.6,5.5,,,,,
2445,11/30/22 20:00,347.2,5.46,,,,,
2446,11/30/22 20:30,347.2,5.47,,,,,
2447,11/30/22 21:00,346.8,5.4,,,,,
2448,11/30/22 21:30,346.8,5.38,,,,,
2449,11/30/22 22:00,346.5,5.36,,,,,
2450,11/30/22 22:30,346.1,5.29,,,,,
2451,11/30/22 23:00,345.3,5.27,,,,,
2452,11/30/22 23:30,346.1,5.32,,,,,
2453,12/1/22 0:00,346.5,5.33,,,,,
2454,12/1/22 0:30,354.5,5.33,,,,,
2455,12/1/22 1:00,452.5,5.35,,,,,
2456,12/1/22 1:30,371.8,5.31,,,,,
2457,12/1/22 2:00,347.7,5.29,,,,,
2458,12/1/22 2:30,345.3,5.29,,,,,
2459,12/1/22 3:00,344.9,5.22,,,,,
2460,12/1/22 3:30,346.1,5.18,,,,,
2461,12/1/22 4:00,346.9,5.11,,,,,
2462,12/1/22 4:30,346.1,5.1,,,,,
2463,12/1/22 5:00,344.9,5.16,,,,,
2464,12/1/22 5:30,344.9,5.15,,,,,
2465,12/1/22 6:00,344.9,5.15,,,,,
2466,12/1/22 6:30,344.9,5.11,,,,,
2467,12/1/22 7:00,344.1,5.13,,,,,
2468,12/1/22 7:30,344.9,5.13,,,,,
2469,12/1/22 8:00,344.9,5.13,,,,,
2470,12/1/22 8:30,344.5,5.14,,,,,
2471,12/1/22 9:00,344.1,5.13,,,,,
2472,12/1/22 9:30,344.1,5.11,,,,,
2473,12/1/22 10:00,343.7,5.11,,,,,
2474,12/1/22 10:30,343.7,5.1,,,,,
2475,12/1/22 11:00,343.3,5.06,,,,,
2476,12/1/22 11:30,343.3,5.06,,,,,
2477,12/1/22 12:00,342.9,5.09,,,,,
2478,12/1/22 12:30,343.3,5.06,,,,,
2479,12/1/22 13:00,343,5.05,,,,,
2480,12/1/22 13:30,343,5.05,,,,,
2481,12/1/22 14:00,343,5.02,,,,,
2482,12/1/22 14:30,343,5.01,,,,,
2483,12/1/22 15:00,342.6,5.01,,,,,
2484,12/1/22 15:30,343,5.01,,,,,
2485,12/1/22 16:00,342.6,4.98,,,,,
2486,12/1/22 16:30,341.8,4.95,,,,,
2487,12/1/22 17:00,341.4,4.91,,,,,
2488,12/1/22 17:30,341,4.87,,,,,
2489,12/1/22 18:00,341,4.84,,,,,
2490,12/1/22 18:30,340.2,4.8,,,,,
2491,12/1/22 19:00,340.6,4.79,,,,,
2492,12/1/22 19:30,339.8,4.74,,,,,
2493,12/1/22 20:00,341.4,4.88,,,,,
2494,12/1/22 20:30,343,4.98,,,,,
2495,12/1/22 21:00,343,5,,,,,
2496,12/1/22 21:30,343,4.98,,,,,
2497,12/1/22 22:00,343,4.97,,,,,
2498,12/1/22 22:30,342.6,4.92,,,,,
2499,12/1/22 23:00,341.4,4.82,,,,,
2500,12/1/22 23:30,341.4,4.86,,,,,
2501,12/2/22 0:00,341.8,4.88,,,,,
2502,12/2/22 0:30,341.8,4.88,,,,,
2503,12/2/22 1:00,341.4,4.87,,,,,
2504,12/2/22 1:30,341.4,4.83,,,,,
2505,12/2/22 2:00,340.2,4.75,,,,,
2506,12/2/22 2:30,339.1,4.56,,,,,
2507,12/2/22 3:00,338.7,4.49,,,,,
2508,12/2/22 3:30,339.1,4.57,,,,,
2509,12/2/22 4:00,339.1,4.56,,,,,
2510,12/2/22 4:30,339.1,4.58,,,,,
2511,12/2/22 5:00,339.1,4.61,,,,,
2512,12/2/22 5:30,339.1,4.57,,,,,
2513,12/2/22 6:00,338.7,4.53,,,,,
2514,12/2/22 6:30,337.9,4.51,,,,,
2515,12/2/22 7:00,333.3,4,,,,,
2516,12/2/22 7:30,329.8,3.63,,,,,
2517,12/2/22 8:00,327.8,3.49,,,,,
2518,12/2/22 8:30,327.1,3.33,,,,,
2519,12/2/22 9:00,327.8,3.46,,,,,
2520,12/2/22 9:30,329.4,3.63,,,,,
2521,12/2/22 10:00,330.2,3.71,,,,,
2522,12/2/22 10:30,330.5,3.72,,,,,
2523,12/2/22 11:00,330.2,3.68,,,,,
2524,12/2/22 11:30,331.3,3.78,,,,,
2525,12/2/22 12:00,334,4.09,,,,,
2526,12/2/22 12:30,335.6,4.22,,,,,
2527,12/2/22 13:00,334.8,4.08,,,,,
2528,12/2/22 13:30,335.2,4.17,,,,,
2529,12/2/22 14:00,334.5,4.03,,,,,
2530,12/2/22 14:30,332.5,3.96,,,,,
2531,12/2/22 15:00,330.3,3.31,,,,,
2532,12/2/22 15:30,331.9,3.29,,,,,
2533,12/2/22 16:00,335.3,4.08,,,,,
2534,12/2/22 16:30,337.3,3.94,,,,,
2535,12/2/22 17:00,338.9,4.12,,,,,
2536,12/2/22 17:30,338.9,3.93,,,,,
2537,12/2/22 18:00,339.6,4.18,,,,,
2538,12/2/22 18:30,339.5,3.46,,,,,
2539,12/2/22 19:00,339.9,3.58,,,,,
2540,12/2/22 19:30,341.5,4.61,,,,,
2541,12/2/22 20:00,341.5,4.48,,,,,
2542,12/2/22 20:30,336.5,3.89,,,,,
2543,12/2/22 21:00,340.8,4.26,,,,,
2544,12/2/22 21:30,338.1,4.06,,,,,
2545,12/2/22 22:00,337.7,4.09,,,,,
2546,12/2/22 22:30,337.6,4.27,,,,,
2547,12/2/22 23:00,338.8,4.36,,,,,
2548,12/2/22 23:30,338.8,4.26,,,,,
2549,12/3/22 0:00,340.8,4.2,,,,,
2550,12/3/22 0:30,342,4.27,,,,,
2551,12/3/22 1:00,344.2,4.96,,,,,
2552,12/3/22 1:30,344.2,5.04,,,,,
2553,12/3/22 2:00,344.2,5.02,,,,,
2554,12/3/22 2:30,343,4.91,,,,,
2555,12/3/22 3:00,343,4.91,,,,,
2556,12/3/22 3:30,343,4.86,,,,,
2557,12/3/22 4:00,341.8,4.8,,,,,
2558,12/3/22 4:30,341.5,4.74,,,,,
2559,12/3/22 5:00,341.9,4.74,,,,,
2560,12/3/22 5:30,341.1,4.66,,,,,
2561,12/3/22 6:00,341.1,4.64,,,,,
2562,12/3/22 6:30,341.1,4.64,,,,,
2563,12/3/22 7:00,340.7,4.62,,,,,
2564,12/3/22 7:30,340.3,4.6,,,,,
2565,12/3/22 8:00,340.3,4.61,,,,,
2566,12/3/22 8:30,340.7,4.6,,,,,
2567,12/3/22 9:00,340.3,4.58,,,,,
2568,12/3/22 9:30,339.5,4.56,,,,,
2569,12/3/22 10:00,339.5,4.57,,,,,
2570,12/3/22 10:30,339.9,4.57,,,,,
2571,12/3/22 11:00,339.9,4.6,,,,,
2572,12/3/22 11:30,339.9,4.61,,,,,
2573,12/3/22 12:00,339.9,4.61,,,,,
2574,12/3/22 12:30,339.9,4.62,,,,,
2575,12/3/22 13:00,339.9,4.65,,,,,
2576,12/3/22 13:30,340.7,4.65,,,,,
2577,12/3/22 14:00,340.7,4.7,,,,,
2578,12/3/22 14:30,341.4,4.8,,,,,
2579,12/3/22 15:00,389.7,4.86,,,,,
2580,12/3/22 15:30,450.7,4.87,,,,,
2581,12/3/22 16:00,387.7,4.87,,,,,
2582,12/3/22 16:30,331.8,4.8,,,,,
2583,12/3/22 17:00,340.6,4.78,,,,,
2584,12/3/22 17:30,337.4,4.74,,,,,
2585,12/3/22 18:00,339.9,4.69,,,,,
2586,12/3/22 18:30,339.9,4.64,,,,,
2587,12/3/22 19:00,339.9,4.62,,,,,
2588,12/3/22 19:30,339.9,4.64,,,,,
2589,12/3/22 20:00,339.5,4.6,,,,,
2590,12/3/22 20:30,338.7,4.49,,,,,
2591,12/3/22 21:00,338.3,4.44,,,,,
2592,12/3/22 21:30,338.3,4.44,,,,,
2593,12/3/22 22:00,338.7,4.47,,,,,
2594,12/3/22 22:30,337.5,4.44,,,,,
2595,12/3/22 23:00,337.9,4.44,,,,,
2596,12/3/22 23:30,337.5,4.43,,,,,
2597,12/4/22 0:00,336.8,4.38,,,,,
2598,12/4/22 0:30,336.7,4.4,,,,,
2599,12/4/22 1:00,337.5,4.43,,,,,
2600,12/4/22 1:30,337.9,4.44,,,,,
2601,12/4/22 2:00,337.9,4.42,,,,,
2602,12/4/22 2:30,337.6,4.4,,,,,
2603,12/4/22 3:00,337.6,4.35,,,,,
2604,12/4/22 3:30,337.6,4.36,,,,,
2605,12/4/22 4:00,337.2,4.34,,,,,
2606,12/4/22 4:30,336.8,4.31,,,,,
2607,12/4/22 5:00,336.8,4.31,,,,,
2608,12/4/22 5:30,336.8,4.31,,,,,
2609,12/4/22 6:00,336.8,4.31,,,,,
2610,12/4/22 6:30,336.8,4.3,,,,,
2611,12/4/22 7:00,336.8,4.3,,,,,
2612,12/4/22 7:30,336.8,4.3,,,,,
2613,12/4/22 8:00,336.4,4.27,,,,,
2614,12/4/22 8:30,336.4,4.27,,,,,
2615,12/4/22 9:00,336.8,4.29,,,,,
2616,12/4/22 9:30,336.4,4.27,,,,,
2617,12/4/22 10:00,336.4,4.27,,,,,
2618,12/4/22 10:30,336.8,4.29,,,,,
2619,12/4/22 11:00,336.8,4.31,,,,,
2620,12/4/22 11:30,336.8,4.34,,,,,
2621,12/4/22 12:00,337.2,4.36,,,,,
2622,12/4/22 12:30,337.6,4.38,,,,,
2623,12/4/22 13:00,336.4,4.25,,,,,
2624,12/4/22 13:30,336.8,4.31,,,,,
2625,12/4/22 14:00,336.4,4.24,,,,,
2626,12/4/22 14:30,337.2,4.31,,,,,
2627,12/4/22 15:00,337.6,4.34,,,,,
2628,12/4/22 15:30,337.6,4.34,,,,,
2629,12/4/22 16:00,337.5,4.42,,,,,
2630,12/4/22 16:30,337.6,4.38,,,,,
2631,12/4/22 17:00,337.2,4.35,,,,,
2632,12/4/22 17:30,337.6,4.36,,,,,
2633,12/4/22 18:00,337.6,4.36,,,,,
2634,12/4/22 18:30,337.2,4.34,,,,,
2635,12/4/22 19:00,336.8,4.3,,,,,
2636,12/4/22 19:30,336.8,4.27,,,,,
2637,12/4/22 20:00,336.4,4.25,,,,,
2638,12/4/22 20:30,336,4.22,,,,,
2639,12/4/22 21:00,336.4,4.21,,,,,
2640,12/4/22 21:30,336.4,4.22,,,,,
2641,12/4/22 22:00,335.6,4.2,,,,,
2642,12/4/22 22:30,336,4.2,,,,,
2643,12/4/22 23:00,335.2,4.17,,,,,
2644,12/4/22 23:30,334.8,4.13,,,,,
2645,12/5/22 0:00,334.8,4.13,,,,,
2646,12/5/22 0:30,334.8,4.09,,,,,
2647,12/5/22 1:00,334.4,4.08,,,,,
2648,12/5/22 1:30,334.8,4.09,,,,,
2649,12/5/22 2:00,334.4,4.09,,,,,
2650,12/5/22 2:30,334.8,4.09,,,,,
2651,12/5/22 3:00,335.2,4.09,,,,,
2652,12/5/22 3:30,334.8,4.11,,,,,
2653,12/5/22 4:00,335.2,4.09,,,,,
2654,12/5/22 4:30,334.8,4.11,,,,,
2655,12/5/22 5:00,335.2,4.11,,,,,
2656,12/5/22 5:30,334.8,4.11,,,,,
2657,12/5/22 6:00,334.8,4.09,,,,,
2658,12/5/22 6:30,334.8,4.09,,,,,
2659,12/5/22 7:00,334.8,4.12,,,,,
2660,12/5/22 7:30,335.2,4.11,,,,,
2661,12/5/22 8:00,335.2,4.11,,,,,
2662,12/5/22 8:30,334.8,4.11,,,,,
2663,12/5/22 9:00,334.8,4.12,,,,,
2664,12/5/22 9:30,335.2,4.13,,,,,
2665,12/5/22 10:00,334.8,4.13,,,,,
2666,12/5/22 10:30,335.2,4.13,,,,,
2667,12/5/22 11:00,335.2,4.15,,,,,
2668,12/5/22 11:30,335.2,4.16,,,,,
2669,12/5/22 12:00,335.2,4.17,,,,,
2670,12/5/22 12:30,335.2,4.16,,,,,
2671,12/5/22 13:00,335.2,4.18,,,,,
2672,12/5/22 13:30,335.2,4.2,,,,,
2673,12/5/22 14:00,335.2,4.21,,,,,
2674,12/5/22 14:30,335.6,4.22,,,,,
2675,12/5/22 15:00,336,4.24,,,,,
2676,12/5/22 15:30,336,4.26,,,,,
2677,12/5/22 16:00,336,4.24,,,,,
2678,12/5/22 16:30,336.4,4.26,,,,,
2679,12/5/22 17:00,336.4,4.26,,,,,
2680,12/5/22 17:30,336.4,4.27,,,,,
2681,12/5/22 18:00,336.4,4.26,,,,,
2682,12/5/22 18:30,336.4,4.26,,,,,
2683,12/5/22 19:00,336.4,4.27,,,,,
2684,12/5/22 19:30,336.4,4.25,,,,,
2685,12/5/22 20:00,336.4,4.25,,,,,
2686,12/5/22 20:30,336.4,4.25,,,,,
2687,12/5/22 21:00,336,4.24,,,,,
2688,12/5/22 21:30,336,4.24,,,,,
2689,12/5/22 22:00,336,4.22,,,,,
2690,12/5/22 22:30,335.6,4.21,,,,,
2691,12/5/22 23:00,335.6,4.18,,,,,
2692,12/5/22 23:30,335.6,4.2,,,,,
2693,12/6/22 0:00,335.6,4.18,,,,,
2694,12/6/22 0:30,337.2,4.18,,,,,
2695,12/6/22 1:00,335.6,4.17,,,,,
2696,12/6/22 1:30,335.2,4.16,,,,,
2697,12/6/22 2:00,335.2,4.15,,,,,
2698,12/6/22 2:30,335.2,4.11,,,,,
2699,12/6/22 3:00,335.2,4.12,,,,,
2700,12/6/22 3:30,334.4,4.09,,,,,
2701,12/6/22 4:00,334.8,4.12,,,,,
2702,12/6/22 4:30,334.8,4.09,,,,,
2703,12/6/22 5:00,334.4,4.08,,,,,
2704,12/6/22 5:30,334.5,4.07,,,,,
2705,12/6/22 6:00,334.5,4.04,,,,,
2706,12/6/22 6:30,334.8,4.11,,,,,
2707,12/6/22 7:00,334.5,4.04,,,,,
2708,12/6/22 7:30,334.5,4.06,,,,,
2709,12/6/22 8:00,334.5,4.06,,,,,
2710,12/6/22 8:30,333.7,3.99,,,,,
2711,12/6/22 9:00,334,4.07,,,,,
2712,12/6/22 9:30,334.8,4.09,,,,,
2713,12/6/22 10:00,334.1,4.02,,,,,
2714,12/6/22 10:30,333.7,4,,,,,
2715,12/6/22 11:00,334.1,4.04,,,,,
2716,12/6/22 11:30,334.1,4.03,,,,,
2717,12/6/22 12:00,334.1,4.06,,,,,
2718,12/6/22 12:30,334.1,4.04,,,,,
2719,12/6/22 13:00,334.1,4.04,,,,,
2720,12/6/22 13:30,334.1,4.06,,,,,
2721,12/6/22 14:00,334.5,4.06,,,,,
2722,12/6/22 14:30,334,4.08,,,,,
2723,12/6/22 15:00,334,4.08,,,,,
2724,12/6/22 15:30,334,4.08,,,,,
2725,12/6/22 16:00,334.4,4.11,,,,,
2726,12/6/22 16:30,334.4,4.11,,,,,
2727,12/6/22 17:00,334.4,4.08,,,,,
2728,12/6/22 17:30,334,4.07,,,,,
2729,12/6/22 18:00,334.4,4.08,,,,,
2730,12/6/22 18:30,334.4,4.09,,,,,
2731,12/6/22 19:00,333.6,4.07,,,,,
2732,12/6/22 19:30,338.5,4.07,,,,,
2733,12/6/22 20:00,339.3,4.08,,,,,
2734,12/6/22 20:30,338.1,4.08,,,,,
2735,12/6/22 21:00,334.4,4.11,,,,,
2736,12/6/22 21:30,334.8,4.08,,,,,
2737,12/6/22 22:00,346.1,4.08,,,,,
2738,12/6/22 22:30,342.9,4.09,,,,,
2739,12/6/22 23:00,364.2,4.11,,,,,
2740,12/6/22 23:30,341.3,4.09,,,,,
2741,12/7/22 0:00,342.5,4.08,,,,,
2742,12/7/22 0:30,347.7,4.09,,,,,
2743,12/7/22 1:00,353,4.09,,,,,
2744,12/7/22 1:30,348.9,4.12,,,,,
2745,12/7/22 2:00,344.5,4.08,,,,,
2746,12/7/22 2:30,338.1,4.04,,,,,
2747,12/7/22 3:00,351,4.06,,,,,
2748,12/7/22 3:30,346.9,4.07,,,,,
2749,12/7/22 4:00,349.3,4.09,,,,,
2750,12/7/22 4:30,347.7,4.06,,,,,
2751,12/7/22 5:00,349.7,4.07,,,,,
2752,12/7/22 5:30,343.3,4.06,,,,,
2753,12/7/22 6:00,377.5,4.07,,,,,
2754,12/7/22 6:30,405,4.06,,,,,
2755,12/7/22 7:00,364.2,4.06,,,,,
2756,12/7/22 7:30,321.6,4.06,,,,,
2757,12/7/22 8:00,322.8,4.04,,,,,
2758,12/7/22 8:30,338.1,4.03,,,,,
2759,12/7/22 9:00,346.1,4.03,,,,,
2760,12/7/22 9:30,329.6,4,,,,,
2761,12/7/22 10:00,332.9,4.04,,,,,
2762,12/7/22 10:30,333.7,4.03,,,,,
2763,12/7/22 11:00,325.2,4.02,,,,,
2764,12/7/22 11:30,332.9,4.03,,,,,
2765,12/7/22 12:00,333.3,4.02,,,,,
2766,12/7/22 12:30,333.3,4.03,,,,,
2767,12/7/22 13:00,333.7,4.03,,,,,
2768,12/7/22 13:30,331.6,4.04,,,,,
2769,12/7/22 14:00,333.3,4.03,,,,,
2770,12/7/22 14:30,333.7,4.04,,,,,
2771,12/7/22 15:00,333.7,4.04,,,,,
2772,12/7/22 15:30,333.7,4.04,,,,,
2773,12/7/22 16:00,333.3,4.04,,,,,
2774,12/7/22 16:30,333.7,4.04,,,,,
2775,12/7/22 17:00,333.7,4.06,,,,,
2776,12/7/22 17:30,334.1,4.06,,,,,
2777,12/7/22 18:00,334,4.07,,,,,
2778,12/7/22 18:30,334,4.08,,,,,
2779,12/7/22 19:00,334.1,4.06,,,,,
2780,12/7/22 19:30,334.1,4.04,,,,,
2781,12/7/22 20:00,333.7,4.03,,,,,
2782,12/7/22 20:30,334.1,4.03,,,,,
2783,12/7/22 21:00,334.1,4.03,,,,,
2784,12/7/22 21:30,334.1,4.04,,,,,
2785,12/7/22 22:00,334.1,4.04,,,,,
2786,12/7/22 22:30,334.1,4.03,,,,,
2787,12/7/22 23:00,334.1,4.03,,,,,
2788,12/7/22 23:30,334.5,4.06,,,,,
2789,12/8/22 0:00,336.1,4.02,,,,,
2790,12/8/22 0:30,382,4,,,,,
2791,12/8/22 1:00,380.4,4.02,,,,,
2792,12/8/22 1:30,376,3.99,,,,,
2793,12/8/22 2:00,376.8,3.96,,,,,
2794,12/8/22 2:30,368.7,3.95,,,,,
2795,12/8/22 3:00,368.7,3.96,,,,,
2796,12/8/22 3:30,368.7,3.96,,,,,
2797,12/8/22 4:00,351.8,3.93,,,,,
2798,12/8/22 4:30,334.1,3.94,,,,,
2799,12/8/22 5:00,332.5,3.91,,,,,
2800,12/8/22 5:30,332.9,3.93,,,,,
2801,12/8/22 6:00,332.9,3.94,,,,,
2802,12/8/22 6:30,333.7,3.98,,,,,
2803,12/8/22 7:00,332.9,3.94,,,,,
2804,12/8/22 7:30,333.7,3.98,,,,,
2805,12/8/22 8:00,333.3,3.95,,,,,
2806,12/8/22 8:30,332.9,3.95,,,,,
2807,12/8/22 9:00,333.3,3.96,,,,,
2808,12/8/22 9:30,332.9,3.96,,,,,
2809,12/8/22 10:00,333.3,3.98,,,,,
2810,12/8/22 10:30,333.3,3.98,,,,,
2811,12/8/22 11:00,333.3,3.98,,,,,
2812,12/8/22 11:30,333.3,4,,,,,
2813,12/8/22 12:00,333.7,4.02,,,,,
2814,12/8/22 12:30,333.7,4.03,,,,,
2815,12/8/22 13:00,333.7,4.04,,,,,
2816,12/8/22 13:30,334,4.07,,,,,
2817,12/8/22 14:00,334,4.07,,,,,
2818,12/8/22 14:30,334,4.09,,,,,
2819,12/8/22 15:00,334,4.09,,,,,
2820,12/8/22 15:30,334,4.11,,,,,
2821,12/8/22 16:00,334.4,4.11,,,,,
2822,12/8/22 16:30,334,4.08,,,,,
2823,12/8/22 17:00,334,4.07,,,,,
2824,12/8/22 17:30,336.1,4.04,,,,,
2825,12/8/22 18:00,335.3,4.02,,,,,
2826,12/8/22 18:30,334.5,3.91,,,,,
2827,12/8/22 19:00,335.3,4,,,,,
2828,12/8/22 19:30,339.7,3.98,,,,,
2829,12/8/22 20:00,336.1,3.98,,,,,
2830,12/8/22 20:30,333.3,3.98,,,,,
2831,12/8/22 21:00,332.9,3.95,,,,,
2832,12/8/22 21:30,333.3,3.94,,,,,
2833,12/8/22 22:00,332.9,3.93,,,,,
2834,12/8/22 22:30,332.5,3.91,,,,,
2835,12/8/22 23:00,332.9,3.9,,,,,
2836,12/8/22 23:30,331.7,3.89,,,,,
2837,12/9/22 0:00,467.4,3.87,,,,,
2838,12/9/22 0:30,332.9,3.87,,,,,
2839,12/9/22 1:00,332.5,3.86,,,,,
2840,12/9/22 1:30,332.5,3.87,,,,,
2841,12/9/22 2:00,332.5,3.86,,,,,
2842,12/9/22 2:30,332.5,3.86,,,,,
2843,12/9/22 3:00,332.1,3.82,,,,,
2844,12/9/22 3:30,333.7,3.85,,,,,
2845,12/9/22 4:00,333.3,3.84,,,,,
2846,12/9/22 4:30,334.5,3.84,,,,,
2847,12/9/22 5:00,333.3,3.85,,,,,
2848,12/9/22 5:30,332.1,3.82,,,,,
2849,12/9/22 6:00,332.1,3.84,,,,,
2850,12/9/22 6:30,332.1,3.86,,,,,
2851,12/9/22 7:00,332.1,3.78,,,,,
2852,12/9/22 7:30,331.4,3.68,,,,,
2853,12/9/22 8:00,329.4,3.53,,,,,
2854,12/9/22 8:30,328.6,3.42,,,,,
2855,12/9/22 9:00,328.3,3.35,,,,,
2856,12/9/22 9:30,327.1,3.31,,,,,
2857,12/9/22 10:00,328.7,3.22,,,,,
2858,12/9/22 10:30,325.9,3.19,,,,,
2859,12/9/22 11:00,326.7,3.09,,,,,
2860,12/9/22 11:30,323.9,3.06,,,,,
2861,12/9/22 12:00,325.1,3.07,,,,,
2862,12/9/22 12:30,325.1,3.06,,,,,
2863,12/9/22 13:00,325.5,3.1,,,,,
2864,12/9/22 13:30,325.1,3.14,,,,,
2865,12/9/22 14:00,325.5,3.18,,,,,
2866,12/9/22 14:30,328.7,3.2,,,,,
2867,12/9/22 15:00,326.7,3.23,,,,,
2868,12/9/22 15:30,327.5,3.24,,,,,
2869,12/9/22 16:00,325.9,3.2,,,,,
2870,12/9/22 16:30,325.1,3.1,,,,,
2871,12/9/22 17:00,324.3,3.05,,,,,
2872,12/9/22 17:30,324.3,3.04,,,,,
2873,12/9/22 18:00,324,2.98,,,,,
2874,12/9/22 18:30,323.6,2.95,,,,,
2875,12/9/22 19:00,322.8,2.91,,,,,
2876,12/9/22 19:30,323.6,2.91,,,,,
2877,12/9/22 20:00,323.6,2.92,,,,,
2878,12/9/22 20:30,323.6,2.95,,,,,
2879,12/9/22 21:00,323.2,2.93,,,,,
2880,12/9/22 21:30,323.6,2.95,,,,,
2881,12/9/22 22:00,323.6,2.95,,,,,
2882,12/9/22 22:30,326.4,2.97,,,,,
2883,12/9/22 23:00,324.4,2.96,,,,,
2884,12/9/22 23:30,324,2.98,,,,,
2885,12/10/22 0:00,324.4,2.98,,,,,
2886,12/10/22 0:30,325.2,2.96,,,,,
2887,12/10/22 1:00,323.6,2.96,,,,,
2888,12/10/22 1:30,324.4,2.97,,,,,
2889,12/10/22 2:00,324,2.98,,,,,
2890,12/10/22 2:30,323.6,3,,,,,
2891,12/10/22 3:00,323.6,3,,,,,
2892,12/10/22 3:30,324,3.01,,,,,
2893,12/10/22 4:00,323.9,3.02,,,,,
2894,12/10/22 4:30,323.9,3.04,,,,,
2895,12/10/22 5:00,323.9,3.04,,,,,
2896,12/10/22 5:30,323.9,3.04,,,,,
2897,12/10/22 6:00,323.9,3.06,,,,,
2898,12/10/22 6:30,324.3,3.06,,,,,
2899,12/10/22 7:00,324.3,3.07,,,,,
2900,12/10/22 7:30,324.7,3.11,,,,,
2901,12/10/22 8:00,325.1,3.11,,,,,
2902,12/10/22 8:30,324.7,3.14,,,,,
2903,12/10/22 9:00,325.1,3.14,,,,,
2904,12/10/22 9:30,325.1,3.14,,,,,
2905,12/10/22 10:00,325.1,3.13,,,,,
2906,12/10/22 10:30,324.7,3.14,,,,,
2907,12/10/22 11:00,324.3,3.14,,,,,
2908,12/10/22 11:30,325.1,3.15,,,,,
2909,12/10/22 12:00,324.7,3.16,,,,,
2910,12/10/22 12:30,325.1,3.18,,,,,
2911,12/10/22 13:00,325.1,3.19,,,,,
2912,12/10/22 13:30,325.1,3.2,,,,,
2913,12/10/22 14:00,325.1,3.2,,,,,
2914,12/10/22 14:30,325.9,3.24,,,,,
2915,12/10/22 15:00,327.1,3.35,,,,,
2916,12/10/22 15:30,326.3,3.33,,,,,
2917,12/10/22 16:00,327,3.37,,,,,
2918,12/10/22 16:30,327,3.37,,,,,
2919,12/10/22 17:00,328.2,3.47,,,,,
2920,12/10/22 17:30,327.8,3.44,,,,,
2921,12/10/22 18:00,328.6,3.5,,,,,
2922,12/10/22 18:30,329,3.55,,,,,
2923,12/10/22 19:00,329,3.56,,,,,
2924,12/10/22 19:30,329.4,3.56,,,,,
2925,12/10/22 20:00,329.4,3.58,,,,,
2926,12/10/22 20:30,329,3.58,,,,,
2927,12/10/22 21:00,329.4,3.58,,,,,
2928,12/10/22 21:30,329.4,3.56,,,,,
2929,12/10/22 22:00,329.4,3.58,,,,,
2930,12/10/22 22:30,329,3.58,,,,,
2931,12/10/22 23:00,329,3.56,,,,,
2932,12/10/22 23:30,329,3.56,,,,,
2933,12/11/22 0:00,329,3.55,,,,,
2934,12/11/22 0:30,329.4,3.56,,,,,
2935,12/11/22 1:00,329,3.55,,,,,
2936,12/11/22 1:30,329,3.54,,,,,
2937,12/11/22 2:00,328.6,3.54,,,,,
2938,12/11/22 2:30,329,3.55,,,,,
2939,12/11/22 3:00,329,3.54,,,,,
2940,12/11/22 3:30,329,3.54,,,,,
2941,12/11/22 4:00,328.6,3.5,,,,,
2942,12/11/22 4:30,328.2,3.49,,,,,
2943,12/11/22 5:00,327.8,3.45,,,,,
2944,12/11/22 5:30,327.4,3.44,,,,,
2945,12/11/22 6:00,328.2,3.45,,,,,
2946,12/11/22 6:30,328.2,3.49,,,,,
2947,12/11/22 7:00,328.6,3.51,,,,,
2948,12/11/22 7:30,329,3.51,,,,,
2949,12/11/22 8:00,328.6,3.51,,,,,
2950,12/11/22 8:30,328.6,3.51,,,,,
2951,12/11/22 9:00,328.6,3.53,,,,,
2952,12/11/22 9:30,328.6,3.53,,,,,
2953,12/11/22 10:00,329,3.54,,,,,
2954,12/11/22 10:30,329,3.54,,,,,
2955,12/11/22 11:00,329,3.55,,,,,
2956,12/11/22 11:30,329,3.56,,,,,
2957,12/11/22 12:00,329.4,3.59,,,,,
2958,12/11/22 12:30,329,3.58,,,,,
2959,12/11/22 13:00,329.4,3.58,,,,,
2960,12/11/22 13:30,329,3.58,,,,,
2961,12/11/22 14:00,329.4,3.59,,,,,
2962,12/11/22 14:30,329,3.59,,,,,
2963,12/11/22 15:00,329,3.56,,,,,
2964,12/11/22 15:30,329,3.58,,,,,
2965,12/11/22 16:00,329.4,3.56,,,,,
2966,12/11/22 16:30,329,3.56,,,,,
2967,12/11/22 17:00,329,3.58,,,,,
2968,12/11/22 17:30,329,3.59,,,,,
2969,12/11/22 18:00,329.4,3.58,,,,,
2970,12/11/22 18:30,329.8,3.62,,,,,
2971,12/11/22 19:00,329.8,3.59,,,,,
2972,12/11/22 19:30,329.4,3.6,,,,,
2973,12/11/22 20:00,329.8,3.6,,,,,
2974,12/11/22 20:30,329.8,3.6,,,,,
2975,12/11/22 21:00,329.4,3.6,,,,,
2976,12/11/22 21:30,329,3.55,,,,,
2977,12/11/22 22:00,328.6,3.51,,,,,
2978,12/11/22 22:30,329,3.55,,,,,
2979,12/11/22 23:00,329,3.53,,,,,
2980,12/11/22 23:30,328.6,3.5,,,,,
2981,12/12/22 0:00,328.6,3.5,,,,,
2982,12/12/22 0:30,328.6,3.51,,,,,
2983,12/12/22 1:00,328.6,3.5,,,,,
2984,12/12/22 1:30,328.6,3.51,,,,,
2985,12/12/22 2:00,329,3.5,,,,,
2986,12/12/22 2:30,329,3.53,,,,,
2987,12/12/22 3:00,329,3.54,,,,,
2988,12/12/22 3:30,329.4,3.54,,,,,
2989,12/12/22 4:00,329.8,3.58,,,,,
2990,12/12/22 4:30,329.4,3.55,,,,,
2991,12/12/22 5:00,329.4,3.58,,,,,
2992,12/12/22 5:30,329.4,3.59,,,,,
2993,12/12/22 6:00,329.4,3.56,,,,,
2994,12/12/22 6:30,329.4,3.58,,,,,
2995,12/12/22 7:00,329.4,3.56,,,,,
2996,12/12/22 7:30,329,3.56,,,,,
2997,12/12/22 8:00,329.4,3.58,,,,,
2998,12/12/22 8:30,329.4,3.56,,,,,
2999,12/12/22 9:00,329.4,3.56,,,,,
3000,12/12/22 9:30,329,3.56,,,,,
3001,12/12/22 10:00,329,3.56,,,,,
3002,12/12/22 10:30,329.4,3.55,,,,,
3003,12/12/22 11:00,329.4,3.56,,,,,
3004,12/12/22 11:30,329,3.56,,,,,
3005,12/12/22 12:00,329.4,3.56,,,,,
3006,12/12/22 12:30,329.4,3.58,,,,,
3007,12/12/22 13:00,329.4,3.56,,,,,
3008,12/12/22 13:30,329.4,3.59,,,,,
3009,12/12/22 14:00,329.4,3.58,,,,,
3010,12/12/22 14:30,329.4,3.58,,,,,
3011,12/12/22 15:00,329.4,3.6,,,,,
3012,12/12/22 15:30,329.4,3.59,,,,,
3013,12/12/22 16:00,329.4,3.59,,,,,
3014,12/12/22 16:30,329.4,3.59,,,,,
3015,12/12/22 17:00,329.4,3.58,,,,,
3016,12/12/22 17:30,329,3.58,,,,,
3017,12/12/22 18:00,329,3.54,,,,,
3018,12/12/22 18:30,328.6,3.47,,,,,
3019,12/12/22 19:00,328.6,3.47,,,,,
3020,12/12/22 19:30,328.6,3.45,,,,,
3021,12/12/22 20:00,328.6,3.46,,,,,
3022,12/12/22 20:30,328.2,3.45,,,,,
3023,12/12/22 21:00,328.2,3.46,,,,,
3024,12/12/22 21:30,328.6,3.47,,,,,
3025,12/12/22 22:00,328.2,3.46,,,,,
3026,12/12/22 22:30,328.6,3.46,,,,,
3027,12/12/22 23:00,328.2,3.42,,,,,
3028,12/12/22 23:30,328.2,3.44,,,,,
3029,12/13/22 0:00,328.2,3.42,,,,,
3030,12/13/22 0:30,328.2,3.4,,,,,
3031,12/13/22 1:00,328.2,3.4,,,,,
3032,12/13/22 1:30,327.8,3.4,,,,,
3033,12/13/22 2:00,328.2,3.4,,,,,
3034,12/13/22 2:30,328.3,3.38,,,,,
3035,12/13/22 3:00,328.3,3.38,,,,,
3036,12/13/22 3:30,328.3,3.38,,,,,
3037,12/13/22 4:00,328.3,3.38,,,,,
3038,12/13/22 4:30,328.3,3.38,,,,,
3039,12/13/22 5:00,328.3,3.38,,,,,
3040,12/13/22 5:30,328.2,3.4,,,,,
3041,12/13/22 6:00,328.2,3.4,,,,,
3042,12/13/22 6:30,328.2,3.4,,,,,
3043,12/13/22 7:00,328.2,3.41,,,,,
3044,12/13/22 7:30,328.2,3.41,,,,,
3045,12/13/22 8:00,328.2,3.4,,,,,
3046,12/13/22 8:30,328.6,3.44,,,,,
3047,12/13/22 9:00,328.2,3.42,,,,,
3048,12/13/22 9:30,328.6,3.44,,,,,
3049,12/13/22 10:00,328.6,3.46,,,,,
3050,12/13/22 10:30,329,3.49,,,,,
3051,12/13/22 11:00,329,3.5,,,,,
3052,12/13/22 11:30,329,3.51,,,,,
3053,12/13/22 12:00,329,3.53,,,,,
3054,12/13/22 12:30,329,3.5,,,,,
3055,12/13/22 13:00,328.6,3.5,,,,,
3056,12/13/22 13:30,328.6,3.49,,,,,
3057,12/13/22 14:00,328.6,3.49,,,,,
3058,12/13/22 14:30,328.6,3.49,,,,,
3059,12/13/22 15:00,328.6,3.49,,,,,
3060,12/13/22 15:30,328.6,3.47,,,,,
3061,12/13/22 16:00,328.6,3.49,,,,,
3062,12/13/22 16:30,328.6,3.49,,,,,
3063,12/13/22 17:00,328.6,3.49,,,,,
3064,12/13/22 17:30,328.6,3.47,,,,,
3065,12/13/22 18:00,328.6,3.49,,,,,
3066,12/13/22 18:30,328.6,3.47,,,,,
3067,12/13/22 19:00,328.6,3.46,,,,,
3068,12/13/22 19:30,328.6,3.46,,,,,
3069,12/13/22 20:00,328.2,3.46,,,,,
3070,12/13/22 20:30,328.2,3.46,,,,,
3071,12/13/22 21:00,328.2,3.45,,,,,
3072,12/13/22 21:30,328.6,3.46,,,,,
3073,12/13/22 22:00,328.2,3.44,,,,,
3074,12/13/22 22:30,328.2,3.44,,,,,
3075,12/13/22 23:00,327.8,3.42,,,,,
3076,12/13/22 23:30,328.2,3.44,,,,,
3077,12/14/22 0:00,328.2,3.45,,,,,
3078,12/14/22 0:30,328.2,3.46,,,,,
3079,12/14/22 1:00,328.2,3.45,,,,,
3080,12/14/22 1:30,328.2,3.46,,,,,
3081,12/14/22 2:00,328.2,3.45,,,,,
3082,12/14/22 2:30,328.2,3.45,,,,,
3083,12/14/22 3:00,328.2,3.46,,,,,
3084,12/14/22 3:30,328.2,3.45,,,,,
3085,12/14/22 4:00,328.2,3.45,,,,,
3086,12/14/22 4:30,328.2,3.44,,,,,
3087,12/14/22 5:00,328.2,3.42,,,,,
3088,12/14/22 5:30,327.8,3.44,,,,,
3089,12/14/22 6:00,327.8,3.45,,,,,
3090,12/14/22 6:30,327.8,3.44,,,,,
3091,12/14/22 7:00,327.8,3.46,,,,,
3092,12/14/22 7:30,327.8,3.45,,,,,
3093,12/14/22 8:00,327.8,3.42,,,,,
3094,12/14/22 8:30,327.8,3.46,,,,,
3095,12/14/22 9:00,327.8,3.44,,,,,
3096,12/14/22 9:30,327.4,3.44,,,,,
3097,12/14/22 10:00,327.8,3.44,,,,,
3098,12/14/22 10:30,327.8,3.46,,,,,
3099,12/14/22 11:00,327.8,3.46,,,,,
3100,12/14/22 11:30,327.8,3.46,,,,,
3101,12/14/22 12:00,327.4,3.45,,,,,
3102,12/14/22 12:30,327.8,3.45,,,,,
3103,12/14/22 13:00,327.4,3.45,,,,,
3104,12/14/22 13:30,327,3.45,,,,,
3105,12/14/22 14:00,327.4,3.44,,,,,
3106,12/14/22 14:30,327.4,3.44,,,,,
3107,12/14/22 15:00,327.4,3.44,,,,,
3108,12/14/22 15:30,327,3.41,,,,,
3109,12/14/22 16:00,327,3.41,,,,,
3110,12/14/22 16:30,327,3.41,,,,,
3111,12/14/22 17:00,327,3.41,,,,,
3112,12/14/22 17:30,327,3.42,,,,,
3113,12/14/22 18:00,327,3.42,,,,,
3114,12/14/22 18:30,327,3.44,,,,,
3115,12/14/22 19:00,327,3.44,,,,,
3116,12/14/22 19:30,327,3.45,,,,,
3117,12/14/22 20:00,327.4,3.46,,,,,
3118,12/14/22 20:30,327.8,3.47,,,,,
3119,12/14/22 21:00,327.8,3.49,,,,,
3120,12/14/22 21:30,327.4,3.47,,,,,
3121,12/14/22 22:00,327,3.46,,,,,
3122,12/14/22 22:30,327,3.45,,,,,
3123,12/14/22 23:00,327,3.44,,,,,
3124,12/14/22 23:30,326.6,3.42,,,,,
3125,12/15/22 0:00,326.6,3.41,,,,,
3126,12/15/22 0:30,325.8,3.38,,,,,
3127,12/15/22 1:00,326.6,3.41,,,,,
3128,12/15/22 1:30,327,3.41,,,,,
3129,12/15/22 2:00,326.6,3.42,,,,,
3130,12/15/22 2:30,327,3.42,,,,,
3131,12/15/22 3:00,327,3.44,,,,,
3132,12/15/22 3:30,327,3.44,,,,,
3133,12/15/22 4:00,327,3.44,,,,,
3134,12/15/22 4:30,325.5,3.33,,,,,
3135,12/15/22 5:00,325.1,3.32,,,,,
3136,12/15/22 5:30,323.1,3.16,,,,,
3137,12/15/22 6:00,323.9,3.2,,,,,
3138,12/15/22 6:30,323.9,3.22,,,,,
3139,12/15/22 7:00,323.9,3.22,,,,,
3140,12/15/22 7:30,323.5,3.19,,,,,
3141,12/15/22 8:00,323.5,3.18,,,,,
3142,12/15/22 8:30,322.7,3.13,,,,,
3143,12/15/22 9:00,323.1,3.16,,,,,
3144,12/15/22 9:30,323.5,3.15,,,,,
3145,12/15/22 10:00,323.1,3.15,,,,,
3146,12/15/22 10:30,323.5,3.15,,,,,
3147,12/15/22 11:00,322.7,3.1,,,,,
3148,12/15/22 11:30,322.7,3.09,,,,,
3149,12/15/22 12:00,322.3,3.07,,,,,
3150,12/15/22 12:30,321.5,3.05,,,,,
3151,12/15/22 13:00,322.3,3.07,,,,,
3152,12/15/22 13:30,322.3,3.05,,,,,
3153,12/15/22 14:00,323.1,3.07,,,,,
3154,12/15/22 14:30,323.9,3.04,,,,,
3155,12/15/22 15:00,323.6,2.91,,,,,
3156,12/15/22 15:30,322.8,2.87,,,,,
3157,12/15/22 16:00,323.5,3.1,,,,,
3158,12/15/22 16:30,324.3,3.16,,,,,
3159,12/15/22 17:00,324.3,3.18,,,,,
3160,12/15/22 17:30,324.7,3.16,,,,,
3161,12/15/22 18:00,323.5,3.1,,,,,
3162,12/15/22 18:30,322.7,3.02,,,,,
3163,12/15/22 19:00,322.4,2.82,,,,,
3164,12/15/22 19:30,321.3,2.6,,,,,
3165,12/15/22 20:00,322.1,2.43,,,,,
3166,12/15/22 20:30,323,2.21,,,,,
3167,12/15/22 21:00,322.1,2.51,,,,,
3168,12/15/22 21:30,321.6,2.82,,,,,
3169,12/15/22 22:00,322,2.93,,,,,
3170,12/15/22 22:30,322.4,2.96,,,,,
3171,12/15/22 23:00,322.4,2.96,,,,,
3172,12/15/22 23:30,322.7,3,,,,,
3173,12/16/22 0:00,322.3,3,,,,,
3174,12/16/22 0:30,322.8,2.98,,,,,
3175,12/16/22 1:00,322.4,2.97,,,,,
3176,12/16/22 1:30,322.8,2.97,,,,,
3177,12/16/22 2:00,322.4,2.96,,,,,
3178,12/16/22 2:30,322.8,2.97,,,,,
3179,12/16/22 3:00,322.8,2.98,,,,,
3180,12/16/22 3:30,323.5,3.02,,,,,
3181,12/16/22 4:00,323.5,3.01,,,,,
3182,12/16/22 4:30,323.9,3.02,,,,,
3183,12/16/22 5:00,323.9,3.02,,,,,
3184,12/16/22 5:30,324.4,3.02,,,,,
3185,12/16/22 6:00,324,3.01,,,,,
3186,12/16/22 6:30,323.6,3,,,,,
3187,12/16/22 7:00,323.6,2.98,,,,,
3188,12/16/22 7:30,324,2.96,,,,,
3189,12/16/22 8:00,323.6,2.95,,,,,
3190,12/16/22 8:30,323.6,2.95,,,,,
3191,12/16/22 9:00,323.6,2.92,,,,,
3192,12/16/22 9:30,323.6,2.93,,,,,
3193,12/16/22 10:00,323.6,2.92,,,,,
3194,12/16/22 10:30,323.6,2.95,,,,,
3195,12/16/22 11:00,323.6,2.93,,,,,
3196,12/16/22 11:30,323.6,2.95,,,,,
3197,12/16/22 12:00,323.6,2.97,,,,,
3198,12/16/22 12:30,323.6,2.97,,,,,
3199,12/16/22 13:00,323.6,2.97,,,,,
3200,12/16/22 13:30,323.5,3.01,,,,,
3201,12/16/22 14:00,323.5,3.01,,,,,
3202,12/16/22 14:30,323.6,2.98,,,,,
3203,12/16/22 15:00,323.2,2.97,,,,,
3204,12/16/22 15:30,323.6,2.96,,,,,
3205,12/16/22 16:00,322.8,2.95,,,,,
3206,12/16/22 16:30,322.8,2.96,,,,,
3207,12/16/22 17:00,322.8,2.93,,,,,
3208,12/16/22 17:30,322.4,2.92,,,,,
3209,12/16/22 18:00,322.4,2.89,,,,,
3210,12/16/22 18:30,322.4,2.89,,,,,
3211,12/16/22 19:00,323.2,2.91,,,,,
3212,12/16/22 19:30,322.4,2.91,,,,,
3213,12/16/22 20:00,322.8,2.92,,,,,
3214,12/16/22 20:30,322.8,2.93,,,,,
3215,12/16/22 21:00,322.4,2.91,,,,,
3216,12/16/22 21:30,322.4,2.91,,,,,
3217,12/16/22 22:00,322.4,2.91,,,,,
3218,12/16/22 22:30,322.4,2.86,,,,,
3219,12/16/22 23:00,322.4,2.88,,,,,
3220,12/16/22 23:30,322.4,2.89,,,,,
3221,12/17/22 0:00,322,2.87,,,,,
3222,12/17/22 0:30,322,2.86,,,,,
3223,12/17/22 1:00,322.4,2.88,,,,,
3224,12/17/22 1:30,322,2.86,,,,,
3225,12/17/22 2:00,322,2.86,,,,,
3226,12/17/22 2:30,322,2.84,,,,,
3227,12/17/22 3:00,322.4,2.88,,,,,
3228,12/17/22 3:30,322.4,2.86,,,,,
3229,12/17/22 4:00,322,2.83,,,,,
3230,12/17/22 4:30,322,2.84,,,,,
3231,12/17/22 5:00,322,2.83,,,,,
3232,12/17/22 5:30,321.6,2.78,,,,,
3233,12/17/22 6:00,321.6,2.8,,,,,
3234,12/17/22 6:30,321.6,2.82,,,,,
3235,12/17/22 7:00,321.6,2.82,,,,,
3236,12/17/22 7:30,321.6,2.82,,,,,
3237,12/17/22 8:00,321.6,2.78,,,,,
3238,12/17/22 8:30,321.6,2.79,,,,,
3239,12/17/22 9:00,321.6,2.78,,,,,
3240,12/17/22 9:30,321.2,2.75,,,,,
3241,12/17/22 10:00,321.2,2.7,,,,,
3242,12/17/22 10:30,320.8,2.7,,,,,
3243,12/17/22 11:00,320.4,2.7,,,,,
3244,12/17/22 11:30,320.8,2.71,,,,,
3245,12/17/22 12:00,320.8,2.71,,,,,
3246,12/17/22 12:30,320.8,2.71,,,,,
3247,12/17/22 13:00,320.4,2.73,,,,,
3248,12/17/22 13:30,320.8,2.74,,,,,
3249,12/17/22 14:00,320.8,2.75,,,,,
3250,12/17/22 14:30,320.8,2.76,,,,,
3251,12/17/22 15:00,320.8,2.76,,,,,
3252,12/17/22 15:30,321.2,2.75,,,,,
3253,12/17/22 16:00,321.2,2.74,,,,,
3254,12/17/22 16:30,320.8,2.7,,,,,
3255,12/17/22 17:00,320.8,2.7,,,,,
3256,12/17/22 17:30,320.4,2.69,,,,,
3257,12/17/22 18:00,320,2.67,,,,,
3258,12/17/22 18:30,320,2.66,,,,,
3259,12/17/22 19:00,320,2.65,,,,,
3260,12/17/22 19:30,320.1,2.64,,,,,
3261,12/17/22 20:00,320.1,2.62,,,,,
3262,12/17/22 20:30,319.7,2.61,,,,,
3263,12/17/22 21:00,320.1,2.61,,,,,
3264,12/17/22 21:30,319.7,2.58,,,,,
3265,12/17/22 22:00,319.7,2.6,,,,,
3266,12/17/22 22:30,320.1,2.6,,,,,
3267,12/17/22 23:00,319.3,2.57,,,,,
3268,12/17/22 23:30,319.7,2.58,,,,,
3269,12/18/22 0:00,319.3,2.56,,,,,
3270,12/18/22 0:30,319.3,2.57,,,,,
3271,12/18/22 1:00,319.3,2.57,,,,,
3272,12/18/22 1:30,319.3,2.56,,,,,
3273,12/18/22 2:00,319.3,2.56,,,,,
3274,12/18/22 2:30,319.3,2.53,,,,,
3275,12/18/22 3:00,319.3,2.55,,,,,
3276,12/18/22 3:30,319.3,2.55,,,,,
3277,12/18/22 4:00,319.3,2.53,,,,,
3278,12/18/22 4:30,318.9,2.53,,,,,
3279,12/18/22 5:00,318.9,2.52,,,,,
3280,12/18/22 5:30,318.9,2.53,,,,,
3281,12/18/22 6:00,318.9,2.52,,,,,
3282,12/18/22 6:30,318.9,2.49,,,,,
3283,12/18/22 7:00,318.9,2.51,,,,,
3284,12/18/22 7:30,318.9,2.51,,,,,
3285,12/18/22 8:00,318.9,2.49,,,,,
3286,12/18/22 8:30,318.5,2.48,,,,,
3287,12/18/22 9:00,318.5,2.48,,,,,
3288,12/18/22 9:30,318.5,2.48,,,,,
3289,12/18/22 10:00,318.9,2.49,,,,,
3290,12/18/22 10:30,318.5,2.47,,,,,
3291,12/18/22 11:00,318.5,2.46,,,,,
3292,12/18/22 11:30,318.5,2.48,,,,,
3293,12/18/22 12:00,318.5,2.48,,,,,
3294,12/18/22 12:30,318.5,2.48,,,,,
3295,12/18/22 13:00,318.1,2.48,,,,,
3296,12/18/22 13:30,318.5,2.49,,,,,
3297,12/18/22 14:00,318.9,2.51,,,,,
3298,12/18/22 14:30,318.9,2.52,,,,,
3299,12/18/22 15:00,318.9,2.55,,,,,
3300,12/18/22 15:30,319.3,2.56,,,,,
3301,12/18/22 16:00,318.9,2.55,,,,,
3302,12/18/22 16:30,318.9,2.55,,,,,
3303,12/18/22 17:00,318.9,2.51,,,,,
3304,12/18/22 17:30,318.9,2.51,,,,,
3305,12/18/22 18:00,318.9,2.47,,,,,
3306,12/18/22 18:30,318.1,2.43,,,,,
3307,12/18/22 19:00,318.1,2.42,,,,,
3308,12/18/22 19:30,317.7,2.38,,,,,
3309,12/18/22 20:00,317.7,2.36,,,,,
3310,12/18/22 20:30,316.9,2.34,,,,,
3311,12/18/22 21:00,317.3,2.31,,,,,
3312,12/18/22 21:30,316.9,2.3,,,,,
3313,12/18/22 22:00,317,2.27,,,,,
3314,12/18/22 22:30,317.4,2.27,,,,,
3315,12/18/22 23:00,317.4,2.29,,,,,
3316,12/18/22 23:30,316.5,2.29,,,,,
3317,12/19/22 0:00,316.6,2.27,,,,,
3318,12/19/22 0:30,316.6,2.26,,,,,
3319,12/19/22 1:00,316.2,2.21,,,,,
3320,12/19/22 1:30,316.2,2.22,,,,,
3321,12/19/22 2:00,316.6,2.22,,,,,
3322,12/19/22 2:30,316.6,2.22,,,,,
3323,12/19/22 3:00,316.6,2.26,,,,,
3324,12/19/22 3:30,316.6,2.25,,,,,
3325,12/19/22 4:00,316.2,2.22,,,,,
3326,12/19/22 4:30,315.8,2.17,,,,,
3327,12/19/22 5:00,315.8,2.16,,,,,
3328,12/19/22 5:30,315.8,2.16,,,,,
3329,12/19/22 6:00,315.8,2.18,,,,,
3330,12/19/22 6:30,316.2,2.21,,,,,
3331,12/19/22 7:00,315.8,2.15,,,,,
3332,12/19/22 7:30,317.3,2.33,,,,,
3333,12/19/22 8:00,317.7,2.38,,,,,
3334,12/19/22 8:30,317.4,2.29,,,,,
3335,12/19/22 9:00,316.6,2.27,,,,,
3336,12/19/22 9:30,315.8,2.22,,,,,
3337,12/19/22 10:00,315.8,2.17,,,,,
3338,12/19/22 10:30,315,2.07,,,,,
3339,12/19/22 11:00,313.4,1.96,,,,,
3340,12/19/22 11:30,313.1,1.89,,,,,
3341,12/19/22 12:00,313.5,1.86,,,,,
3342,12/19/22 12:30,313.4,1.93,,,,,
3343,12/19/22 13:00,313.8,1.98,,,,,
3344,12/19/22 13:30,314.6,2.02,,,,,
3345,12/19/22 14:00,315,2.08,,,,,
3346,12/19/22 14:30,314.6,2.03,,,,,
3347,12/19/22 15:00,315,2.11,,,,,
3348,12/19/22 15:30,314.6,2.02,,,,,
3349,12/19/22 16:00,313.8,2,,,,,
3350,12/19/22 16:30,314.6,1.98,,,,,
3351,12/19/22 17:00,314.6,1.98,,,,,
3352,12/19/22 17:30,314.2,1.96,,,,,
3353,12/19/22 18:00,313.1,1.86,,,,,
3354,12/19/22 18:30,313.4,1.93,,,,,
3355,12/19/22 19:00,312.7,1.84,,,,,
3356,12/19/22 19:30,313.1,1.89,,,,,
3357,12/19/22 20:00,312.7,1.76,,,,,
3358,12/19/22 20:30,311.1,1.58,,,,,
3359,12/19/22 21:00,310.4,1.45,,,,,
3360,12/19/22 21:30,310,1.37,,,,,
3361,12/19/22 22:00,309.2,1.32,,,,,
3362,12/19/22 22:30,308.4,1.24,,,,,
3363,12/19/22 23:00,308.1,1.16,,,,,
3364,12/19/22 23:30,307.7,1.11,,,,,
3365,12/20/22 0:00,307.3,1.05,,,,,
3366,12/20/22 0:30,307.3,1.06,,,,,
3367,12/20/22 1:00,307.3,1.02,,,,,
3368,12/20/22 1:30,307.3,1.09,,,,,
3369,12/20/22 2:00,306.9,0.98,,,,,
3370,12/20/22 2:30,306.9,0.98,,,,,
3371,12/20/22 3:00,307.3,1.13,,,,,
3372,12/20/22 3:30,306.5,0.96,,,,,
3373,12/20/22 4:00,306.9,1.06,,,,,
3374,12/20/22 4:30,306.9,1,,,,,
3375,12/20/22 5:00,306.1,0.87,,,,,
3376,12/20/22 5:30,306.1,0.89,,,,,
3377,12/20/22 6:00,305.8,0.78,,,,,
3378,12/20/22 6:30,305.8,0.82,,,,,
3379,12/20/22 7:00,305.8,0.74,,,,,
3380,12/20/22 7:30,305.4,0.78,,,,,
3381,12/20/22 8:00,305.4,0.79,,,,,
3382,12/20/22 8:30,305,0.71,,,,,
3383,12/20/22 9:00,305.4,0.78,,,,,
3384,12/20/22 9:30,305.4,0.78,,,,,
3385,12/20/22 10:00,305,0.78,,,,,
3386,12/20/22 10:30,305.7,0.88,,,,,
3387,12/20/22 11:00,308,1.24,,,,,
3388,12/20/22 11:30,309.6,1.49,,,,,
3389,12/20/22 12:00,310,1.5,,,,,
3390,12/20/22 12:30,310,1.51,,,,,
3391,12/20/22 13:00,309.2,1.4,,,,,
3392,12/20/22 13:30,309.6,1.47,,,,,
3393,12/20/22 14:00,309.6,1.47,,,,,
3394,12/20/22 14:30,311.1,1.58,,,,,
3395,12/20/22 15:00,313.2,1.53,,,,,
3396,12/20/22 15:30,315.2,1.55,,,,,
3397,12/20/22 16:00,313.1,1.71,,,,,
3398,12/20/22 16:30,315.1,1.68,,,,,
3399,12/20/22 17:00,314.7,1.64,,,,,
3400,12/20/22 17:30,315.2,1.6,,,,,
3401,12/20/22 18:00,313.1,1.75,,,,,
3402,12/20/22 18:30,312.3,1.72,,,,,
3403,12/20/22 19:00,312.3,1.77,,,,,
3404,12/20/22 19:30,312.7,1.78,,,,,
3405,12/20/22 20:00,312.7,1.81,,,,,
3406,12/20/22 20:30,312.7,1.81,,,,,
3407,12/20/22 21:00,312.7,1.8,,,,,
3408,12/20/22 21:30,312.7,1.81,,,,,
3409,12/20/22 22:00,312.3,1.8,,,,,
3410,12/20/22 22:30,312.3,1.78,,,,,
3411,12/20/22 23:00,312.3,1.78,,,,,
3412,12/20/22 23:30,311.9,1.72,,,,,
3413,12/21/22 0:00,311.5,1.72,,,,,
3414,12/21/22 0:30,311.5,1.67,,,,,
3415,12/21/22 1:00,311.1,1.6,,,,,
3416,12/21/22 1:30,310.7,1.6,,,,,
3417,12/21/22 2:00,311.1,1.59,,,,,
3418,12/21/22 2:30,310,1.53,,,,,
3419,12/21/22 3:00,311.1,1.66,,,,,
3420,12/21/22 3:30,311.1,1.67,,,,,
3421,12/21/22 4:00,311.5,1.72,,,,,
3422,12/21/22 4:30,311.5,1.75,,,,,
3423,12/21/22 5:00,313.1,1.84,,,,,
3424,12/21/22 5:30,312.7,1.84,,,,,
3425,12/21/22 6:00,311.9,1.76,,,,,
3426,12/21/22 6:30,311.1,1.64,,,,,
3427,12/21/22 7:00,310.4,1.54,,,,,
3428,12/21/22 7:30,311.1,1.6,,,,,
3429,12/21/22 8:00,311.1,1.63,,,,,
3430,12/21/22 8:30,310.3,1.58,,,,,
3431,12/21/22 9:00,310.3,1.58,,,,,
3432,12/21/22 9:30,310.7,1.58,,,,,
3433,12/21/22 10:00,310,1.53,,,,,
3434,12/21/22 10:30,310.3,1.59,,,,,
3435,12/21/22 11:00,310.7,1.56,,,,,
3436,12/21/22 11:30,308.8,1.45,,,,,
3437,12/21/22 12:00,309.2,1.4,,,,,
3438,12/21/22 12:30,309.6,1.46,,,,,
3439,12/21/22 13:00,309.6,1.46,,,,,
3440,12/21/22 13:30,309.2,1.45,,,,,
3441,12/21/22 14:00,309.2,1.42,,,,,
3442,12/21/22 14:30,309.2,1.44,,,,,
3443,12/21/22 15:00,309.6,1.46,,,,,
3444,12/21/22 15:30,309.2,1.42,,,,,
3445,12/21/22 16:00,309.2,1.41,,,,,
3446,12/21/22 16:30,308.8,1.38,,,,,
3447,12/21/22 17:00,308.8,1.38,,,,,
3448,12/21/22 17:30,308.8,1.36,,,,,
3449,12/21/22 18:00,308.8,1.4,,,,,
3450,12/21/22 18:30,308.8,1.4,,,,,
3451,12/21/22 19:00,308.8,1.42,,,,,
3452,12/21/22 19:30,308.8,1.38,,,,,
3453,12/21/22 20:00,308.8,1.37,,,,,
3454,12/21/22 20:30,307.2,1.22,,,,,
3455,12/21/22 21:00,306.5,1.06,,,,,
3456,12/21/22 21:30,305.7,1.02,,,,,
3457,12/21/22 22:00,306.5,1.1,,,,,
3458,12/21/22 22:30,305.7,1.01,,,,,
3459,12/21/22 23:00,304.9,0.92,,,,,
3460,12/21/22 23:30,304.9,0.92,,,,,
3461,12/22/22 0:00,305.3,0.93,,,,,
3462,12/22/22 0:30,305.7,0.93,,,,,
3463,12/22/22 1:00,305.7,0.95,,,,,
3464,12/22/22 1:30,305.7,0.92,,,,,
3465,12/22/22 2:00,305.7,0.95,,,,,
3466,12/22/22 2:30,305.7,0.93,,,,,
3467,12/22/22 3:00,305.7,0.95,,,,,
3468,12/22/22 3:30,305.7,0.93,,,,,
3469,12/22/22 4:00,305.3,0.86,,,,,
3470,12/22/22 4:30,305.7,0.84,,,,,
3471,12/22/22 5:00,304.9,0.8,,,,,
3472,12/22/22 5:30,305,0.79,,,,,
3473,12/22/22 6:00,304.5,0.8,,,,,
3474,12/22/22 6:30,304.6,0.79,,,,,
3475,12/22/22 7:00,304.6,0.76,,,,,
3476,12/22/22 7:30,304.6,0.76,,,,,
3477,12/22/22 8:00,304.6,0.67,,,,,
3478,12/22/22 8:30,303.8,0.67,,,,,
3479,12/22/22 9:00,303.4,0.69,,,,,
3480,12/22/22 9:30,303.4,0.71,,,,,
3481,12/22/22 10:00,303.4,0.75,,,,,
3482,12/22/22 10:30,304.5,0.91,,,,,
3483,12/22/22 11:00,304.5,0.95,,,,,
3484,12/22/22 11:30,304.5,0.96,,,,,
3485,12/22/22 12:00,304.5,1,,,,,
3486,12/22/22 12:30,304.1,0.97,,,,,
3487,12/22/22 13:00,303.3,0.88,,,,,
3488,12/22/22 13:30,302.9,0.84,,,,,
3489,12/22/22 14:00,304.5,1.02,,,,,
3490,12/22/22 14:30,305.3,1.06,,,,,
3491,12/22/22 15:00,306.8,1.24,,,,,
3492,12/22/22 15:30,306,1.18,,,,,
3493,12/22/22 16:00,308.4,1.4,,,,,
3494,12/22/22 16:30,310.7,1.64,,,,,
3495,12/22/22 17:00,310.3,1.62,,,,,
3496,12/22/22 17:30,309.9,1.58,,,,,
3497,12/22/22 18:00,311.5,1.71,,,,,
3498,12/22/22 18:30,311.9,1.76,,,,,
3499,12/22/22 19:00,311.5,1.71,,,,,
3500,12/22/22 19:30,309.9,1.6,,,,,
3501,12/22/22 20:00,309.9,1.56,,,,,
3502,12/22/22 20:30,309.5,1.54,,,,,
3503,12/22/22 21:00,308.8,1.44,,,,,
3504,12/22/22 21:30,307.6,1.32,,,,,
3505,12/22/22 22:00,306.8,1.24,,,,,
3506,12/22/22 22:30,306.4,1.18,,,,,
3507,12/22/22 23:00,306.1,1.14,,,,,
3508,12/22/22 23:30,305.7,1.11,,,,,
3509,12/23/22 0:00,304.5,1.02,,,,,
3510,12/23/22 0:30,304.5,1,,,,,
3511,12/23/22 1:00,304.1,0.95,,,,,
3512,12/23/22 1:30,304.1,0.95,,,,,
3513,12/23/22 2:00,303.3,0.89,,,,,
3514,12/23/22 2:30,302.9,0.83,,,,,
3515,12/23/22 3:00,302.1,0.75,,,,,
3516,12/23/22 3:30,302.2,0.73,,,,,
3517,12/23/22 4:00,301.8,0.73,,,,,
3518,12/23/22 4:30,301.4,0.67,,,,,
3519,12/23/22 5:00,301,0.61,,,,,
3520,12/23/22 5:30,300.2,0.55,,,,,
3521,12/23/22 6:00,299.8,0.51,,,,,
3522,12/23/22 6:30,299.8,0.47,,,,,
3523,12/23/22 7:00,299.4,0.44,,,,,
3524,12/23/22 7:30,298.2,0.34,,,,,
3525,12/23/22 8:00,297.9,0.29,,,,,
3526,12/23/22 8:30,297.9,0.27,,,,,
3527,12/23/22 9:00,297.9,0.25,,,,,
3528,12/23/22 9:30,297.5,0.26,,,,,
3529,12/23/22 10:00,297.1,0.21,,,,,
3530,12/23/22 10:30,296.7,0.18,,,,,
3531,12/23/22 11:00,296.7,0.17,,,,,
3532,12/23/22 11:30,296.7,0.15,,,,,
3533,12/23/22 12:00,296.3,0.12,,,,,
3534,12/23/22 12:30,296.7,0.15,,,,,
3535,12/23/22 13:00,297.1,0.17,,,,,
3536,12/23/22 13:30,297.1,0.16,,,,,
3537,12/23/22 14:00,296.3,0.11,,,,,
3538,12/23/22 14:30,296.3,0.08,,,,,
3539,12/23/22 15:00,296.3,0.06,,,,,
3540,12/23/22 15:30,295.9,0.03,,,,,
3541,12/23/22 16:00,295.5,-0.01,,,,,
3542,12/23/22 16:30,295.2,-0.07,,,,,
3543,12/23/22 17:00,294.8,-0.11,,,,,
3544,12/23/22 17:30,294.4,-0.14,,,,,
3545,12/23/22 18:00,294.4,-0.14,,,,,
3546,12/23/22 18:30,294.4,-0.14,,,,,
3547,12/23/22 19:00,294.4,-0.15,,,,,
3548,12/23/22 19:30,294.8,-0.13,,,,,
3549,12/23/22 20:00,294.8,-0.14,,,,,
3550,12/23/22 20:30,294.8,-0.13,,,,,
3551,12/23/22 21:00,295.2,-0.13,,,,,
3552,12/23/22 21:30,295.2,-0.14,,,,,
3553,12/23/22 22:00,295.2,-0.11,,,,,
3554,12/23/22 22:30,295.2,-0.11,,,,,
3555,12/23/22 23:00,295.2,-0.11,,,,,
3556,12/23/22 23:30,295.6,-0.11,,,,,
3557,12/24/22 0:00,295.6,-0.13,,,,,
3558,12/24/22 0:30,296,-0.15,,,,,
3559,12/24/22 1:00,296,-0.14,,,,,
3560,12/24/22 1:30,295.6,-0.13,,,,,
3561,12/24/22 2:00,296,-0.11,,,,,
3562,12/24/22 2:30,296,-0.13,,,,,
3563,12/24/22 3:00,295.6,-0.11,,,,,
3564,12/24/22 3:30,296,-0.11,,,,,
3565,12/24/22 4:00,296,-0.11,,,,,
3566,12/24/22 4:30,296.4,-0.14,,,,,
3567,12/24/22 5:00,296.8,-0.16,,,,,
3568,12/24/22 5:30,296.8,-0.15,,,,,
3569,12/24/22 6:00,296.8,-0.15,,,,,
3570,12/24/22 6:30,296.8,-0.15,,,,,
3571,12/24/22 7:00,295.6,-0.18,,,,,
3572,12/24/22 7:30,295.6,-0.18,,,,,
3573,12/24/22 8:00,295.6,-0.18,,,,,
3574,12/24/22 8:30,296,-0.18,,,,,
3575,12/24/22 9:00,295.6,-0.15,,,,,
3576,12/24/22 9:30,295.6,-0.14,,,,,
3577,12/24/22 10:00,296.4,-0.13,,,,,
3578,12/24/22 10:30,296,-0.13,,,,,
3579,12/24/22 11:00,296.8,-0.11,,,,,
3580,12/24/22 11:30,297.2,-0.07,,,,,
3581,12/24/22 12:00,297.6,-0.09,,,,,
3582,12/24/22 12:30,298,-0.05,,,,,
3583,12/24/22 13:00,298.4,-0.06,,,,,
3584,12/24/22 13:30,298,-0.07,,,,,
3585,12/24/22 14:00,298.4,-0.03,,,,,
3586,12/24/22 14:30,298.8,-0.02,,,,,
3587,12/24/22 15:00,299.2,0.02,,,,,
3588,12/24/22 15:30,299.2,0,,,,,
3589,12/24/22 16:00,299.2,0,,,,,
3590,12/24/22 16:30,300,0.02,,,,,
3591,12/24/22 17:00,300,0,,,,,
3592,12/24/22 17:30,300,-0.05,,,,,
3593,12/24/22 18:00,300,-0.09,,,,,
3594,12/24/22 18:30,299.6,-0.11,,,,,
3595,12/24/22 19:00,299.2,-0.11,,,,,
3596,12/24/22 19:30,299.2,-0.13,,,,,
3597,12/24/22 20:00,299.2,-0.14,,,,,
3598,12/24/22 20:30,298.8,-0.16,,,,,
3599,12/24/22 21:00,298.8,-0.15,,,,,
3600,12/24/22 21:30,298.8,-0.18,,,,,
3601,12/24/22 22:00,298.8,-0.18,,,,,
3602,12/24/22 22:30,300,-0.13,,,,,
3603,12/24/22 23:00,300,-0.15,,,,,
3604,12/24/22 23:30,299.6,-0.15,,,,,
3605,12/25/22 0:00,300,-0.13,,,,,
3606,12/25/22 0:30,300,-0.14,,,,,
3607,12/25/22 1:00,298.8,-0.11,,,,,
3608,12/25/22 1:30,298.4,-0.09,,,,,
3609,12/25/22 2:00,298,-0.09,,,,,
3610,12/25/22 2:30,296.8,-0.11,,,,,
3611,12/25/22 3:00,297.6,-0.11,,,,,
3612,12/25/22 3:30,297.6,-0.11,,,,,
3613,12/25/22 4:00,297.6,-0.13,,,,,
3614,12/25/22 4:30,298,-0.13,,,,,
3615,12/25/22 5:00,297.6,-0.11,,,,,
3616,12/25/22 5:30,297.6,-0.11,,,,,
3617,12/25/22 6:00,297.2,-0.1,,,,,
3618,12/25/22 6:30,297.6,-0.1,,,,,
3619,12/25/22 7:00,297.6,-0.11,,,,,
3620,12/25/22 7:30,298.4,-0.13,,,,,
3621,12/25/22 8:00,297.6,-0.13,,,,,
3622,12/25/22 8:30,296.8,-0.11,,,,,
3623,12/25/22 9:00,296.8,-0.1,,,,,
3624,12/25/22 9:30,296.8,-0.1,,,,,
3625,12/25/22 10:00,296.8,-0.09,,,,,
3626,12/25/22 10:30,296.8,-0.09,,,,,
3627,12/25/22 11:00,296.8,-0.06,,,,,
3628,12/25/22 11:30,296.8,-0.05,,,,,
3629,12/25/22 12:00,297.5,-0.01,,,,,
3630,12/25/22 12:30,297.5,0.03,,,,,
3631,12/25/22 13:00,298.3,0.03,,,,,
3632,12/25/22 13:30,297.9,0.06,,,,,
3633,12/25/22 14:00,298.3,0.08,,,,,
3634,12/25/22 14:30,298.7,0.07,,,,,
3635,12/25/22 15:00,299.9,0.09,,,,,
3636,12/25/22 15:30,301.1,0.09,,,,,
3637,12/25/22 16:00,302,0.08,,,,,
3638,12/25/22 16:30,302.4,0.08,,,,,
3639,12/25/22 17:00,303.2,0.08,,,,,
3640,12/25/22 17:30,303.6,0.07,,,,,
3641,12/25/22 18:00,304,0.08,,,,,
3642,12/25/22 18:30,303.6,0.08,,,,,
3643,12/25/22 19:00,303.6,0.09,,,,,
3644,12/25/22 19:30,304.4,0.09,,,,,
3645,12/25/22 20:00,304.8,0.09,,,,,
3646,12/25/22 20:30,304.4,0.08,,,,,
3647,12/25/22 21:00,303.6,0.03,,,,,
3648,12/25/22 21:30,302.4,0.02,,,,,
3649,12/25/22 22:00,302.8,0.02,,,,,
3650,12/25/22 22:30,303.2,0.03,,,,,
3651,12/25/22 23:00,303.6,0.06,,,,,
3652,12/25/22 23:30,303.6,0.04,,,,,
3653,12/26/22 0:00,303.2,0.04,,,,,
3654,12/26/22 0:30,302.4,0,,,,,
3655,12/26/22 1:00,304.4,-0.01,,,,,
3656,12/26/22 1:30,300.8,-0.01,,,,,
3657,12/26/22 2:00,301.6,-0.02,,,,,
3658,12/26/22 2:30,302.4,-0.01,,,,,
3659,12/26/22 3:00,302.8,0,,,,,
3660,12/26/22 3:30,302.4,-0.02,,,,,
3661,12/26/22 4:00,302.4,-0.02,,,,,
3662,12/26/22 4:30,300.8,-0.03,,,,,
3663,12/26/22 5:00,300,-0.05,,,,,
3664,12/26/22 5:30,300,-0.05,,,,,
3665,12/26/22 6:00,299.2,-0.06,,,,,
3666,12/26/22 6:30,299.6,-0.07,,,,,
3667,12/26/22 7:00,298.8,-0.07,,,,,
3668,12/26/22 7:30,298.4,-0.09,,,,,
3669,12/26/22 8:00,298.4,-0.07,,,,,
3670,12/26/22 8:30,298.4,-0.07,,,,,
3671,12/26/22 9:00,298,-0.07,,,,,
3672,12/26/22 9:30,298,-0.07,,,,,
3673,12/26/22 10:00,297.6,-0.06,,,,,
3674,12/26/22 10:30,297.2,-0.05,,,,,
3675,12/26/22 11:00,298,-0.05,,,,,
3676,12/26/22 11:30,297.6,-0.02,,,,,
3677,12/26/22 12:00,298,-0.01,,,,,
3678,12/26/22 12:30,297.5,0.04,,,,,
3679,12/26/22 13:00,298.7,0.07,,,,,
3680,12/26/22 13:30,298.7,0.09,,,,,
3681,12/26/22 14:00,299.1,0.11,,,,,
3682,12/26/22 14:30,299.9,0.11,,,,,
3683,12/26/22 15:00,298.3,0.12,,,,,
3684,12/26/22 15:30,298.3,0.12,,,,,
3685,12/26/22 16:00,299.5,0.11,,,,,
3686,12/26/22 16:30,298.7,0.09,,,,,
3687,12/26/22 17:00,299.9,0.09,,,,,
3688,12/26/22 17:30,300.7,0.09,,,,,
3689,12/26/22 18:00,300.3,0.09,,,,,
3690,12/26/22 18:30,299.9,0.08,,,,,
3691,12/26/22 19:00,299.9,0.08,,,,,
3692,12/26/22 19:30,300.3,0.09,,,,,
3693,12/26/22 20:00,300.3,0.08,,,,,
3694,12/26/22 20:30,299.9,0.08,,,,,
3695,12/26/22 21:00,300.3,0.07,,,,,
3696,12/26/22 21:30,299.9,0.08,,,,,
3697,12/26/22 22:00,300.3,0.07,,,,,
3698,12/26/22 22:30,300.8,0.06,,,,,
3699,12/26/22 23:00,299.5,0.04,,,,,
3700,12/26/22 23:30,300,0.02,,,,,
3701,12/27/22 0:00,300,0.03,,,,,
3702,12/27/22 0:30,299.5,0.04,,,,,
3703,12/27/22 1:00,299.1,0.03,,,,,
3704,12/27/22 1:30,299.6,0.03,,,,,
3705,12/27/22 2:00,299.1,0.03,,,,,
3706,12/27/22 2:30,299.1,0.03,,,,,
3707,12/27/22 3:00,298.8,0.02,,,,,
3708,12/27/22 3:30,298.8,0,,,,,
3709,12/27/22 4:00,298.8,0,,,,,
3710,12/27/22 4:30,299.2,0.02,,,,,
3711,12/27/22 5:00,298.8,0.02,,,,,
3712,12/27/22 5:30,298.8,0.02,,,,,
3713,12/27/22 6:00,300,-0.03,,,,,
3714,12/27/22 6:30,300,-0.05,,,,,
3715,12/27/22 7:00,300,-0.05,,,,,
3716,12/27/22 7:30,300,-0.03,,,,,
3717,12/27/22 8:00,299.6,-0.03,,,,,
3718,12/27/22 8:30,300,-0.03,,,,,
3719,12/27/22 9:00,298.8,-0.01,,,,,
3720,12/27/22 9:30,298.8,-0.02,,,,,
3721,12/27/22 10:00,297.9,0.02,,,,,
3722,12/27/22 10:30,297.1,0,,,,,
3723,12/27/22 11:00,296.7,0.03,,,,,
3724,12/27/22 11:30,297.5,0.03,,,,,
3725,12/27/22 12:00,297.5,0.04,,,,,
3726,12/27/22 12:30,299.9,0.07,,,,,
3727,12/27/22 13:00,299.5,0.09,,,,,
3728,12/27/22 13:30,299.9,0.11,,,,,
3729,12/27/22 14:00,300.7,0.15,,,,,
3730,12/27/22 14:30,300.7,0.17,,,,,
3731,12/27/22 15:00,301.1,0.18,,,,,
3732,12/27/22 15:30,300.7,0.18,,,,,
3733,12/27/22 16:00,301.1,0.17,,,,,
3734,12/27/22 16:30,301.1,0.16,,,,,
3735,12/27/22 17:00,301.1,0.16,,,,,
3736,12/27/22 17:30,301.9,0.16,,,,,
3737,12/27/22 18:00,301.5,0.16,,,,,
3738,12/27/22 18:30,301.1,0.13,,,,,
3739,12/27/22 19:00,301.1,0.16,,,,,
3740,12/27/22 19:30,301.5,0.16,,,,,
3741,12/27/22 20:00,301.1,0.16,,,,,
3742,12/27/22 20:30,301.5,0.16,,,,,
3743,12/27/22 21:00,301.1,0.17,,,,,
3744,12/27/22 21:30,301.9,0.16,,,,,
3745,12/27/22 22:00,301.5,0.16,,,,,
3746,12/27/22 22:30,301.5,0.16,,,,,
3747,12/27/22 23:00,301.9,0.16,,,,,
3748,12/27/22 23:30,301.5,0.15,,,,,
3749,12/28/22 0:00,301.9,0.16,,,,,
3750,12/28/22 0:30,301.9,0.16,,,,,
3751,12/28/22 1:00,301.9,0.16,,,,,
3752,12/28/22 1:30,301.1,0.15,,,,,
3753,12/28/22 2:00,301.5,0.15,,,,,
3754,12/28/22 2:30,301.1,0.13,,,,,
3755,12/28/22 3:00,301.1,0.12,,,,,
3756,12/28/22 3:30,301.1,0.12,,,,,
3757,12/28/22 4:00,301.1,0.13,,,,,
3758,12/28/22 4:30,301.1,0.13,,,,,
3759,12/28/22 5:00,300.3,0.12,,,,,
3760,12/28/22 5:30,299.9,0.07,,,,,
3761,12/28/22 6:00,300.3,0.09,,,,,
3762,12/28/22 6:30,300.3,0.09,,,,,
3763,12/28/22 7:00,300.3,0.08,,,,,
3764,12/28/22 7:30,300.3,0.08,,,,,
3765,12/28/22 8:00,299.6,0.03,,,,,
3766,12/28/22 8:30,299.9,0.08,,,,,
3767,12/28/22 9:00,298.8,0.02,,,,,
3768,12/28/22 9:30,298.7,0.04,,,,,
3769,12/28/22 10:00,298.7,0.03,,,,,
3770,12/28/22 10:30,298.3,0.03,,,,,
3771,12/28/22 11:00,298.7,0.06,,,,,
3772,12/28/22 11:30,298.7,0.03,,,,,
3773,12/28/22 12:00,298.7,0.08,,,,,
3774,12/28/22 12:30,298.7,0.09,,,,,
3775,12/28/22 13:00,298.7,0.11,,,,,
3776,12/28/22 13:30,299.5,0.12,,,,,
3777,12/28/22 14:00,299.9,0.16,,,,,
3778,12/28/22 14:30,299.9,0.17,,,,,
3779,12/28/22 15:00,299.9,0.17,,,,,
3780,12/28/22 15:30,299.9,0.17,,,,,
3781,12/28/22 16:00,300.3,0.16,,,,,
3782,12/28/22 16:30,299.9,0.16,,,,,
3783,12/28/22 17:00,300.3,0.15,,,,,
3784,12/28/22 17:30,299.9,0.15,,,,,
3785,12/28/22 18:00,300.3,0.15,,,,,
3786,12/28/22 18:30,299.9,0.12,,,,,
3787,12/28/22 19:00,299.9,0.09,,,,,
3788,12/28/22 19:30,299.5,0.09,,,,,
3789,12/28/22 20:00,299.5,0.08,,,,,
3790,12/28/22 20:30,299.5,0.07,,,,,
3791,12/28/22 21:00,298.7,0.06,,,,,
3792,12/28/22 21:30,298.7,0.06,,,,,
3793,12/28/22 22:00,299.5,0.06,,,,,
3794,12/28/22 22:30,299.1,0.07,,,,,
3795,12/28/22 23:00,299.5,0.07,,,,,
3796,12/28/22 23:30,298.7,0.06,,,,,
3797,12/29/22 0:00,299.1,0.06,,,,,
3798,12/29/22 0:30,298.7,0.04,,,,,
3799,12/29/22 1:00,298.7,0.04,,,,,
3800,12/29/22 1:30,298.7,0.04,,,,,
3801,12/29/22 2:00,298.7,0.04,,,,,
3802,12/29/22 2:30,298.7,0.04,,,,,
3803,12/29/22 3:00,298.7,0.04,,,,,
3804,12/29/22 3:30,298.7,0.03,,,,,
3805,12/29/22 4:00,298.7,0.03,,,,,
3806,12/29/22 4:30,298.7,0.04,,,,,
3807,12/29/22 5:00,298.7,0.04,,,,,
3808,12/29/22 5:30,298.7,0.03,,,,,
3809,12/29/22 6:00,298.7,0.04,,,,,
3810,12/29/22 6:30,298.7,0.03,,,,,
3811,12/29/22 7:00,298.7,0.04,,,,,
3812,12/29/22 7:30,298.7,0.04,,,,,
3813,12/29/22 8:00,298.3,0.04,,,,,
3814,12/29/22 8:30,298.3,0.04,,,,,
3815,12/29/22 9:00,297.9,0.04,,,,,
3816,12/29/22 9:30,297.9,0.06,,,,,
3817,12/29/22 10:00,297.9,0.04,,,,,
3818,12/29/22 10:30,297.9,0.06,,,,,
3819,12/29/22 11:00,297.9,0.04,,,,,
3820,12/29/22 11:30,297.9,0.06,,,,,
3821,12/29/22 12:00,298.7,0.06,,,,,
3822,12/29/22 12:30,297.9,0.06,,,,,
3823,12/29/22 13:00,297.9,0.07,,,,,
3824,12/29/22 13:30,298.3,0.06,,,,,
3825,12/29/22 14:00,298.3,0.09,,,,,
3826,12/29/22 14:30,298.3,0.08,,,,,
3827,12/29/22 15:00,298.7,0.08,,,,,
3828,12/29/22 15:30,297.9,0.08,,,,,
3829,12/29/22 16:00,298.7,0.09,,,,,
3830,12/29/22 16:30,298.7,0.08,,,,,
3831,12/29/22 17:00,298.7,0.08,,,,,
3832,12/29/22 17:30,298.7,0.08,,,,,
3833,12/29/22 18:00,298.7,0.07,,,,,
3834,12/29/22 18:30,298.7,0.07,,,,,
3835,12/29/22 19:00,298.7,0.06,,,,,
3836,12/29/22 19:30,298.3,0.06,,,,,
3837,12/29/22 20:00,298.3,0.06,,,,,
3838,12/29/22 20:30,298.7,0.06,,,,,
3839,12/29/22 21:00,298.3,0.06,,,,,
3840,12/29/22 21:30,298.7,0.06,,,,,
3841,12/29/22 22:00,297.9,0.06,,,,,
3842,12/29/22 22:30,297.9,0.06,,,,,
3843,12/29/22 23:00,298.7,0.06,,,,,
3844,12/29/22 23:30,297.9,0.06,,,,,
3845,12/30/22 0:00,298.3,0.06,,,,,
3846,12/30/22 0:30,297.9,0.06,,,,,
3847,12/30/22 1:00,297.9,0.06,,,,,
3848,12/30/22 1:30,297.9,0.06,,,,,
3849,12/30/22 2:00,297.9,0.06,,,,,
3850,12/30/22 2:30,297.9,0.06,,,,,
3851,12/30/22 3:00,297.9,0.06,,,,,
3852,12/30/22 3:30,297.9,0.06,,,,,
3853,12/30/22 4:00,297.9,0.06,,,,,
3854,12/30/22 4:30,297.9,0.06,,,,,
3855,12/30/22 5:00,297.9,0.06,,,,,
3856,12/30/22 5:30,297.9,0.06,,,,,
3857,12/30/22 6:00,297.9,0.06,,,,,
3858,12/30/22 6:30,297.9,0.06,,,,,
3859,12/30/22 7:00,298.3,0.06,,,,,
3860,12/30/22 7:30,297.5,0.06,,,,,
3861,12/30/22 8:00,298.3,0.06,,,,,
3862,12/30/22 8:30,297.9,0.04,,,,,
3863,12/30/22 9:00,297.9,0.04,,,,,
3864,12/30/22 9:30,297.5,0.06,,,,,
3865,12/30/22 10:00,297.5,0.06,,,,,
3866,12/30/22 10:30,297.1,0.07,,,,,
3867,12/30/22 11:00,297.1,0.07,,,,,
3868,12/30/22 11:30,297.1,0.08,,,,,
3869,12/30/22 12:00,297.5,0.08,,,,,
3870,12/30/22 12:30,297.1,0.09,,,,,
3871,12/30/22 13:00,297.9,0.15,,,,,
3872,12/30/22 13:30,297.5,0.17,,,,,
3873,12/30/22 14:00,298.3,0.17,,,,,
3874,12/30/22 14:30,298.7,0.2,,,,,
3875,12/30/22 15:00,298.3,0.22,,,,,
3876,12/30/22 15:30,297.9,0.21,,,,,
3877,12/30/22 16:00,297.9,0.2,,,,,
3878,12/30/22 16:30,298.7,0.2,,,,,
3879,12/30/22 17:00,299.5,0.18,,,,,
3880,12/30/22 17:30,299.5,0.18,,,,,
3881,12/30/22 18:00,299.5,0.18,,,,,
3882,12/30/22 18:30,299.5,0.18,,,,,
3883,12/30/22 19:00,299.9,0.18,,,,,
3884,12/30/22 19:30,299.9,0.18,,,,,
3885,12/30/22 20:00,299.5,0.18,,,,,
3886,12/30/22 20:30,299.5,0.18,,,,,
3887,12/30/22 21:00,299.5,0.18,,,,,
3888,12/30/22 21:30,299.5,0.18,,,,,
3889,12/30/22 22:00,299.5,0.2,,,,,
3890,12/30/22 22:30,299.5,0.17,,,,,
3891,12/30/22 23:00,299.5,0.18,,,,,
3892,12/30/22 23:30,299.5,0.18,,,,,
3893,12/31/22 0:00,299.5,0.18,,,,,
3894,12/31/22 0:30,299.5,0.17,,,,,
3895,12/31/22 1:00,299.5,0.18,,,,,
3896,12/31/22 1:30,299.5,0.18,,,,,
3897,12/31/22 2:00,299.5,0.18,,,,,
3898,12/31/22 2:30,299.5,0.17,,,,,
3899,12/31/22 3:00,299.5,0.18,,,,,
3900,12/31/22 3:30,299.5,0.18,,,,,
3901,12/31/22 4:00,299.5,0.17,,,,,
3902,12/31/22 4:30,299.5,0.18,,,,,
3903,12/31/22 5:00,299.5,0.17,,,,,
3904,12/31/22 5:30,299.5,0.18,,,,,
3905,12/31/22 6:00,299.5,0.17,,,,,
3906,12/31/22 6:30,299.5,0.18,,,,,
3907,12/31/22 7:00,299.5,0.17,,,,,
3908,12/31/22 7:30,299.5,0.18,,,,,
3909,12/31/22 8:00,299.1,0.17,,,,,
3910,12/31/22 8:30,299.1,0.18,,,,,
3911,12/31/22 9:00,298.7,0.18,,,,,
3912,12/31/22 9:30,297.5,0.18,,,,,
3913,12/31/22 10:00,297.1,0.2,,,,,
3914,12/31/22 10:30,296.7,0.21,,,,,
3915,12/31/22 11:00,297.1,0.18,,,,,
3916,12/31/22 11:30,296.7,0.2,,,,,
3917,12/31/22 12:00,297.5,0.22,,,,,
3918,12/31/22 12:30,299.5,0.24,,,,,
3919,12/31/22 13:00,297.5,0.27,,,,,
3920,12/31/22 13:30,297.5,0.25,,,,,
3921,12/31/22 14:00,299.1,0.25,,,,,
3922,12/31/22 14:30,299.9,0.3,,,,,
3923,12/31/22 15:00,300.3,0.27,,,,,
3924,12/31/22 15:30,299.5,0.27,,,,,
3925,12/31/22 16:00,299.9,0.26,,,,,
3926,12/31/22 16:30,300.3,0.26,,,,,
3927,12/31/22 17:00,300.7,0.26,,,,,
3928,12/31/22 17:30,300.7,0.25,,,,,
3929,12/31/22 18:00,300.7,0.25,,,,,
3930,12/31/22 18:30,300.3,0.25,,,,,
3931,12/31/22 19:00,300.7,0.25,,,,,
3932,12/31/22 19:30,300.7,0.26,,,,,
3933,12/31/22 20:00,300.7,0.25,,,,,
3934,12/31/22 20:30,300.7,0.25,,,,,
3935,12/31/22 21:00,300.7,0.24,,,,,
3936,12/31/22 21:30,300.3,0.22,,,,,
3937,12/31/22 22:00,300.7,0.22,,,,,
3938,12/31/22 22:30,300.7,0.22,,,,,
3939,12/31/22 23:00,300.7,0.25,,,,,
3940,12/31/22 23:30,300.7,0.25,,,,,
3941,1/1/23 0:00,300.7,0.24,,,,,
3942,1/1/23 0:30,300.3,0.22,,,,,
3943,1/1/23 1:00,300.3,0.24,,,,,
3944,1/1/23 1:30,300.3,0.24,,,,,
3945,1/1/23 2:00,300.3,0.22,,,,,
3946,1/1/23 2:30,299.9,0.22,,,,,
3947,1/1/23 3:00,299.9,0.21,,,,,
3948,1/1/23 3:30,299.9,0.21,,,,,
3949,1/1/23 4:00,299.9,0.21,,,,,
3950,1/1/23 4:30,299.9,0.21,,,,,
3951,1/1/23 5:00,299.9,0.21,,,,,
3952,1/1/23 5:30,299.9,0.2,,,,,
3953,1/1/23 6:00,299.9,0.21,,,,,
3954,1/1/23 6:30,299.9,0.21,,,,,
3955,1/1/23 7:00,299.5,0.21,,,,,
3956,1/1/23 7:30,299.5,0.17,,,,,
3957,1/1/23 8:00,299.5,0.17,,,,,
3958,1/1/23 8:30,299.5,0.17,,,,,
3959,1/1/23 9:00,299.1,0.18,,,,,
3960,1/1/23 9:30,298.7,0.18,,,,,
3961,1/1/23 10:00,298.3,0.2,,,,,
3962,1/1/23 10:30,297.1,0.2,,,,,
3963,1/1/23 11:00,297.5,0.2,,,,,
3964,1/1/23 11:30,298.7,0.22,,,,,
3965,1/1/23 12:00,298.7,0.24,,,,,
3966,1/1/23 12:30,299.1,0.25,,,,,
3967,1/1/23 13:00,298.7,0.27,,,,,
3968,1/1/23 13:30,298.7,0.26,,,,,
3969,1/1/23 14:00,298.7,0.24,,,,,
3970,1/1/23 14:30,299.1,0.26,,,,,
3971,1/1/23 15:00,300.3,0.26,,,,,
3972,1/1/23 15:30,299.1,0.27,,,,,
3973,1/1/23 16:00,299.9,0.26,,,,,
3974,1/1/23 16:30,299.5,0.26,,,,,
3975,1/1/23 17:00,299.5,0.26,,,,,
3976,1/1/23 17:30,299.9,0.26,,,,,
3977,1/1/23 18:00,299.9,0.25,,,,,
3978,1/1/23 18:30,299.9,0.25,,,,,
3979,1/1/23 19:00,299.9,0.25,,,,,
3980,1/1/23 19:30,299.9,0.24,,,,,
3981,1/1/23 20:00,299.9,0.25,,,,,
3982,1/1/23 20:30,299.5,0.24,,,,,
3983,1/1/23 21:00,299.5,0.22,,,,,
3984,1/1/23 21:30,299.9,0.22,,,,,
3985,1/1/23 22:00,299.9,0.22,,,,,
3986,1/1/23 22:30,299.5,0.22,,,,,
3987,1/1/23 23:00,299.9,0.22,,,,,
3988,1/1/23 23:30,299.9,0.22,,,,,
3989,1/2/23 0:00,299.9,0.21,,,,,
3990,1/2/23 0:30,299.9,0.21,,,,,
3991,1/2/23 1:00,299.9,0.2,,,,,
3992,1/2/23 1:30,299.9,0.21,,,,,
3993,1/2/23 2:00,299.5,0.2,,,,,
3994,1/2/23 2:30,299.5,0.2,,,,,
3995,1/2/23 3:00,299.9,0.2,,,,,
3996,1/2/23 3:30,299.5,0.2,,,,,
3997,1/2/23 4:00,299.5,0.2,,,,,
3998,1/2/23 4:30,299.5,0.2,,,,,
3999,1/2/23 5:00,299.5,0.2,,,,,
4000,1/2/23 5:30,299.5,0.18,,,,,
4001,1/2/23 6:00,299.5,0.18,,,,,
4002,1/2/23 6:30,299.5,0.18,,,,,
4003,1/2/23 7:00,299.5,0.2,,,,,
4004,1/2/23 7:30,299.5,0.18,,,,,
4005,1/2/23 8:00,299.5,0.18,,,,,
4006,1/2/23 8:30,299.5,0.18,,,,,
4007,1/2/23 9:00,299.1,0.18,,,,,
4008,1/2/23 9:30,298.7,0.18,,,,,
4009,1/2/23 10:00,299.1,0.2,,,,,
4010,1/2/23 10:30,298.7,0.2,,,,,
4011,1/2/23 11:00,299.1,0.21,,,,,
4012,1/2/23 11:30,299.1,0.22,,,,,
4013,1/2/23 12:00,299.1,0.22,,,,,
4014,1/2/23 12:30,299.5,0.24,,,,,
4015,1/2/23 13:00,299.5,0.24,,,,,
4016,1/2/23 13:30,299.1,0.24,,,,,
4017,1/2/23 14:00,299.5,0.24,,,,,
4018,1/2/23 14:30,299.5,0.25,,,,,
4019,1/2/23 15:00,299.1,0.25,,,,,
4020,1/2/23 15:30,299.5,0.24,,,,,
4021,1/2/23 16:00,299.9,0.24,,,,,
4022,1/2/23 16:30,299.9,0.24,,,,,
4023,1/2/23 17:00,299.9,0.22,,,,,
4024,1/2/23 17:30,299.9,0.24,,,,,
4025,1/2/23 18:00,299.9,0.24,,,,,
4026,1/2/23 18:30,299.9,0.22,,,,,
4027,1/2/23 19:00,299.9,0.22,,,,,
4028,1/2/23 19:30,299.9,0.22,,,,,
4029,1/2/23 20:00,299.9,0.22,,,,,
4030,1/2/23 20:30,299.5,0.21,,,,,
4031,1/2/23 21:00,299.9,0.21,,,,,
4032,1/2/23 21:30,299.9,0.21,,,,,
4033,1/2/23 22:00,299.5,0.2,,,,,
4034,1/2/23 22:30,299.5,0.2,,,,,
4035,1/2/23 23:00,299.5,0.2,,,,,
4036,1/2/23 23:30,299.5,0.2,,,,,
4037,1/3/23 0:00,299.5,0.2,,,,,
4038,1/3/23 0:30,299.5,0.2,,,,,
4039,1/3/23 1:00,299.9,0.2,,,,,
4040,1/3/23 1:30,299.9,0.2,,,,,
4041,1/3/23 2:00,299.5,0.2,,,,,
4042,1/3/23 2:30,299.9,0.2,,,,,
4043,1/3/23 3:00,299.5,0.18,,,,,
4044,1/3/23 3:30,299.5,0.2,,,,,
4045,1/3/23 4:00,299.5,0.18,,,,,
4046,1/3/23 4:30,299.5,0.18,,,,,
4047,1/3/23 5:00,299.5,0.18,,,,,
4048,1/3/23 5:30,299.5,0.17,,,,,
4049,1/3/23 6:00,299.5,0.18,,,,,
4050,1/3/23 6:30,299.1,0.17,,,,,
4051,1/3/23 7:00,299.1,0.17,,,,,
4052,1/3/23 7:30,299.5,0.17,,,,,
4053,1/3/23 8:00,299.1,0.17,,,,,
4054,1/3/23 8:30,299.1,0.17,,,,,
4055,1/3/23 9:00,299.1,0.17,,,,,
4056,1/3/23 9:30,299.1,0.17,,,,,
4057,1/3/23 10:00,298.7,0.17,,,,,
4058,1/3/23 10:30,297.5,0.17,,,,,
4059,1/3/23 11:00,297.5,0.17,,,,,
4060,1/3/23 11:30,298.7,0.18,,,,,
4061,1/3/23 12:00,298.7,0.17,,,,,
4062,1/3/23 12:30,298.7,0.17,,,,,
4063,1/3/23 13:00,298.3,0.18,,,,,
4064,1/3/23 13:30,298.3,0.18,,,,,
4065,1/3/23 14:00,298.7,0.17,,,,,
4066,1/3/23 14:30,298.7,0.17,,,,,
4067,1/3/23 15:00,298.7,0.18,,,,,
4068,1/3/23 15:30,299.1,0.18,,,,,
4069,1/3/23 16:00,298.7,0.18,,,,,
4070,1/3/23 16:30,299.1,0.18,,,,,
4071,1/3/23 17:00,299.5,0.18,,,,,
4072,1/3/23 17:30,299.5,0.18,,,,,
4073,1/3/23 18:00,299.5,0.18,,,,,
4074,1/3/23 18:30,299.5,0.18,,,,,
4075,1/3/23 19:00,299.5,0.18,,,,,
4076,1/3/23 19:30,299.5,0.18,,,,,
4077,1/3/23 20:00,299.5,0.18,,,,,
4078,1/3/23 20:30,299.5,0.18,,,,,
4079,1/3/23 21:00,299.5,0.18,,,,,
4080,1/3/23 21:30,299.1,0.18,,,,,
4081,1/3/23 22:00,299.5,0.18,,,,,
4082,1/3/23 22:30,299.5,0.18,,,,,
4083,1/3/23 23:00,299.5,0.18,,,,,
4084,1/3/23 23:30,299.5,0.2,,,,,
4085,1/4/23 0:00,299.9,0.18,,,,,
4086,1/4/23 0:30,299.5,0.18,,,,,
4087,1/4/23 1:00,299.5,0.18,,,,,
4088,1/4/23 1:30,299.5,0.2,,,,,
4089,1/4/23 2:00,299.5,0.2,,,,,
4090,1/4/23 2:30,299.5,0.2,,,,,
4091,1/4/23 3:00,299.9,0.2,,,,,
4092,1/4/23 3:30,299.9,0.2,,,,,
4093,1/4/23 4:00,299.5,0.2,,,,,
4094,1/4/23 4:30,299.5,0.18,,,,,
4095,1/4/23 5:00,299.5,0.2,,,,,
4096,1/4/23 5:30,299.5,0.18,,,,,
4097,1/4/23 6:00,299.9,0.18,,,,,
4098,1/4/23 6:30,299.9,0.18,,,,,
4099,1/4/23 7:00,299.9,0.2,,,,,
4100,1/4/23 7:30,299.9,0.18,,,,,
4101,1/4/23 8:00,299.9,0.18,,,,,
4102,1/4/23 8:30,299.5,0.2,,,,,
4103,1/4/23 9:00,299.5,0.18,,,,,
4104,1/4/23 9:30,299.5,0.2,,,,,
4105,1/4/23 10:00,297.9,0.21,,,,,
4106,1/4/23 10:30,296.7,0.21,,,,,
4107,1/4/23 11:00,296.3,0.22,,,,,
4108,1/4/23 11:30,296.3,0.22,,,,,
4109,1/4/23 12:00,296.3,0.21,,,,,
4110,1/4/23 12:30,297.1,0.21,,,,,
4111,1/4/23 13:00,296.7,0.24,,,,,
4112,1/4/23 13:30,296.3,0.22,,,,,
4113,1/4/23 14:00,294.3,0.21,,,,,
4114,1/4/23 14:30,297.5,0.22,,,,,
4115,1/4/23 15:00,296.7,0.21,,,,,
4116,1/4/23 15:30,298.7,0.21,,,,,
4117,1/4/23 16:00,299.5,0.2,,,,,
4118,1/4/23 16:30,299.5,0.18,,,,,
4119,1/4/23 17:00,299.5,0.18,,,,,
4120,1/4/23 17:30,299.5,0.18,,,,,
4121,1/4/23 18:00,299.9,0.2,,,,,
4122,1/4/23 18:30,299.9,0.2,,,,,
4123,1/4/23 19:00,299.9,0.21,,,,,
4124,1/4/23 19:30,299.9,0.21,,,,,
4125,1/4/23 20:00,300.3,0.22,,,,,
4126,1/4/23 20:30,299.9,0.2,,,,,
4127,1/4/23 21:00,299.9,0.21,,,,,
4128,1/4/23 21:30,299.9,0.21,,,,,
4129,1/4/23 22:00,299.9,0.21,,,,,
4130,1/4/23 22:30,299.9,0.21,,,,,
4131,1/4/23 23:00,299.9,0.21,,,,,
4132,1/4/23 23:30,299.9,0.21,,,,,
4133,1/5/23 0:00,300.3,0.22,,,,,
4134,1/5/23 0:30,299.9,0.22,,,,,
4135,1/5/23 1:00,300.3,0.21,,,,,
4136,1/5/23 1:30,299.9,0.21,,,,,
4137,1/5/23 2:00,299.9,0.21,,,,,
4138,1/5/23 2:30,299.5,0.21,,,,,
4139,1/5/23 3:00,299.5,0.2,,,,,
4140,1/5/23 3:30,299.9,0.21,,,,,
4141,1/5/23 4:00,299.9,0.21,,,,,
4142,1/5/23 4:30,299.9,0.21,,,,,
4143,1/5/23 5:00,300.3,0.21,,,,,
4144,1/5/23 5:30,300.3,0.21,,,,,
4145,1/5/23 6:00,299.9,0.22,,,,,
4146,1/5/23 6:30,299.9,0.22,,,,,
4147,1/5/23 7:00,299.9,0.22,,,,,
4148,1/5/23 7:30,299.9,0.22,,,,,
4149,1/5/23 8:00,301.5,0.24,,,,,
4150,1/5/23 8:30,300.7,0.25,,,,,
4151,1/5/23 9:00,299.9,0.2,,,,,
4152,1/5/23 9:30,299.5,0.2,,,,,
4153,1/5/23 10:00,298.7,0.24,,,,,
4154,1/5/23 10:30,297.5,0.22,,,,,
4155,1/5/23 11:00,297.5,0.21,,,,,
4156,1/5/23 11:30,299.1,0.29,,,,,
4157,1/5/23 12:00,297.9,0.25,,,,,
4158,1/5/23 12:30,298.7,0.25,,,,,
4159,1/5/23 13:00,299.1,0.24,,,,,
4160,1/5/23 13:30,298.7,0.22,,,,,
4161,1/5/23 14:00,299.1,0.24,,,,,
4162,1/5/23 14:30,298.7,0.21,,,,,
4163,1/5/23 15:00,299.5,0.21,,,,,
4164,1/5/23 15:30,299.5,0.24,,,,,
4165,1/5/23 16:00,299.5,0.22,,,,,
4166,1/5/23 16:30,299.5,0.24,,,,,
4167,1/5/23 17:00,299.9,0.24,,,,,
4168,1/5/23 17:30,299.9,0.24,,,,,
4169,1/5/23 18:00,299.9,0.24,,,,,
4170,1/5/23 18:30,299.9,0.24,,,,,
4171,1/5/23 19:00,299.5,0.24,,,,,
4172,1/5/23 19:30,299.9,0.22,,,,,
4173,1/5/23 20:00,299.9,0.22,,,,,
4174,1/5/23 20:30,299.9,0.24,,,,,
4175,1/5/23 21:00,299.9,0.24,,,,,
4176,1/5/23 21:30,299.5,0.22,,,,,
4177,1/5/23 22:00,299.9,0.24,,,,,
4178,1/5/23 22:30,299.5,0.24,,,,,
4179,1/5/23 23:00,299.9,0.24,,,,,
4180,1/5/23 23:30,299.5,0.25,,,,,
4181,1/6/23 0:00,299.9,0.24,,,,,
4182,1/6/23 0:30,299.9,0.25,,,,,
4183,1/6/23 1:00,299.9,0.25,,,,,
4184,1/6/23 1:30,299.9,0.25,,,,,
4185,1/6/23 2:00,300.3,0.25,,,,,
4186,1/6/23 2:30,300.3,0.26,,,,,
4187,1/6/23 3:00,300.7,0.26,,,,,
4188,1/6/23 3:30,300.7,0.26,,,,,
4189,1/6/23 4:00,300.7,0.26,,,,,
4190,1/6/23 4:30,300.3,0.26,,,,,
4191,1/6/23 5:00,300.7,0.26,,,,,
4192,1/6/23 5:30,300.3,0.26,,,,,
4193,1/6/23 6:00,300.7,0.26,,,,,
4194,1/6/23 6:30,300.7,0.26,,,,,
4195,1/6/23 7:00,300.7,0.26,,,,,
4196,1/6/23 7:30,300.7,0.26,,,,,
4197,1/6/23 8:00,300.7,0.26,,,,,
4198,1/6/23 8:30,300.7,0.26,,,,,
4199,1/6/23 9:00,300.3,0.26,,,,,
4200,1/6/23 9:30,299.5,0.27,,,,,
4201,1/6/23 10:00,299.1,0.27,,,,,
4202,1/6/23 10:30,298.3,0.29,,,,,
4203,1/6/23 11:00,296.7,0.29,,,,,
4204,1/6/23 11:30,295.4,0.29,,,,,
4205,1/6/23 12:00,293.8,0.3,,,,,
4206,1/6/23 12:30,293.4,0.3,,,,,
4207,1/6/23 13:00,293.4,0.3,,,,,
4208,1/6/23 13:30,293.4,0.31,,,,,
4209,1/6/23 14:00,294.2,0.31,,,,,
4210,1/6/23 14:30,294.2,0.3,,,,,
4211,1/6/23 15:00,295,0.29,,,,,
4212,1/6/23 15:30,297.5,0.3,,,,,
4213,1/6/23 16:00,297.5,0.3,,,,,
4214,1/6/23 16:30,298.3,0.29,,,,,
4215,1/6/23 17:00,299.1,0.29,,,,,
4216,1/6/23 17:30,299.5,0.29,,,,,
4217,1/6/23 18:00,299.9,0.29,,,,,
4218,1/6/23 18:30,300.7,0.27,,,,,
4219,1/6/23 19:00,301.5,0.27,,,,,
4220,1/6/23 19:30,301.9,0.26,,,,,
4221,1/6/23 20:00,300.7,0.25,,,,,
4222,1/6/23 20:30,300.3,0.25,,,,,
4223,1/6/23 21:00,299.9,0.25,,,,,
4224,1/6/23 21:30,299.9,0.24,,,,,
4225,1/6/23 22:00,299.9,0.24,,,,,
4226,1/6/23 22:30,299.9,0.24,,,,,
4227,1/6/23 23:00,299.9,0.25,,,,,
4228,1/6/23 23:30,299.9,0.25,,,,,
4229,1/7/23 0:00,299.9,0.24,,,,,
4230,1/7/23 0:30,299.9,0.24,,,,,
4231,1/7/23 1:00,299.9,0.25,,,,,
4232,1/7/23 1:30,299.9,0.25,,,,,
4233,1/7/23 2:00,299.5,0.24,,,,,
4234,1/7/23 2:30,299.9,0.25,,,,,
4235,1/7/23 3:00,299.5,0.25,,,,,
4236,1/7/23 3:30,299.5,0.21,,,,,
4237,1/7/23 4:00,299.5,0.21,,,,,
4238,1/7/23 4:30,299.5,0.2,,,,,
4239,1/7/23 5:00,299.5,0.2,,,,,
4240,1/7/23 5:30,299.5,0.2,,,,,
4241,1/7/23 6:00,299.5,0.2,,,,,
4242,1/7/23 6:30,299.5,0.2,,,,,
4243,1/7/23 7:00,299.5,0.2,,,,,
4244,1/7/23 7:30,299.5,0.2,,,,,
4245,1/7/23 8:00,299.5,0.18,,,,,
4246,1/7/23 8:30,299.5,0.18,,,,,
4247,1/7/23 9:00,299.5,0.17,,,,,
4248,1/7/23 9:30,299.1,0.17,,,,,
4249,1/7/23 10:00,299.1,0.18,,,,,
4250,1/7/23 10:30,298.7,0.18,,,,,
4251,1/7/23 11:00,298.7,0.18,,,,,
4252,1/7/23 11:30,298.7,0.18,,,,,
4253,1/7/23 12:00,298.7,0.2,,,,,
4254,1/7/23 12:30,298.7,0.2,,,,,
4255,1/7/23 13:00,299.1,0.21,,,,,
4256,1/7/23 13:30,298.7,0.22,,,,,
4257,1/7/23 14:00,299.5,0.21,,,,,
4258,1/7/23 14:30,299.5,0.21,,,,,
4259,1/7/23 15:00,299.5,0.22,,,,,
4260,1/7/23 15:30,299.9,0.21,,,,,
4261,1/7/23 16:00,299.9,0.24,,,,,
4262,1/7/23 16:30,299.9,0.22,,,,,
4263,1/7/23 17:00,299.9,0.24,,,,,
4264,1/7/23 17:30,300.3,0.22,,,,,
4265,1/7/23 18:00,300.7,0.22,,,,,
4266,1/7/23 18:30,299.9,0.25,,,,,
4267,1/7/23 19:00,299.9,0.22,,,,,
4268,1/7/23 19:30,300.7,0.24,,,,,
4269,1/7/23 20:00,300.7,0.24,,,,,
4270,1/7/23 20:30,300.7,0.24,,,,,
4271,1/7/23 21:00,300.7,0.24,,,,,
4272,1/7/23 21:30,300.7,0.24,,,,,
4273,1/7/23 22:00,300.7,0.24,,,,,
4274,1/7/23 22:30,300.7,0.24,,,,,
4275,1/7/23 23:00,300.7,0.25,,,,,
4276,1/7/23 23:30,300.7,0.24,,,,,
4277,1/8/23 0:00,300.7,0.24,,,,,
4278,1/8/23 0:30,300.7,0.24,,,,,
4279,1/8/23 1:00,300.7,0.24,,,,,
4280,1/8/23 1:30,300.7,0.24,,,,,
4281,1/8/23 2:00,300.7,0.25,,,,,
4282,1/8/23 2:30,300.7,0.25,,,,,
4283,1/8/23 3:00,300.7,0.25,,,,,
4284,1/8/23 3:30,300.7,0.24,,,,,
4285,1/8/23 4:00,300.3,0.25,,,,,
4286,1/8/23 4:30,300.3,0.25,,,,,
4287,1/8/23 5:00,300.7,0.24,,,,,
4288,1/8/23 5:30,300.7,0.25,,,,,
4289,1/8/23 6:00,300.7,0.24,,,,,
4290,1/8/23 6:30,300.7,0.25,,,,,
4291,1/8/23 7:00,300.7,0.25,,,,,
4292,1/8/23 7:30,300.7,0.25,,,,,
4293,1/8/23 8:00,300.7,0.25,,,,,
4294,1/8/23 8:30,300.7,0.25,,,,,
4295,1/8/23 9:00,300.3,0.25,,,,,
4296,1/8/23 9:30,299.9,0.25,,,,,
4297,1/8/23 10:00,299.5,0.26,,,,,
4298,1/8/23 10:30,299.1,0.26,,,,,
4299,1/8/23 11:00,299.5,0.26,,,,,
4300,1/8/23 11:30,298.7,0.27,,,,,
4301,1/8/23 12:00,298.3,0.29,,,,,
4302,1/8/23 12:30,297.9,0.29,,,,,
4303,1/8/23 13:00,298.3,0.27,,,,,
4304,1/8/23 13:30,297.9,0.29,,,,,
4305,1/8/23 14:00,298.3,0.29,,,,,
4306,1/8/23 14:30,298.7,0.27,,,,,
4307,1/8/23 15:00,299.9,0.29,,,,,
4308,1/8/23 15:30,300.7,0.27,,,,,
4309,1/8/23 16:00,300.3,0.27,,,,,
4310,1/8/23 16:30,300.7,0.27,,,,,
4311,1/8/23 17:00,300.7,0.27,,,,,
4312,1/8/23 17:30,301.5,0.27,,,,,
4313,1/8/23 18:00,301.5,0.29,,,,,
4314,1/8/23 18:30,301.5,0.27,,,,,
4315,1/8/23 19:00,301.1,0.27,,,,,
4316,1/8/23 19:30,301.5,0.29,,,,,
4317,1/8/23 20:00,301.5,0.27,,,,,
4318,1/8/23 20:30,301.5,0.29,,,,,
4319,1/8/23 21:00,301.1,0.29,,,,,
4320,1/8/23 21:30,301.5,0.29,,,,,
4321,1/8/23 22:00,301.5,0.29,,,,,
4322,1/8/23 22:30,301.5,0.27,,,,,
4323,1/8/23 23:00,301.5,0.29,,,,,
4324,1/8/23 23:30,301.5,0.3,,,,,
4325,1/9/23 0:00,301.5,0.29,,,,,
4326,1/9/23 0:30,301.5,0.29,,,,,
4327,1/9/23 1:00,301.5,0.29,,,,,
4328,1/9/23 1:30,301.5,0.29,,,,,
4329,1/9/23 2:00,301.9,0.29,,,,,
4330,1/9/23 2:30,301.9,0.29,,,,,
4331,1/9/23 3:00,301.9,0.3,,,,,
4332,1/9/23 3:30,301.9,0.29,,,,,
4333,1/9/23 4:00,301.9,0.29,,,,,
4334,1/9/23 4:30,301.9,0.29,,,,,
4335,1/9/23 5:00,301.9,0.29,,,,,
4336,1/9/23 5:30,301.5,0.3,,,,,
4337,1/9/23 6:00,301.5,0.29,,,,,
4338,1/9/23 6:30,301.9,0.29,,,,,
4339,1/9/23 7:00,301.9,0.3,,,,,
4340,1/9/23 7:30,301.9,0.29,,,,,
4341,1/9/23 8:00,301.9,0.29,,,,,
4342,1/9/23 8:30,301.9,0.3,,,,,
4343,1/9/23 9:00,300.7,0.3,,,,,
4344,1/9/23 9:30,299.5,0.31,,,,,
4345,1/9/23 10:00,298.7,0.33,,,,,
4346,1/9/23 10:30,296.6,0.35,,,,,
4347,1/9/23 11:00,295.4,0.37,,,,,
4348,1/9/23 11:30,293.8,0.37,,,,,
4349,1/9/23 12:00,293.4,0.38,,,,,
4350,1/9/23 12:30,293.8,0.39,,,,,
4351,1/9/23 13:00,294.2,0.39,,,,,
4352,1/9/23 13:30,293.8,0.4,,,,,
4353,1/9/23 14:00,295,0.39,,,,,
4354,1/9/23 14:30,295.8,0.4,,,,,
4355,1/9/23 15:00,302.3,0.38,,,,,
4356,1/9/23 15:30,301.9,0.39,,,,,
4357,1/9/23 16:00,301.5,0.37,,,,,
4358,1/9/23 16:30,300.7,0.37,,,,,
4359,1/9/23 17:00,301.5,0.37,,,,,
4360,1/9/23 17:30,302.3,0.37,,,,,
4361,1/9/23 18:00,303.1,0.35,,,,,
4362,1/9/23 18:30,303.9,0.35,,,,,
4363,1/9/23 19:00,303.9,0.37,,,,,
4364,1/9/23 19:30,304.3,0.35,,,,,
4365,1/9/23 20:00,304.3,0.35,,,,,
4366,1/9/23 20:30,304.3,0.35,,,,,
4367,1/9/23 21:00,303.9,0.34,,,,,
4368,1/9/23 21:30,303.1,0.34,,,,,
4369,1/9/23 22:00,303.1,0.34,,,,,
4370,1/9/23 22:30,303.1,0.34,,,,,
4371,1/9/23 23:00,303.1,0.34,,,,,
4372,1/9/23 23:30,303.5,0.33,,,,,
4373,1/10/23 0:00,303.5,0.33,,,,,
4374,1/10/23 0:30,303.5,0.34,,,,,
4375,1/10/23 1:00,303.5,0.34,,,,,
4376,1/10/23 1:30,303.5,0.34,,,,,
4377,1/10/23 2:00,303.5,0.34,,,,,
4378,1/10/23 2:30,303.5,0.34,,,,,
4379,1/10/23 3:00,303.1,0.34,,,,,
4380,1/10/23 3:30,303.1,0.34,,,,,
4381,1/10/23 4:00,303.1,0.34,,,,,
4382,1/10/23 4:30,303.1,0.35,,,,,
4383,1/10/23 5:00,303.1,0.35,,,,,
4384,1/10/23 5:30,303.1,0.35,,,,,
4385,1/10/23 6:00,303.1,0.35,,,,,
4386,1/10/23 6:30,303.1,0.35,,,,,
4387,1/10/23 7:00,302.7,0.35,,,,,
4388,1/10/23 7:30,303.1,0.35,,,,,
4389,1/10/23 8:00,303.1,0.35,,,,,
4390,1/10/23 8:30,303.5,0.35,,,,,
4391,1/10/23 9:00,303.1,0.37,,,,,
4392,1/10/23 9:30,302.3,0.35,,,,,
4393,1/10/23 10:00,301.9,0.37,,,,,
4394,1/10/23 10:30,301.9,0.37,,,,,
4395,1/10/23 11:00,302.3,0.38,,,,,
4396,1/10/23 11:30,301.9,0.38,,,,,
4397,1/10/23 12:00,301.9,0.38,,,,,
4398,1/10/23 12:30,300.6,0.39,,,,,
4399,1/10/23 13:00,300.6,0.39,,,,,
4400,1/10/23 13:30,301.5,0.38,,,,,
4401,1/10/23 14:00,301.9,0.38,,,,,
4402,1/10/23 14:30,301.9,0.38,,,,,
4403,1/10/23 15:00,301.9,0.38,,,,,
4404,1/10/23 15:30,301.9,0.39,,,,,
4405,1/10/23 16:00,301.9,0.37,,,,,
4406,1/10/23 16:30,302.3,0.38,,,,,
4407,1/10/23 17:00,302.3,0.38,,,,,
4408,1/10/23 17:30,302.3,0.37,,,,,
4409,1/10/23 18:00,302.3,0.37,,,,,
4410,1/10/23 18:30,302.3,0.37,,,,,
4411,1/10/23 19:00,302.3,0.35,,,,,
4412,1/10/23 19:30,302.3,0.34,,,,,
4413,1/10/23 20:00,301.9,0.34,,,,,
4414,1/10/23 20:30,303.9,0.35,,,,,
4415,1/10/23 21:00,301.9,0.34,,,,,
4416,1/10/23 21:30,301.9,0.33,,,,,
4417,1/10/23 22:00,301.9,0.33,,,,,
4418,1/10/23 22:30,301.9,0.34,,,,,
4419,1/10/23 23:00,301.9,0.33,,,,,
4420,1/10/23 23:30,301.9,0.33,,,,,
4421,1/11/23 0:00,301.9,0.33,,,,,
4422,1/11/23 0:30,301.9,0.33,,,,,
4423,1/11/23 1:00,301.5,0.33,,,,,
4424,1/11/23 1:30,301.9,0.33,,,,,
4425,1/11/23 2:00,301.9,0.33,,,,,
4426,1/11/23 2:30,301.9,0.33,,,,,
4427,1/11/23 3:00,301.9,0.33,,,,,
4428,1/11/23 3:30,301.9,0.33,,,,,
4429,1/11/23 4:00,301.9,0.33,,,,,
4430,1/11/23 4:30,301.9,0.33,,,,,
4431,1/11/23 5:00,301.9,0.33,,,,,
4432,1/11/23 5:30,301.9,0.33,,,,,
4433,1/11/23 6:00,301.9,0.33,,,,,
4434,1/11/23 6:30,301.9,0.33,,,,,
4435,1/11/23 7:00,301.9,0.33,,,,,
4436,1/11/23 7:30,301.9,0.31,,,,,
4437,1/11/23 8:00,301.9,0.31,,,,,
4438,1/11/23 8:30,301.5,0.33,,,,,
4439,1/11/23 9:00,301.9,0.31,,,,,
4440,1/11/23 9:30,301.5,0.31,,,,,
4441,1/11/23 10:00,301.1,0.31,,,,,
4442,1/11/23 10:30,300.7,0.33,,,,,
4443,1/11/23 11:00,300.7,0.33,,,,,
4444,1/11/23 11:30,299.9,0.34,,,,,
4445,1/11/23 12:00,300.7,0.35,,,,,
4446,1/11/23 12:30,299,0.37,,,,,
4447,1/11/23 13:00,300.7,0.37,,,,,
4448,1/11/23 13:30,301.1,0.38,,,,,
4449,1/11/23 14:00,300.6,0.39,,,,,
4450,1/11/23 14:30,301,0.4,,,,,
4451,1/11/23 15:00,301.1,0.39,,,,,
4452,1/11/23 15:30,301.5,0.39,,,,,
4453,1/11/23 16:00,301.9,0.39,,,,,
4454,1/11/23 16:30,302.3,0.38,,,,,
4455,1/11/23 17:00,302.3,0.39,,,,,
4456,1/11/23 17:30,302.7,0.38,,,,,
4457,1/11/23 18:00,302.7,0.38,,,,,
4458,1/11/23 18:30,302.7,0.37,,,,,
4459,1/11/23 19:00,303.9,0.38,,,,,
4460,1/11/23 19:30,303.1,0.38,,,,,
4461,1/11/23 20:00,303.1,0.38,,,,,
4462,1/11/23 20:30,303.1,0.38,,,,,
4463,1/11/23 21:00,303.1,0.39,,,,,
4464,1/11/23 21:30,303.1,0.4,,,,,
4465,1/11/23 22:00,303.1,0.42,,,,,
4466,1/11/23 22:30,303.1,0.4,,,,,
4467,1/11/23 23:00,303.1,0.4,,,,,
4468,1/11/23 23:30,303.5,0.4,,,,,
4469,1/12/23 0:00,303.1,0.4,,,,,
4470,1/12/23 0:30,303.1,0.4,,,,,
4471,1/12/23 1:00,303.1,0.4,,,,,
4472,1/12/23 1:30,303.1,0.4,,,,,
4473,1/12/23 2:00,303.1,0.4,,,,,
4474,1/12/23 2:30,303.5,0.4,,,,,
4475,1/12/23 3:00,303.1,0.4,,,,,
4476,1/12/23 3:30,303.1,0.4,,,,,
4477,1/12/23 4:00,303.1,0.4,,,,,
4478,1/12/23 4:30,303.1,0.4,,,,,
4479,1/12/23 5:00,303.1,0.39,,,,,
4480,1/12/23 5:30,303.1,0.4,,,,,
4481,1/12/23 6:00,303.1,0.4,,,,,
4482,1/12/23 6:30,303.1,0.4,,,,,
4483,1/12/23 7:00,303.1,0.4,,,,,
4484,1/12/23 7:30,303.1,0.4,,,,,
4485,1/12/23 8:00,303.1,0.4,,,,,
4486,1/12/23 8:30,303.1,0.4,,,,,
4487,1/12/23 9:00,302.7,0.39,,,,,
4488,1/12/23 9:30,301.9,0.4,,,,,
4489,1/12/23 10:00,301.4,0.4,,,,,
4490,1/12/23 10:30,300.6,0.4,,,,,
4491,1/12/23 11:00,300.6,0.4,,,,,
4492,1/12/23 11:30,300.6,0.4,,,,,
4493,1/12/23 12:00,300.2,0.4,,,,,
4494,1/12/23 12:30,299.8,0.42,,,,,
4495,1/12/23 13:00,299,0.43,,,,,
4496,1/12/23 13:30,298.6,0.43,,,,,
4497,1/12/23 14:00,299.8,0.42,,,,,
4498,1/12/23 14:30,300.6,0.44,,,,,
4499,1/12/23 15:00,301,0.46,,,,,
4500,1/12/23 15:30,301.4,0.43,,,,,
4501,1/12/23 16:00,301.8,0.43,,,,,
4502,1/12/23 16:30,302.3,0.42,,,,,
4503,1/12/23 17:00,302.3,0.4,,,,,
4504,1/12/23 17:30,303.1,0.4,,,,,
4505,1/12/23 18:00,303.1,0.4,,,,,
4506,1/12/23 18:30,303.1,0.4,,,,,
4507,1/12/23 19:00,303.1,0.42,,,,,
4508,1/12/23 19:30,302.7,0.42,,,,,
4509,1/12/23 20:00,302.7,0.42,,,,,
4510,1/12/23 20:30,303.1,0.42,,,,,
4511,1/12/23 21:00,303.1,0.42,,,,,
4512,1/12/23 21:30,302.3,0.42,,,,,
4513,1/12/23 22:00,302.7,0.4,,,,,
4514,1/12/23 22:30,302.3,0.42,,,,,
4515,1/12/23 23:00,303.1,0.43,,,,,
4516,1/12/23 23:30,303.1,0.43,,,,,
4517,1/13/23 0:00,303.1,0.43,,,,,
4518,1/13/23 0:30,303,0.44,,,,,
4519,1/13/23 1:00,303.1,0.43,,,,,
4520,1/13/23 1:30,303.1,0.43,,,,,
4521,1/13/23 2:00,303.1,0.43,,,,,
4522,1/13/23 2:30,303.1,0.42,,,,,
4523,1/13/23 3:00,303.1,0.43,,,,,
4524,1/13/23 3:30,303.1,0.43,,,,,
4525,1/13/23 4:00,303.1,0.43,,,,,
4526,1/13/23 4:30,303.1,0.42,,,,,
4527,1/13/23 5:00,302.7,0.42,,,,,
4528,1/13/23 5:30,303.1,0.42,,,,,
4529,1/13/23 6:00,305.5,0.43,,,,,
4530,1/13/23 6:30,303.1,0.42,,,,,
4531,1/13/23 7:00,303.1,0.42,,,,,
4532,1/13/23 7:30,303.1,0.42,,,,,
4533,1/13/23 8:00,303.1,0.42,,,,,
4534,1/13/23 8:30,303.1,0.42,,,,,
4535,1/13/23 9:00,302.2,0.43,,,,,
4536,1/13/23 9:30,302.7,0.43,,,,,
4537,1/13/23 10:00,301.8,0.44,,,,,
4538,1/13/23 10:30,301.4,0.44,,,,,
4539,1/13/23 11:00,301.4,0.44,,,,,
4540,1/13/23 11:30,301.4,0.44,,,,,
4541,1/13/23 12:00,301.8,0.46,,,,,
4542,1/13/23 12:30,301.8,0.47,,,,,
4543,1/13/23 13:00,301.8,0.48,,,,,
4544,1/13/23 13:30,302.2,0.47,,,,,
4545,1/13/23 14:00,302.2,0.47,,,,,
4546,1/13/23 14:30,302.2,0.47,,,,,
4547,1/13/23 15:00,302.6,0.47,,,,,
4548,1/13/23 15:30,302.2,0.47,,,,,
4549,1/13/23 16:00,302.6,0.47,,,,,
4550,1/13/23 16:30,303,0.47,,,,,
4551,1/13/23 17:00,303,0.46,,,,,
4552,1/13/23 17:30,303,0.46,,,,,
4553,1/13/23 18:00,303,0.46,,,,,
4554,1/13/23 18:30,303,0.44,,,,,
4555,1/13/23 19:00,302.6,0.44,,,,,
4556,1/13/23 19:30,302.7,0.43,,,,,
4557,1/13/23 20:00,302.7,0.43,,,,,
4558,1/13/23 20:30,303.1,0.42,,,,,
4559,1/13/23 21:00,302.7,0.42,,,,,
4560,1/13/23 21:30,303.1,0.43,,,,,
4561,1/13/23 22:00,302.7,0.42,,,,,
4562,1/13/23 22:30,302.3,0.42,,,,,
4563,1/13/23 23:00,302.7,0.42,,,,,
4564,1/13/23 23:30,302.3,0.42,,,,,
4565,1/14/23 0:00,302.3,0.42,,,,,
4566,1/14/23 0:30,302.7,0.42,,,,,
4567,1/14/23 1:00,302.3,0.42,,,,,
4568,1/14/23 1:30,302.3,0.42,,,,,
4569,1/14/23 2:00,302.3,0.42,,,,,
4570,1/14/23 2:30,302.7,0.42,,,,,
4571,1/14/23 3:00,302.3,0.4,,,,,
4572,1/14/23 3:30,302.7,0.4,,,,,
4573,1/14/23 4:00,301.9,0.4,,,,,
4574,1/14/23 4:30,302.3,0.42,,,,,
4575,1/14/23 5:00,302.3,0.39,,,,,
4576,1/14/23 5:30,302.3,0.4,,,,,
4577,1/14/23 6:00,302.7,0.4,,,,,
4578,1/14/23 6:30,302.3,0.39,,,,,
4579,1/14/23 7:00,302.3,0.4,,,,,
4580,1/14/23 7:30,301.9,0.39,,,,,
4581,1/14/23 8:00,302.3,0.39,,,,,
4582,1/14/23 8:30,301.9,0.39,,,,,
4583,1/14/23 9:00,301.4,0.4,,,,,
4584,1/14/23 9:30,301.4,0.4,,,,,
4585,1/14/23 10:00,301,0.4,,,,,
4586,1/14/23 10:30,300.6,0.42,,,,,
4587,1/14/23 11:00,301,0.43,,,,,
4588,1/14/23 11:30,301.8,0.44,,,,,
4589,1/14/23 12:00,302.2,0.46,,,,,
4590,1/14/23 12:30,302.2,0.47,,,,,
4591,1/14/23 13:00,303,0.51,,,,,
4592,1/14/23 13:30,303,0.56,,,,,
4593,1/14/23 14:00,303.4,0.58,,,,,
4594,1/14/23 14:30,303.4,0.61,,,,,
4595,1/14/23 15:00,303.4,0.57,,,,,
4596,1/14/23 15:30,303.8,0.64,,,,,
4597,1/14/23 16:00,303.8,0.57,,,,,
4598,1/14/23 16:30,303.4,0.56,,,,,
4599,1/14/23 17:00,303.8,0.53,,,,,
4600,1/14/23 17:30,304.2,0.53,,,,,
4601,1/14/23 18:00,304.6,0.55,,,,,
4602,1/14/23 18:30,304.2,0.53,,,,,
4603,1/14/23 19:00,303.8,0.53,,,,,
4604,1/14/23 19:30,304.2,0.56,,,,,
4605,1/14/23 20:00,303.8,0.53,,,,,
4606,1/14/23 20:30,304.2,0.55,,,,,
4607,1/14/23 21:00,303.8,0.53,,,,,
4608,1/14/23 21:30,304.2,0.55,,,,,
4609,1/14/23 22:00,304.2,0.55,,,,,
4610,1/14/23 22:30,303.8,0.53,,,,,
4611,1/14/23 23:00,303.8,0.52,,,,,
4612,1/14/23 23:30,303.8,0.52,,,,,
4613,1/15/23 0:00,303.8,0.52,,,,,
4614,1/15/23 0:30,303.8,0.52,,,,,
4615,1/15/23 1:00,304.2,0.52,,,,,
4616,1/15/23 1:30,304.2,0.53,,,,,
4617,1/15/23 2:00,304.6,0.53,,,,,
4618,1/15/23 2:30,304.2,0.53,,,,,
4619,1/15/23 3:00,303.8,0.51,,,,,
4620,1/15/23 3:30,303.8,0.49,,,,,
4621,1/15/23 4:00,303.4,0.49,,,,,
4622,1/15/23 4:30,303.4,0.49,,,,,
4623,1/15/23 5:00,303.8,0.49,,,,,
4624,1/15/23 5:30,303.4,0.48,,,,,
4625,1/15/23 6:00,303.4,0.47,,,,,
4626,1/15/23 6:30,303.4,0.47,,,,,
4627,1/15/23 7:00,303,0.47,,,,,
4628,1/15/23 7:30,303.4,0.47,,,,,
4629,1/15/23 8:00,303.4,0.48,,,,,
4630,1/15/23 8:30,303,0.47,,,,,
4631,1/15/23 9:00,303,0.47,,,,,
4632,1/15/23 9:30,303,0.48,,,,,
4633,1/15/23 10:00,302.2,0.49,,,,,
4634,1/15/23 10:30,302.6,0.51,,,,,
4635,1/15/23 11:00,303,0.51,,,,,
4636,1/15/23 11:30,303.4,0.56,,,,,
4637,1/15/23 12:00,303,0.57,,,,,
4638,1/15/23 12:30,303.8,0.6,,,,,
4639,1/15/23 13:00,304.2,0.62,,,,,
4640,1/15/23 13:30,304.2,0.65,,,,,
4641,1/15/23 14:00,304.2,0.69,,,,,
4642,1/15/23 14:30,305,0.74,,,,,
4643,1/15/23 15:00,305.4,0.75,,,,,
4644,1/15/23 15:30,305,0.73,,,,,
4645,1/15/23 16:00,305,0.7,,,,,
4646,1/15/23 16:30,305,0.67,,,,,
4647,1/15/23 17:00,305.4,0.66,,,,,
4648,1/15/23 17:30,305.4,0.66,,,,,
4649,1/15/23 18:00,305,0.64,,,,,
4650,1/15/23 18:30,305,0.65,,,,,
4651,1/15/23 19:00,305.4,0.66,,,,,
4652,1/15/23 19:30,305,0.66,,,,,
4653,1/15/23 20:00,305,0.66,,,,,
4654,1/15/23 20:30,305,0.65,,,,,
4655,1/15/23 21:00,305,0.64,,,,,
4656,1/15/23 21:30,305,0.65,,,,,
4657,1/15/23 22:00,305,0.65,,,,,
4658,1/15/23 22:30,305,0.64,,,,,
4659,1/15/23 23:00,305.4,0.65,,,,,
4660,1/15/23 23:30,305,0.66,,,,,
4661,1/16/23 0:00,305.4,0.66,,,,,
4662,1/16/23 0:30,305.4,0.66,,,,,
4663,1/16/23 1:00,305.4,0.64,,,,,
4664,1/16/23 1:30,305.4,0.65,,,,,
4665,1/16/23 2:00,305.4,0.66,,,,,
4666,1/16/23 2:30,305,0.65,,,,,
4667,1/16/23 3:00,305,0.62,,,,,
4668,1/16/23 3:30,305,0.62,,,,,
4669,1/16/23 4:00,305,0.61,,,,,
4670,1/16/23 4:30,305,0.61,,,,,
4671,1/16/23 5:00,305,0.58,,,,,
4672,1/16/23 5:30,305,0.6,,,,,
4673,1/16/23 6:00,305,0.58,,,,,
4674,1/16/23 6:30,304.6,0.6,,,,,
4675,1/16/23 7:00,305,0.58,,,,,
4676,1/16/23 7:30,305,0.58,,,,,
4677,1/16/23 8:00,305,0.57,,,,,
4678,1/16/23 8:30,304.2,0.57,,,,,
4679,1/16/23 9:00,304.6,0.57,,,,,
4680,1/16/23 9:30,304.2,0.57,,,,,
4681,1/16/23 10:00,304.6,0.57,,,,,
4682,1/16/23 10:30,304.2,0.56,,,,,
4683,1/16/23 11:00,303.8,0.56,,,,,
4684,1/16/23 11:30,304.2,0.6,,,,,
4685,1/16/23 12:00,303.8,0.57,,,,,
4686,1/16/23 12:30,304.2,0.56,,,,,
4687,1/16/23 13:00,304.2,0.57,,,,,
4688,1/16/23 13:30,303.8,0.57,,,,,
4689,1/16/23 14:00,304.6,0.57,,,,,
4690,1/16/23 14:30,304.2,0.58,,,,,
4691,1/16/23 15:00,304.2,0.57,,,,,
4692,1/16/23 15:30,304.6,0.58,,,,,
4693,1/16/23 16:00,304.6,0.57,,,,,
4694,1/16/23 16:30,304.2,0.57,,,,,
4695,1/16/23 17:00,304.2,0.56,,,,,
4696,1/16/23 17:30,304.6,0.56,,,,,
4697,1/16/23 18:00,304.2,0.57,,,,,
4698,1/16/23 18:30,304.2,0.57,,,,,
4699,1/16/23 19:00,304.2,0.57,,,,,
4700,1/16/23 19:30,304.2,0.56,,,,,
4701,1/16/23 20:00,304.2,0.56,,,,,
4702,1/16/23 20:30,304.2,0.57,,,,,
4703,1/16/23 21:00,304.2,0.56,,,,,
4704,1/16/23 21:30,304.2,0.56,,,,,
4705,1/16/23 22:00,304.2,0.56,,,,,
4706,1/16/23 22:30,304.2,0.56,,,,,
4707,1/16/23 23:00,304.2,0.56,,,,,
4708,1/16/23 23:30,304.2,0.55,,,,,
4709,1/17/23 0:00,304.2,0.55,,,,,
4710,1/17/23 0:30,304.2,0.56,,,,,
4711,1/17/23 1:00,304.2,0.56,,,,,
4712,1/17/23 1:30,304.2,0.56,,,,,
4713,1/17/23 2:00,304.2,0.56,,,,,
4714,1/17/23 2:30,304.2,0.56,,,,,
4715,1/17/23 3:00,304.2,0.56,,,,,
4716,1/17/23 3:30,304.2,0.55,,,,,
4717,1/17/23 4:00,304.2,0.55,,,,,
4718,1/17/23 4:30,303.8,0.55,,,,,
4719,1/17/23 5:00,303.8,0.55,,,,,
4720,1/17/23 5:30,303.8,0.53,,,,,
4721,1/17/23 6:00,303.8,0.53,,,,,
4722,1/17/23 6:30,303.8,0.53,,,,,
4723,1/17/23 7:00,303.8,0.53,,,,,
4724,1/17/23 7:30,303.8,0.53,,,,,
4725,1/17/23 8:00,303.8,0.53,,,,,
4726,1/17/23 8:30,303.8,0.53,,,,,
4727,1/17/23 9:00,303.8,0.53,,,,,
4728,1/17/23 9:30,303.4,0.53,,,,,
4729,1/17/23 10:00,303,0.55,,,,,
4730,1/17/23 10:30,303,0.55,,,,,
4731,1/17/23 11:00,303,0.55,,,,,
4732,1/17/23 11:30,303,0.57,,,,,
4733,1/17/23 12:00,303,0.57,,,,,
4734,1/17/23 12:30,303.8,0.56,,,,,
4735,1/17/23 13:00,303.8,0.56,,,,,
4736,1/17/23 13:30,303.4,0.57,,,,,
4737,1/17/23 14:00,303.8,0.56,,,,,
4738,1/17/23 14:30,303.4,0.57,,,,,
4739,1/17/23 15:00,303.8,0.57,,,,,
4740,1/17/23 15:30,303.8,0.57,,,,,
4741,1/17/23 16:00,303.8,0.57,,,,,
4742,1/17/23 16:30,303.8,0.56,,,,,
4743,1/17/23 17:00,304.2,0.56,,,,,
4744,1/17/23 17:30,303.8,0.56,,,,,
4745,1/17/23 18:00,303.8,0.56,,,,,
4746,1/17/23 18:30,303.8,0.56,,,,,
4747,1/17/23 19:00,304.2,0.55,,,,,
4748,1/17/23 19:30,304.2,0.56,,,,,
4749,1/17/23 20:00,304.2,0.56,,,,,
4750,1/17/23 20:30,304.2,0.56,,,,,
4751,1/17/23 21:00,304.2,0.56,,,,,
4752,1/17/23 21:30,304.2,0.56,,,,,
4753,1/17/23 22:00,304.2,0.55,,,,,
4754,1/17/23 22:30,304.2,0.56,,,,,
4755,1/17/23 23:00,304.2,0.56,,,,,
4756,1/17/23 23:30,304.2,0.56,,,,,
4757,1/18/23 0:00,304.6,0.56,,,,,
4758,1/18/23 0:30,304.2,0.57,,,,,
4759,1/18/23 1:00,304.2,0.57,,,,,
4760,1/18/23 1:30,304.2,0.58,,,,,
4761,1/18/23 2:00,304.6,0.58,,,,,
4762,1/18/23 2:30,304.2,0.58,,,,,
4763,1/18/23 3:00,304.6,0.58,,,,,
4764,1/18/23 3:30,304.2,0.58,,,,,
4765,1/18/23 4:00,304.6,0.58,,,,,
4766,1/18/23 4:30,304.6,0.57,,,,,
4767,1/18/23 5:00,304.6,0.57,,,,,
4768,1/18/23 5:30,304.6,0.6,,,,,
4769,1/18/23 6:00,304.6,0.58,,,,,
4770,1/18/23 6:30,304.6,0.58,,,,,
4771,1/18/23 7:00,304.6,0.58,,,,,
4772,1/18/23 7:30,304.6,0.58,,,,,
4773,1/18/23 8:00,304.6,0.58,,,,,
4774,1/18/23 8:30,304.2,0.58,,,,,
4775,1/18/23 9:00,304.2,0.6,,,,,
4776,1/18/23 9:30,303,0.61,,,,,
4777,1/18/23 10:00,303.4,0.61,,,,,
4778,1/18/23 10:30,303,0.62,,,,,
4779,1/18/23 11:00,303.8,0.61,,,,,
4780,1/18/23 11:30,304.2,0.61,,,,,
4781,1/18/23 12:00,303,0.62,,,,,
4782,1/18/23 12:30,303,0.65,,,,,
4783,1/18/23 13:00,303.4,0.66,,,,,
4784,1/18/23 13:30,303.8,0.65,,,,,
4785,1/18/23 14:00,304.2,0.65,,,,,
4786,1/18/23 14:30,304.6,0.65,,,,,
4787,1/18/23 15:00,304.6,0.65,,,,,
4788,1/18/23 15:30,304.6,0.65,,,,,
4789,1/18/23 16:00,305,0.64,,,,,
4790,1/18/23 16:30,305,0.65,,,,,
4791,1/18/23 17:00,305,0.65,,,,,
4792,1/18/23 17:30,305,0.65,,,,,
4793,1/18/23 18:00,305,0.66,,,,,
4794,1/18/23 18:30,306.2,0.66,,,,,
4795,1/18/23 19:00,305.4,0.65,,,,,
4796,1/18/23 19:30,305,0.66,,,,,
4797,1/18/23 20:00,305,0.65,,,,,
4798,1/18/23 20:30,305.8,0.65,,,,,
4799,1/18/23 21:00,305,0.65,,,,,
4800,1/18/23 21:30,305,0.65,,,,,
4801,1/18/23 22:00,305,0.65,,,,,
4802,1/18/23 22:30,305,0.65,,,,,
4803,1/18/23 23:00,305,0.65,,,,,
4804,1/18/23 23:30,305,0.65,,,,,
4805,1/19/23 0:00,305,0.65,,,,,
4806,1/19/23 0:30,305,0.66,,,,,
4807,1/19/23 1:00,304.6,0.65,,,,,
4808,1/19/23 1:30,305,0.65,,,,,
4809,1/19/23 2:00,305,0.66,,,,,
4810,1/19/23 2:30,305,0.65,,,,,
4811,1/19/23 3:00,305,0.66,,,,,
4812,1/19/23 3:30,305,0.66,,,,,
4813,1/19/23 4:00,305,0.65,,,,,
4814,1/19/23 4:30,304.6,0.66,,,,,
4815,1/19/23 5:00,304.2,0.65,,,,,
4816,1/19/23 5:30,304.2,0.65,,,,,
4817,1/19/23 6:00,304.2,0.65,,,,,
4818,1/19/23 6:30,304.2,0.65,,,,,
4819,1/19/23 7:00,304.6,0.65,,,,,
4820,1/19/23 7:30,304.2,0.62,,,,,
4821,1/19/23 8:00,304.2,0.64,,,,,
4822,1/19/23 8:30,303.8,0.62,,,,,
4823,1/19/23 9:00,303.8,0.64,,,,,
4824,1/19/23 9:30,303.4,0.65,,,,,
4825,1/19/23 10:00,304.2,0.65,,,,,
4826,1/19/23 10:30,303.4,0.62,,,,,
4827,1/19/23 11:00,303.4,0.62,,,,,
4828,1/19/23 11:30,303.4,0.62,,,,,
4829,1/19/23 12:00,303.4,0.62,,,,,
4830,1/19/23 12:30,303.4,0.6,,,,,
4831,1/19/23 13:00,303.4,0.58,,,,,
4832,1/19/23 13:30,303.4,0.58,,,,,
4833,1/19/23 14:00,303.4,0.58,,,,,
4834,1/19/23 14:30,303.4,0.58,,,,,
4835,1/19/23 15:00,303.4,0.58,,,,,
4836,1/19/23 15:30,303.4,0.6,,,,,
4837,1/19/23 16:00,304.2,0.58,,,,,
4838,1/19/23 16:30,303.8,0.58,,,,,
4839,1/19/23 17:00,304.2,0.6,,,,,
4840,1/19/23 17:30,303.8,0.58,,,,,
4841,1/19/23 18:00,303.8,0.58,,,,,
4842,1/19/23 18:30,304.2,0.58,,,,,
4843,1/19/23 19:00,304.2,0.58,,,,,
4844,1/19/23 19:30,304.2,0.6,,,,,
4845,1/19/23 20:00,304.2,0.6,,,,,
4846,1/19/23 20:30,304.2,0.6,,,,,
4847,1/19/23 21:00,304.2,0.57,,,,,
4848,1/19/23 21:30,304.2,0.58,,,,,
4849,1/19/23 22:00,303.4,0.57,,,,,
4850,1/19/23 22:30,303.8,0.57,,,,,
4851,1/19/23 23:00,303.8,0.57,,,,,
4852,1/19/23 23:30,303.8,0.56,,,,,
4853,1/20/23 0:00,303.8,0.57,,,,,
4854,1/20/23 0:30,304.2,0.56,,,,,
4855,1/20/23 1:00,303.8,0.57,,,,,
4856,1/20/23 1:30,303.4,0.56,,,,,
4857,1/20/23 2:00,303.8,0.56,,,,,
4858,1/20/23 2:30,303.8,0.56,,,,,
4859,1/20/23 3:00,303.8,0.56,,,,,
4860,1/20/23 3:30,303.4,0.55,,,,,
4861,1/20/23 4:00,303.4,0.56,,,,,
4862,1/20/23 4:30,303.8,0.55,,,,,
4863,1/20/23 5:00,303.4,0.56,,,,,
4864,1/20/23 5:30,303.4,0.55,,,,,
4865,1/20/23 6:00,303.4,0.55,,,,,
4866,1/20/23 6:30,303.4,0.55,,,,,
4867,1/20/23 7:00,303.4,0.56,,,,,
4868,1/20/23 7:30,303.4,0.57,,,,,
4869,1/20/23 8:00,303.4,0.57,,,,,
4870,1/20/23 8:30,303.4,0.56,,,,,
4871,1/20/23 9:00,302.6,0.57,,,,,
4872,1/20/23 9:30,302.2,0.6,,,,,
4873,1/20/23 10:00,302.2,0.6,,,,,
4874,1/20/23 10:30,302.6,0.58,,,,,
4875,1/20/23 11:00,303,0.57,,,,,
4876,1/20/23 11:30,302.6,0.58,,,,,
4877,1/20/23 12:00,302.6,0.6,,,,,
4878,1/20/23 12:30,302.6,0.58,,,,,
4879,1/20/23 13:00,303,0.57,,,,,
4880,1/20/23 13:30,302.6,0.58,,,,,
4881,1/20/23 14:00,303.4,0.57,,,,,
4882,1/20/23 14:30,303.4,0.58,,,,,
4883,1/20/23 15:00,305,0.58,,,,,
4884,1/20/23 15:30,303.4,0.58,,,,,
4885,1/20/23 16:00,303.4,0.58,,,,,
4886,1/20/23 16:30,303.4,0.58,,,,,
4887,1/20/23 17:00,303.4,0.58,,,,,
4888,1/20/23 17:30,303.4,0.57,,,,,
4889,1/20/23 18:00,303.4,0.57,,,,,
4890,1/20/23 18:30,303.4,0.58,,,,,
4891,1/20/23 19:00,303.4,0.57,,,,,
4892,1/20/23 19:30,303.4,0.58,,,,,
4893,1/20/23 20:00,303.4,0.57,,,,,
4894,1/20/23 20:30,303.4,0.58,,,,,
4895,1/20/23 21:00,303.4,0.56,,,,,
4896,1/20/23 21:30,303.8,0.57,,,,,
4897,1/20/23 22:00,303.4,0.57,,,,,
4898,1/20/23 22:30,303.4,0.56,,,,,
4899,1/20/23 23:00,303.4,0.56,,,,,
4900,1/20/23 23:30,303.4,0.56,,,,,
4901,1/21/23 0:00,303.4,0.55,,,,,
4902,1/21/23 0:30,303.4,0.56,,,,,
4903,1/21/23 1:00,303.4,0.56,,,,,
4904,1/21/23 1:30,303.4,0.56,,,,,
4905,1/21/23 2:00,303.4,0.56,,,,,
4906,1/21/23 2:30,303.4,0.55,,,,,
4907,1/21/23 3:00,303.4,0.55,,,,,
4908,1/21/23 3:30,303.4,0.55,,,,,
4909,1/21/23 4:00,303.4,0.55,,,,,
4910,1/21/23 4:30,303,0.56,,,,,
4911,1/21/23 5:00,302.6,0.56,,,,,
4912,1/21/23 5:30,302.6,0.55,,,,,
4913,1/21/23 6:00,302.6,0.55,,,,,
4914,1/21/23 6:30,303,0.56,,,,,
4915,1/21/23 7:00,302.6,0.56,,,,,
4916,1/21/23 7:30,303,0.56,,,,,
4917,1/21/23 8:00,302.6,0.56,,,,,
4918,1/21/23 8:30,305,0.56,,,,,
4919,1/21/23 9:00,302.6,0.56,,,,,
4920,1/21/23 9:30,302.6,0.56,,,,,
4921,1/21/23 10:00,302.6,0.56,,,,,
4922,1/21/23 10:30,302.6,0.57,,,,,
4923,1/21/23 11:00,303.8,0.58,,,,,
4924,1/21/23 11:30,303,0.58,,,,,
4925,1/21/23 12:00,303,0.6,,,,,
4926,1/21/23 12:30,303.8,0.6,,,,,
4927,1/21/23 13:00,303,0.6,,,,,
4928,1/21/23 13:30,303,0.6,,,,,
4929,1/21/23 14:00,303,0.6,,,,,
4930,1/21/23 14:30,304.6,0.6,,,,,
4931,1/21/23 15:00,303.4,0.6,,,,,
4932,1/21/23 15:30,303.4,0.58,,,,,
4933,1/21/23 16:00,303.4,0.6,,,,,
4934,1/21/23 16:30,303.4,0.58,,,,,
4935,1/21/23 17:00,303.4,0.58,,,,,
4936,1/21/23 17:30,303.4,0.58,,,,,
4937,1/21/23 18:00,303.4,0.56,,,,,
4938,1/21/23 18:30,303.4,0.57,,,,,
4939,1/21/23 19:00,303.4,0.57,,,,,
4940,1/21/23 19:30,303.4,0.57,,,,,
4941,1/21/23 20:00,303.4,0.57,,,,,
4942,1/21/23 20:30,304.2,0.56,,,,,
4943,1/21/23 21:00,303.8,0.57,,,,,
4944,1/21/23 21:30,303.4,0.57,,,,,
4945,1/21/23 22:00,303.4,0.57,,,,,
4946,1/21/23 22:30,303.4,0.57,,,,,
4947,1/21/23 23:00,303.4,0.57,,,,,
4948,1/21/23 23:30,303.4,0.58,,,,,
4949,1/22/23 0:00,303.8,0.57,,,,,
4950,1/22/23 0:30,303.4,0.57,,,,,
4951,1/22/23 1:00,303.4,0.58,,,,,
4952,1/22/23 1:30,303.4,0.58,,,,,
4953,1/22/23 2:00,303.8,0.58,,,,,
4954,1/22/23 2:30,303.4,0.58,,,,,
4955,1/22/23 3:00,303.8,0.58,,,,,
4956,1/22/23 3:30,303.4,0.58,,,,,
4957,1/22/23 4:00,303.4,0.58,,,,,
4958,1/22/23 4:30,303.8,0.6,,,,,
4959,1/22/23 5:00,303.8,0.6,,,,,
4960,1/22/23 5:30,303.8,0.6,,,,,
4961,1/22/23 6:00,303.4,0.56,,,,,
4962,1/22/23 6:30,303.4,0.57,,,,,
4963,1/22/23 7:00,303.4,0.57,,,,,
4964,1/22/23 7:30,303.4,0.57,,,,,
4965,1/22/23 8:00,303.4,0.56,,,,,
4966,1/22/23 8:30,303.4,0.56,,,,,
4967,1/22/23 9:00,303,0.56,,,,,
4968,1/22/23 9:30,303,0.55,,,,,
4969,1/22/23 10:00,303,0.56,,,,,
4970,1/22/23 10:30,302.6,0.56,,,,,
4971,1/22/23 11:00,302.6,0.56,,,,,
4972,1/22/23 11:30,302.6,0.56,,,,,
4973,1/22/23 12:00,303,0.56,,,,,
4974,1/22/23 12:30,302.6,0.56,,,,,
4975,1/22/23 13:00,303,0.57,,,,,
4976,1/22/23 13:30,303,0.58,,,,,
4977,1/22/23 14:00,303,0.57,,,,,
4978,1/22/23 14:30,303,0.57,,,,,
4979,1/22/23 15:00,303,0.57,,,,,
4980,1/22/23 15:30,303,0.57,,,,,
4981,1/22/23 16:00,303.4,0.57,,,,,
4982,1/22/23 16:30,303.8,0.57,,,,,
4983,1/22/23 17:00,304.2,0.62,,,,,
4984,1/22/23 17:30,304.2,0.61,,,,,
4985,1/22/23 18:00,303.8,0.61,,,,,
4986,1/22/23 18:30,304.6,0.6,,,,,
4987,1/22/23 19:00,303.4,0.6,,,,,
4988,1/22/23 19:30,303.8,0.58,,,,,
4989,1/22/23 20:00,303,0.57,,,,,
4990,1/22/23 20:30,303.4,0.58,,,,,
4991,1/22/23 21:00,303.4,0.58,,,,,
4992,1/22/23 21:30,303.8,0.57,,,,,
4993,1/22/23 22:00,303.4,0.57,,,,,
4994,1/22/23 22:30,303.4,0.57,,,,,
4995,1/22/23 23:00,303.4,0.58,,,,,
4996,1/22/23 23:30,305,0.58,,,,,
4997,1/23/23 0:00,304.2,0.58,,,,,
4998,1/23/23 0:30,303.8,0.58,,,,,
4999,1/23/23 1:00,303.8,0.58,,,,,
5000,1/23/23 1:30,303.8,0.58,,,,,
5001,1/23/23 2:00,303.4,0.6,,,,,
5002,1/23/23 2:30,303.4,0.6,,,,,
5003,1/23/23 3:00,303.4,0.6,,,,,
5004,1/23/23 3:30,303.4,0.6,,,,,
5005,1/23/23 4:00,303.4,0.6,,,,,
5006,1/23/23 4:30,303.4,0.6,,,,,
5007,1/23/23 5:00,303.4,0.6,,,,,
5008,1/23/23 5:30,304.6,0.58,,,,,
5009,1/23/23 6:00,303.8,0.58,,,,,
5010,1/23/23 6:30,303.4,0.58,,,,,
5011,1/23/23 7:00,303.8,0.58,,,,,
5012,1/23/23 7:30,303.8,0.58,,,,,
5013,1/23/23 8:00,304.2,0.58,,,,,
5014,1/23/23 8:30,303.4,0.58,,,,,
5015,1/23/23 9:00,303.8,0.6,,,,,
5016,1/23/23 9:30,303.8,0.58,,,,,
5017,1/23/23 10:00,303.8,0.58,,,,,
5018,1/23/23 10:30,303.8,0.6,,,,,
5019,1/23/23 11:00,303.8,0.58,,,,,
5020,1/23/23 11:30,303.8,0.61,,,,,
5021,1/23/23 12:00,303.8,0.61,,,,,
5022,1/23/23 12:30,306.2,0.61,,,,,
5023,1/23/23 13:00,304.2,0.61,,,,,
5024,1/23/23 13:30,305.4,0.62,,,,,
5025,1/23/23 14:00,303.8,0.61,,,,,
5026,1/23/23 14:30,303.8,0.62,,,,,
5027,1/23/23 15:00,304.2,0.62,,,,,
5028,1/23/23 15:30,303.8,0.62,,,,,
5029,1/23/23 16:00,304.2,0.62,,,,,
5030,1/23/23 16:30,303.8,0.62,,,,,
5031,1/23/23 17:00,303.8,0.62,,,,,
5032,1/23/23 17:30,303.8,0.62,,,,,
5033,1/23/23 18:00,304.2,0.64,,,,,
5034,1/23/23 18:30,304.2,0.62,,,,,
5035,1/23/23 19:00,304.2,0.62,,,,,
5036,1/23/23 19:30,304.2,0.61,,,,,
5037,1/23/23 20:00,304.2,0.62,,,,,
5038,1/23/23 20:30,303.8,0.61,,,,,
5039,1/23/23 21:00,303.8,0.62,,,,,
5040,1/23/23 21:30,304.2,0.62,,,,,
5041,1/23/23 22:00,303.8,0.61,,,,,
5042,1/23/23 22:30,303.8,0.61,,,,,
5043,1/23/23 23:00,305.8,0.61,,,,,
5044,1/23/23 23:30,304.2,0.62,,,,,
5045,1/24/23 0:00,304.2,0.6,,,,,
5046,1/24/23 0:30,303.8,0.61,,,,,
5047,1/24/23 1:00,303.8,0.61,,,,,
5048,1/24/23 1:30,303.8,0.61,,,,,
5049,1/24/23 2:00,303.8,0.61,,,,,
5050,1/24/23 2:30,303.8,0.61,,,,,
5051,1/24/23 3:00,304.2,0.61,,,,,
5052,1/24/23 3:30,304.2,0.61,,,,,
5053,1/24/23 4:00,303.8,0.61,,,,,
5054,1/24/23 4:30,303.8,0.61,,,,,
5055,1/24/23 5:00,303.8,0.61,,,,,
5056,1/24/23 5:30,303.8,0.6,,,,,
5057,1/24/23 6:00,303.8,0.6,,,,,
5058,1/24/23 6:30,303.8,0.6,,,,,
5059,1/24/23 7:00,303.8,0.61,,,,,
5060,1/24/23 7:30,303.8,0.6,,,,,
5061,1/24/23 8:00,304.2,0.6,,,,,
5062,1/24/23 8:30,303.8,0.6,,,,,
5063,1/24/23 9:00,303.8,0.61,,,,,
5064,1/24/23 9:30,303.8,0.61,,,,,
5065,1/24/23 10:00,304.2,0.6,,,,,
5066,1/24/23 10:30,303.8,0.62,,,,,
5067,1/24/23 11:00,303.8,0.62,,,,,
5068,1/24/23 11:30,304.2,0.62,,,,,
5069,1/24/23 12:00,304.2,0.64,,,,,
5070,1/24/23 12:30,304.2,0.65,,,,,
5071,1/24/23 13:00,304.6,0.65,,,,,
5072,1/24/23 13:30,304.2,0.65,,,,,
5073,1/24/23 14:00,304.2,0.66,,,,,
5074,1/24/23 14:30,304.6,0.67,,,,,
5075,1/24/23 15:00,304.6,0.67,,,,,
5076,1/24/23 15:30,304.6,0.66,,,,,
5077,1/24/23 16:00,305,0.69,,,,,
5078,1/24/23 16:30,305,0.67,,,,,
5079,1/24/23 17:00,305,0.66,,,,,
5080,1/24/23 17:30,305,0.66,,,,,
5081,1/24/23 18:00,304.6,0.66,,,,,
5082,1/24/23 18:30,305,0.67,,,,,
5083,1/24/23 19:00,305,0.66,,,,,
5084,1/24/23 19:30,305,0.66,,,,,
5085,1/24/23 20:00,305.4,0.66,,,,,
5086,1/24/23 20:30,305.4,0.67,,,,,
5087,1/24/23 21:00,305,0.66,,,,,
5088,1/24/23 21:30,305,0.66,,,,,
5089,1/24/23 22:00,305,0.66,,,,,
5090,1/24/23 22:30,305,0.66,,,,,
5091,1/24/23 23:00,305,0.67,,,,,
5092,1/24/23 23:30,305,0.66,,,,,
5093,1/25/23 0:00,305,0.67,,,,,
5094,1/25/23 0:30,305,0.67,,,,,
5095,1/25/23 1:00,305,0.67,,,,,
5096,1/25/23 1:30,305,0.69,,,,,
5097,1/25/23 2:00,305,0.69,,,,,
5098,1/25/23 2:30,304.6,0.67,,,,,
5099,1/25/23 3:00,305,0.67,,,,,
5100,1/25/23 3:30,305,0.67,,,,,
5101,1/25/23 4:00,304.6,0.67,,,,,
5102,1/25/23 4:30,304.6,0.67,,,,,
5103,1/25/23 5:00,305,0.69,,,,,
5104,1/25/23 5:30,304.6,0.69,,,,,
5105,1/25/23 6:00,304.6,0.69,,,,,
5106,1/25/23 6:30,304.6,0.69,,,,,
5107,1/25/23 7:00,304.6,0.69,,,,,
5108,1/25/23 7:30,304.6,0.69,,,,,
5109,1/25/23 8:00,304.6,0.69,,,,,
5110,1/25/23 8:30,304.6,0.69,,,,,
5111,1/25/23 9:00,304.2,0.7,,,,,
5112,1/25/23 9:30,304.2,0.7,,,,,
5113,1/25/23 10:00,304.2,0.7,,,,,
5114,1/25/23 10:30,304.6,0.71,,,,,
5115,1/25/23 11:00,304.6,0.7,,,,,
5116,1/25/23 11:30,304.2,0.71,,,,,
5117,1/25/23 12:00,304.2,0.73,,,,,
5118,1/25/23 12:30,304.2,0.71,,,,,
5119,1/25/23 13:00,304.2,0.73,,,,,
5120,1/25/23 13:30,304.2,0.71,,,,,
5121,1/25/23 14:00,303.4,0.71,,,,,
5122,1/25/23 14:30,304.2,0.71,,,,,
5123,1/25/23 15:00,304.2,0.71,,,,,
5124,1/25/23 15:30,304.2,0.71,,,,,
5125,1/25/23 16:00,304.6,0.71,,,,,
5126,1/25/23 16:30,304.2,0.71,,,,,
5127,1/25/23 17:00,304.6,0.71,,,,,
5128,1/25/23 17:30,304.6,0.7,,,,,
5129,1/25/23 18:00,304.6,0.69,,,,,
5130,1/25/23 18:30,305,0.69,,,,,
5131,1/25/23 19:00,304.6,0.69,,,,,
5132,1/25/23 19:30,305,0.69,,,,,
5133,1/25/23 20:00,304.6,0.67,,,,,
5134,1/25/23 20:30,304.6,0.66,,,,,
5135,1/25/23 21:00,304.6,0.67,,,,,
5136,1/25/23 21:30,304.6,0.66,,,,,
5137,1/25/23 22:00,304.6,0.66,,,,,
5138,1/25/23 22:30,304.2,0.66,,,,,
5139,1/25/23 23:00,304.2,0.67,,,,,
5140,1/25/23 23:30,304.6,0.66,,,,,
5141,1/26/23 0:00,304.6,0.66,,,,,
5142,1/26/23 0:30,304.6,0.66,,,,,
5143,1/26/23 1:00,304.6,0.66,,,,,
5144,1/26/23 1:30,304.6,0.67,,,,,
5145,1/26/23 2:00,304.6,0.66,,,,,
5146,1/26/23 2:30,304.6,0.66,,,,,
5147,1/26/23 3:00,305,0.66,,,,,
5148,1/26/23 3:30,305,0.67,,,,,
5149,1/26/23 4:00,305,0.67,,,,,
5150,1/26/23 4:30,304.6,0.69,,,,,
5151,1/26/23 5:00,304.6,0.67,,,,,
5152,1/26/23 5:30,304.6,0.69,,,,,
5153,1/26/23 6:00,304.6,0.67,,,,,
5154,1/26/23 6:30,304.6,0.69,,,,,
5155,1/26/23 7:00,304.6,0.67,,,,,
5156,1/26/23 7:30,304.2,0.69,,,,,
5157,1/26/23 8:00,304.6,0.69,,,,,
5158,1/26/23 8:30,304.6,0.69,,,,,
5159,1/26/23 9:00,304.2,0.69,,,,,
5160,1/26/23 9:30,304.2,0.67,,,,,
5161,1/26/23 10:00,304.6,0.69,,,,,
5162,1/26/23 10:30,304.6,0.69,,,,,
5163,1/26/23 11:00,304.6,0.69,,,,,
5164,1/26/23 11:30,304.6,0.69,,,,,
5165,1/26/23 12:00,304.6,0.71,,,,,
5166,1/26/23 12:30,304.6,0.71,,,,,
5167,1/26/23 13:00,304.6,0.71,,,,,
5168,1/26/23 13:30,305,0.73,,,,,
5169,1/26/23 14:00,304.6,0.74,,,,,
5170,1/26/23 14:30,304.6,0.74,,,,,
5171,1/26/23 15:00,304.6,0.75,,,,,
5172,1/26/23 15:30,304.6,0.74,,,,,
5173,1/26/23 16:00,304.6,0.73,,,,,
5174,1/26/23 16:30,305,0.73,,,,,
5175,1/26/23 17:00,305,0.74,,,,,
5176,1/26/23 17:30,305,0.73,,,,,
5177,1/26/23 18:00,305,0.74,,,,,
5178,1/26/23 18:30,305,0.73,,,,,
5179,1/26/23 19:00,305,0.74,,,,,
5180,1/26/23 19:30,305,0.73,,,,,
5181,1/26/23 20:00,305,0.73,,,,,
5182,1/26/23 20:30,305,0.73,,,,,
5183,1/26/23 21:00,305,0.73,,,,,
5184,1/26/23 21:30,305,0.71,,,,,
5185,1/26/23 22:00,305,0.73,,,,,
5186,1/26/23 22:30,304.6,0.73,,,,,
5187,1/26/23 23:00,305,0.73,,,,,
5188,1/26/23 23:30,305,0.71,,,,,
5189,1/27/23 0:00,305,0.71,,,,,
5190,1/27/23 0:30,305,0.71,,,,,
5191,1/27/23 1:00,305,0.7,,,,,
5192,1/27/23 1:30,304.6,0.71,,,,,
5193,1/27/23 2:00,304.6,0.71,,,,,
5194,1/27/23 2:30,305,0.71,,,,,
5195,1/27/23 3:00,304.6,0.71,,,,,
5196,1/27/23 3:30,304.6,0.71,,,,,
5197,1/27/23 4:00,305,0.71,,,,,
5198,1/27/23 4:30,304.6,0.71,,,,,
5199,1/27/23 5:00,304.6,0.71,,,,,
5200,1/27/23 5:30,304.6,0.71,,,,,
5201,1/27/23 6:00,305,0.71,,,,,
5202,1/27/23 6:30,305,0.71,,,,,
5203,1/27/23 7:00,305,0.71,,,,,
5204,1/27/23 7:30,304.6,0.7,,,,,
5205,1/27/23 8:00,305,0.71,,,,,
5206,1/27/23 8:30,304.6,0.7,,,,,
5207,1/27/23 9:00,304.6,0.71,,,,,
5208,1/27/23 9:30,304.6,0.7,,,,,
5209,1/27/23 10:00,304.6,0.71,,,,,
5210,1/27/23 10:30,304.6,0.7,,,,,
5211,1/27/23 11:00,304.6,0.7,,,,,
5212,1/27/23 11:30,304.6,0.69,,,,,
5213,1/27/23 12:00,304.6,0.69,,,,,
5214,1/27/23 12:30,304.6,0.7,,,,,
5215,1/27/23 13:00,305,0.7,,,,,
5216,1/27/23 13:30,305,0.7,,,,,
5217,1/27/23 14:00,304.6,0.71,,,,,
5218,1/27/23 14:30,304.6,0.7,,,,,
5219,1/27/23 15:00,304.6,0.69,,,,,
5220,1/27/23 15:30,304.6,0.69,,,,,
5221,1/27/23 16:00,304.6,0.69,,,,,
5222,1/27/23 16:30,304.6,0.7,,,,,
5223,1/27/23 17:00,304.6,0.69,,,,,
5224,1/27/23 17:30,304.6,0.7,,,,,
5225,1/27/23 18:00,304.6,0.7,,,,,
5226,1/27/23 18:30,304.6,0.67,,,,,
5227,1/27/23 19:00,304.6,0.69,,,,,
5228,1/27/23 19:30,304.6,0.69,,,,,
5229,1/27/23 20:00,304.6,0.69,,,,,
5230,1/27/23 20:30,304.6,0.69,,,,,
5231,1/27/23 21:00,304.6,0.69,,,,,
5232,1/27/23 21:30,304.6,0.69,,,,,
5233,1/27/23 22:00,304.6,0.67,,,,,
5234,1/27/23 22:30,304.6,0.67,,,,,
5235,1/27/23 23:00,304.6,0.69,,,,,
5236,1/27/23 23:30,304.6,0.67,,,,,
5237,1/28/23 0:00,304.6,0.67,,,,,
5238,1/28/23 0:30,304.6,0.67,,,,,
5239,1/28/23 1:00,304.6,0.66,,,,,
5240,1/28/23 1:30,304.6,0.66,,,,,
5241,1/28/23 2:00,304.6,0.66,,,,,
5242,1/28/23 2:30,304.6,0.66,,,,,
5243,1/28/23 3:00,304.6,0.66,,,,,
5244,1/28/23 3:30,304.6,0.66,,,,,
5245,1/28/23 4:00,304.6,0.67,,,,,
5246,1/28/23 4:30,304.6,0.66,,,,,
5247,1/28/23 5:00,304.6,0.66,,,,,
5248,1/28/23 5:30,304.6,0.66,,,,,
5249,1/28/23 6:00,304.6,0.66,,,,,
5250,1/28/23 6:30,304.6,0.66,,,,,
5251,1/28/23 7:00,304.6,0.66,,,,,
5252,1/28/23 7:30,304.6,0.66,,,,,
5253,1/28/23 8:00,304.6,0.66,,,,,
5254,1/28/23 8:30,304.6,0.66,,,,,
5255,1/28/23 9:00,305,0.66,,,,,
5256,1/28/23 9:30,304.6,0.66,,,,,
5257,1/28/23 10:00,305,0.67,,,,,
5258,1/28/23 10:30,304.6,0.67,,,,,
5259,1/28/23 11:00,304.6,0.69,,,,,
5260,1/28/23 11:30,304.6,0.69,,,,,
5261,1/28/23 12:00,304.6,0.67,,,,,
5262,1/28/23 12:30,304.6,0.67,,,,,
5263,1/28/23 13:00,305,0.67,,,,,
5264,1/28/23 13:30,305,0.67,,,,,
5265,1/28/23 14:00,304.6,0.67,,,,,
5266,1/28/23 14:30,304.6,0.69,,,,,
5267,1/28/23 15:00,305,0.69,,,,,
5268,1/28/23 15:30,304.6,0.67,,,,,
5269,1/28/23 16:00,304.6,0.67,,,,,
5270,1/28/23 16:30,304.6,0.67,,,,,
5271,1/28/23 17:00,304.6,0.66,,,,,
5272,1/28/23 17:30,304.6,0.66,,,,,
5273,1/28/23 18:00,305.4,0.65,,,,,
5274,1/28/23 18:30,304.6,0.66,,,,,
5275,1/28/23 19:00,305,0.66,,,,,
5276,1/28/23 19:30,305.4,0.66,,,,,
5277,1/28/23 20:00,305.4,0.66,,,,,
5278,1/28/23 20:30,305,0.66,,,,,
5279,1/28/23 21:00,305,0.67,,,,,
5280,1/28/23 21:30,304.6,0.67,,,,,
5281,1/28/23 22:00,304.6,0.67,,,,,
5282,1/28/23 22:30,304.6,0.67,,,,,
5283,1/28/23 23:00,304.6,0.66,,,,,
5284,1/28/23 23:30,305,0.66,,,,,
5285,1/29/23 0:00,304.6,0.66,,,,,
5286,1/29/23 0:30,304.6,0.67,,,,,
5287,1/29/23 1:00,305.4,0.67,,,,,
5288,1/29/23 1:30,305,0.67,,,,,
5289,1/29/23 2:00,305.4,0.67,,,,,
5290,1/29/23 2:30,305.4,0.67,,,,,
5291,1/29/23 3:00,305.4,0.67,,,,,
5292,1/29/23 3:30,305.4,0.69,,,,,
5293,1/29/23 4:00,305.4,0.67,,,,,
5294,1/29/23 4:30,305.4,0.67,,,,,
5295,1/29/23 5:00,305.4,0.67,,,,,
5296,1/29/23 5:30,305.4,0.67,,,,,
5297,1/29/23 6:00,305.4,0.67,,,,,
5298,1/29/23 6:30,305.8,0.7,,,,,
5299,1/29/23 7:00,306.2,0.7,,,,,
5300,1/29/23 7:30,306.2,0.7,,,,,
5301,1/29/23 8:00,307,0.71,,,,,
5302,1/29/23 8:30,306.6,0.71,,,,,
5303,1/29/23 9:00,305.4,0.67,,,,,
5304,1/29/23 9:30,305.8,0.67,,,,,
5305,1/29/23 10:00,306.6,0.74,,,,,
5306,1/29/23 10:30,305.8,0.7,,,,,
5307,1/29/23 11:00,306.6,0.75,,,,,
5308,1/29/23 11:30,306.6,0.74,,,,,
5309,1/29/23 12:00,307,0.74,,,,,
5310,1/29/23 12:30,306.6,0.74,,,,,
5311,1/29/23 13:00,307,0.75,,,,,
5312,1/29/23 13:30,307.8,0.79,,,,,
5313,1/29/23 14:00,306.6,0.73,,,,,
5314,1/29/23 14:30,306.6,0.71,,,,,
5315,1/29/23 15:00,306.2,0.73,,,,,
5316,1/29/23 15:30,306.2,0.69,,,,,
5317,1/29/23 16:00,306.2,0.73,,,,,
5318,1/29/23 16:30,306.6,0.73,,,,,
5319,1/29/23 17:00,305,0.67,,,,,
5320,1/29/23 17:30,305.8,0.7,,,,,
5321,1/29/23 18:00,305.4,0.69,,,,,
5322,1/29/23 18:30,305,0.67,,,,,
5323,1/29/23 19:00,305.4,0.67,,,,,
5324,1/29/23 19:30,305.4,0.69,,,,,
5325,1/29/23 20:00,305.4,0.67,,,,,
5326,1/29/23 20:30,305,0.67,,,,,
5327,1/29/23 21:00,305.8,0.69,,,,,
5328,1/29/23 21:30,305.8,0.67,,,,,
5329,1/29/23 22:00,305.8,0.67,,,,,
5330,1/29/23 22:30,305.8,0.69,,,,,
5331,1/29/23 23:00,305.8,0.69,,,,,
5332,1/29/23 23:30,305.4,0.69,,,,,
5333,1/30/23 0:00,305.4,0.69,,,,,
5334,1/30/23 0:30,305.4,0.69,,,,,
5335,1/30/23 1:00,305.4,0.67,,,,,
5336,1/30/23 1:30,305.4,0.67,,,,,
5337,1/30/23 2:00,305.8,0.67,,,,,
5338,1/30/23 2:30,305.4,0.67,,,,,
5339,1/30/23 3:00,305.4,0.67,,,,,
5340,1/30/23 3:30,305,0.67,,,,,
5341,1/30/23 4:00,305,0.67,,,,,
5342,1/30/23 4:30,305.8,0.67,,,,,
5343,1/30/23 5:00,305.4,0.69,,,,,
5344,1/30/23 5:30,305.4,0.67,,,,,
5345,1/30/23 6:00,305.4,0.67,,,,,
5346,1/30/23 6:30,305.4,0.67,,,,,
5347,1/30/23 7:00,305.8,0.69,,,,,
5348,1/30/23 7:30,305.8,0.7,,,,,
5349,1/30/23 8:00,305.8,0.69,,,,,
5350,1/30/23 8:30,305.4,0.67,,,,,
5351,1/30/23 9:00,305.4,0.69,,,,,
5352,1/30/23 9:30,305.4,0.67,,,,,
5353,1/30/23 10:00,305.4,0.67,,,,,
5354,1/30/23 10:30,305.4,0.67,,,,,
5355,1/30/23 11:00,305.4,0.67,,,,,
5356,1/30/23 11:30,305.4,0.67,,,,,
5357,1/30/23 12:00,305.4,0.69,,,,,
5358,1/30/23 12:30,305.4,0.67,,,,,
5359,1/30/23 13:00,305.4,0.69,,,,,
5360,1/30/23 13:30,305.8,0.67,,,,,
5361,1/30/23 14:00,305.4,0.69,,,,,
5362,1/30/23 14:30,305.8,0.69,,,,,
5363,1/30/23 15:00,306.2,0.69,,,,,
5364,1/30/23 15:30,306.2,0.7,,,,,
5365,1/30/23 16:00,306.2,0.69,,,,,
5366,1/30/23 16:30,306.2,0.69,,,,,
5367,1/30/23 17:00,306.2,0.7,,,,,
5368,1/30/23 17:30,306.2,0.69,,,,,
5369,1/30/23 18:00,306.2,0.69,,,,,
5370,1/30/23 18:30,306.2,0.69,,,,,
5371,1/30/23 19:00,306.2,0.69,,,,,
5372,1/30/23 19:30,308.2,0.69,,,,,
5373,1/30/23 20:00,306.2,0.69,,,,,
5374,1/30/23 20:30,306.2,0.69,,,,,
5375,1/30/23 21:00,306.2,0.67,,,,,
5376,1/30/23 21:30,306.2,0.67,,,,,
5377,1/30/23 22:00,306.2,0.67,,,,,
5378,1/30/23 22:30,306.6,0.69,,,,,
5379,1/30/23 23:00,306.2,0.69,,,,,
5380,1/30/23 23:30,306.2,0.67,,,,,
5381,1/31/23 0:00,306.2,0.67,,,,,
5382,1/31/23 0:30,306.2,0.67,,,,,
5383,1/31/23 1:00,306.2,0.67,,,,,
5384,1/31/23 1:30,306.2,0.67,,,,,
5385,1/31/23 2:00,306.2,0.67,,,,,
5386,1/31/23 2:30,306.2,0.69,,,,,
5387,1/31/23 3:00,306.2,0.69,,,,,
5388,1/31/23 3:30,306.2,0.67,,,,,
5389,1/31/23 4:00,306.2,0.69,,,,,
5390,1/31/23 4:30,306.2,0.69,,,,,
5391,1/31/23 5:00,306.2,0.69,,,,,
5392,1/31/23 5:30,306.2,0.69,,,,,
5393,1/31/23 6:00,306.2,0.69,,,,,
5394,1/31/23 6:30,306.2,0.69,,,,,
5395,1/31/23 7:00,306.2,0.69,,,,,
5396,1/31/23 7:30,306.2,0.69,,,,,
5397,1/31/23 8:00,306.2,0.7,,,,,
5398,1/31/23 8:30,306.6,0.69,,,,,
5399,1/31/23 9:00,306.2,0.69,,,,,
5400,1/31/23 9:30,306.6,0.69,,,,,
5401,1/31/23 10:00,306.6,0.69,,,,,
5402,1/31/23 10:30,306.2,0.7,,,,,
5403,1/31/23 11:00,306.6,0.69,,,,,
5404,1/31/23 11:30,306.2,0.7,,,,,
5405,1/31/23 12:00,306.2,0.7,,,,,
5406,1/31/23 12:30,306.2,0.7,,,,,
5407,1/31/23 13:00,306.2,0.69,,,,,
5408,1/31/23 13:30,306.2,0.7,,,,,
5409,1/31/23 14:00,306.2,0.69,,,,,
5410,1/31/23 14:30,306.6,0.7,,,,,
5411,1/31/23 15:00,306.2,0.7,,,,,
5412,1/31/23 15:30,306.2,0.69,,,,,
5413,1/31/23 16:00,306.2,0.69,,,,,
5414,1/31/23 16:30,306.6,0.69,,,,,
5415,1/31/23 17:00,306.2,0.69,,,,,
5416,1/31/23 17:30,306.2,0.69,,,,,
5417,1/31/23 18:00,306.6,0.67,,,,,
5418,1/31/23 18:30,306.2,0.67,,,,,
5419,1/31/23 19:00,306.2,0.67,,,,,
5420,1/31/23 19:30,306.2,0.67,,,,,
5421,1/31/23 20:00,306.2,0.67,,,,,
5422,1/31/23 20:30,306.2,0.67,,,,,
5423,1/31/23 21:00,306.2,0.67,,,,,
5424,1/31/23 21:30,306.2,0.67,,,,,
5425,1/31/23 22:00,306.2,0.67,,,,,
5426,1/31/23 22:30,306.2,0.67,,,,,
5427,1/31/23 23:00,306.2,0.66,,,,,
5428,1/31/23 23:30,305.8,0.66,,,,,
5429,2/1/23 0:00,306.2,0.66,,,,,
5430,2/1/23 0:30,305.8,0.66,,,,,
5431,2/1/23 1:00,305.8,0.65,,,,,
5432,2/1/23 1:30,305.8,0.65,,,,,
5433,2/1/23 2:00,305.8,0.64,,,,,
5434,2/1/23 2:30,306.2,0.62,,,,,
5435,2/1/23 3:00,306.2,0.64,,,,,
5436,2/1/23 3:30,305.8,0.64,,,,,
5437,2/1/23 4:00,305.8,0.64,,,,,
5438,2/1/23 4:30,306.2,0.64,,,,,
5439,2/1/23 5:00,306.2,0.62,,,,,
5440,2/1/23 5:30,305.8,0.62,,,,,
5441,2/1/23 6:00,305.8,0.64,,,,,
5442,2/1/23 6:30,306.2,0.64,,,,,
5443,2/1/23 7:00,306.2,0.64,,,,,
5444,2/1/23 7:30,306.2,0.62,,,,,
5445,2/1/23 8:00,306.6,0.64,,,,,
5446,2/1/23 8:30,306.2,0.64,,,,,
5447,2/1/23 9:00,306.2,0.65,,,,,
5448,2/1/23 9:30,306.2,0.65,,,,,
5449,2/1/23 10:00,305.8,0.65,,,,,
5450,2/1/23 10:30,305.8,0.65,,,,,
5451,2/1/23 11:00,305.8,0.65,,,,,
5452,2/1/23 11:30,305,0.64,,,,,
5453,2/1/23 12:00,305,0.64,,,,,
5454,2/1/23 12:30,305.8,0.65,,,,,
5455,2/1/23 13:00,305.8,0.65,,,,,
5456,2/1/23 13:30,305.8,0.64,,,,,
5457,2/1/23 14:00,305.4,0.65,,,,,
5458,2/1/23 14:30,305.4,0.65,,,,,
5459,2/1/23 15:00,305.8,0.64,,,,,
5460,2/1/23 15:30,305.8,0.65,,,,,
5461,2/1/23 16:00,306.2,0.64,,,,,
5462,2/1/23 16:30,305.8,0.64,,,,,
5463,2/1/23 17:00,305.8,0.64,,,,,
5464,2/1/23 17:30,306.2,0.64,,,,,
5465,2/1/23 18:00,306.2,0.65,,,,,
5466,2/1/23 18:30,306.2,0.64,,,,,
5467,2/1/23 19:00,306.2,0.64,,,,,
5468,2/1/23 19:30,306.2,0.64,,,,,
5469,2/1/23 20:00,306.2,0.64,,,,,
5470,2/1/23 20:30,305.8,0.64,,,,,
5471,2/1/23 21:00,305.8,0.66,,,,,
5472,2/1/23 21:30,306.2,0.65,,,,,
5473,2/1/23 22:00,305.8,0.66,,,,,
5474,2/1/23 22:30,305.8,0.66,,,,,
5475,2/1/23 23:00,305.8,0.66,,,,,
5476,2/1/23 23:30,305.8,0.67,,,,,
5477,2/2/23 0:00,305.4,0.66,,,,,
5478,2/2/23 0:30,305.8,0.67,,,,,
5479,2/2/23 1:00,305.8,0.66,,,,,
5480,2/2/23 1:30,305.8,0.66,,,,,
5481,2/2/23 2:00,306.2,0.66,,,,,
5482,2/2/23 2:30,306.2,0.66,,,,,
5483,2/2/23 3:00,306.2,0.67,,,,,
5484,2/2/23 3:30,306.2,0.66,,,,,
5485,2/2/23 4:00,305.8,0.66,,,,,
5486,2/2/23 4:30,305.8,0.66,,,,,
5487,2/2/23 5:00,305.8,0.66,,,,,
5488,2/2/23 5:30,306.2,0.67,,,,,
5489,2/2/23 6:00,305.8,0.66,,,,,
5490,2/2/23 6:30,305.8,0.67,,,,,
5491,2/2/23 7:00,305.8,0.67,,,,,
5492,2/2/23 7:30,306.2,0.67,,,,,
5493,2/2/23 8:00,306.2,0.67,,,,,
5494,2/2/23 8:30,306.2,0.67,,,,,
5495,2/2/23 9:00,306.2,0.66,,,,,
5496,2/2/23 9:30,306.2,0.67,,,,,
5497,2/2/23 10:00,306.2,0.67,,,,,
5498,2/2/23 10:30,306.2,0.67,,,,,
5499,2/2/23 11:00,306.2,0.67,,,,,
5500,2/2/23 11:30,306.2,0.67,,,,,
5501,2/2/23 12:00,306.2,0.67,,,,,
5502,2/2/23 12:30,306.2,0.67,,,,,
5503,2/2/23 13:00,306.2,0.67,,,,,
5504,2/2/23 13:30,305.8,0.67,,,,,
5505,2/2/23 14:00,305.8,0.67,,,,,
5506,2/2/23 14:30,305.8,0.67,,,,,
5507,2/2/23 15:00,306.2,0.67,,,,,
5508,2/2/23 15:30,306.2,0.67,,,,,
5509,2/2/23 16:00,306.2,0.66,,,,,
5510,2/2/23 16:30,306.2,0.67,,,,,
5511,2/2/23 17:00,306.2,0.67,,,,,
5512,2/2/23 17:30,306.2,0.67,,,,,
5513,2/2/23 18:00,306.2,0.67,,,,,
5514,2/2/23 18:30,306.2,0.67,,,,,
5515,2/2/23 19:00,306.2,0.67,,,,,
5516,2/2/23 19:30,306.2,0.67,,,,,
5517,2/2/23 20:00,306.2,0.67,,,,,
5518,2/2/23 20:30,306.2,0.66,,,,,
5519,2/2/23 21:00,305.8,0.66,,,,,
5520,2/2/23 21:30,306.2,0.66,,,,,
5521,2/2/23 22:00,306.2,0.67,,,,,
5522,2/2/23 22:30,306.2,0.67,,,,,
5523,2/2/23 23:00,306.2,0.66,,,,,
5524,2/2/23 23:30,306.2,0.66,,,,,
5525,2/3/23 0:00,306.2,0.66,,,,,
5526,2/3/23 0:30,306.2,0.67,,,,,
5527,2/3/23 1:00,306.2,0.67,,,,,
5528,2/3/23 1:30,306.2,0.66,,,,,
5529,2/3/23 2:00,306.2,0.67,,,,,
5530,2/3/23 2:30,306.2,0.66,,,,,
5531,2/3/23 3:00,306.2,0.67,,,,,
5532,2/3/23 3:30,306.2,0.67,,,,,
5533,2/3/23 4:00,306.2,0.67,,,,,
5534,2/3/23 4:30,305.8,0.67,,,,,
5535,2/3/23 5:00,306.2,0.66,,,,,
5536,2/3/23 5:30,306.2,0.66,,,,,
5537,2/3/23 6:00,306.2,0.66,,,,,
5538,2/3/23 6:30,306.2,0.66,,,,,
5539,2/3/23 7:00,306.2,0.66,,,,,
5540,2/3/23 7:30,306.2,0.66,,,,,
5541,2/3/23 8:00,306.2,0.66,,,,,
5542,2/3/23 8:30,306.2,0.67,,,,,
5543,2/3/23 9:00,306.2,0.67,,,,,
5544,2/3/23 9:30,306.2,0.67,,,,,
5545,2/3/23 10:00,306.2,0.67,,,,,
5546,2/3/23 10:30,306.2,0.67,,,,,
5547,2/3/23 11:00,306.2,0.66,,,,,
5548,2/3/23 11:30,306.2,0.66,,,,,
5549,2/3/23 12:00,306.2,0.67,,,,,
5550,2/3/23 12:30,306.2,0.67,,,,,
5551,2/3/23 13:00,306.2,0.67,,,,,
5552,2/3/23 13:30,306.2,0.67,,,,,
5553,2/3/23 14:00,306.2,0.67,,,,,
5554,2/3/23 14:30,306.2,0.66,,,,,
5555,2/3/23 15:00,306.2,0.66,,,,,
5556,2/3/23 15:30,306.2,0.67,,,,,
5557,2/3/23 16:00,306.2,0.66,,,,,
5558,2/3/23 16:30,306.2,0.66,,,,,
5559,2/3/23 17:00,306.2,0.67,,,,,
5560,2/3/23 17:30,306.2,0.66,,,,,
5561,2/3/23 18:00,306.2,0.66,,,,,
5562,2/3/23 18:30,306.6,0.66,,,,,
5563,2/3/23 19:00,306.2,0.66,,,,,
5564,2/3/23 19:30,306.2,0.66,,,,,
5565,2/3/23 20:00,306.2,0.66,,,,,
5566,2/3/23 20:30,306.2,0.67,,,,,
5567,2/3/23 21:00,306.2,0.67,,,,,
5568,2/3/23 21:30,306.2,0.66,,,,,
5569,2/3/23 22:00,306.6,0.66,,,,,
5570,2/3/23 22:30,306.6,0.66,,,,,
5571,2/3/23 23:00,306.6,0.66,,,,,
5572,2/3/23 23:30,306.2,0.66,,,,,
5573,2/4/23 0:00,306.6,0.66,,,,,
5574,2/4/23 0:30,306.6,0.66,,,,,
5575,2/4/23 1:00,306.2,0.65,,,,,
5576,2/4/23 1:30,306.6,0.65,,,,,
5577,2/4/23 2:00,306.6,0.64,,,,,
5578,2/4/23 2:30,306.2,0.65,,,,,
5579,2/4/23 3:00,306.2,0.64,,,,,
5580,2/4/23 3:30,306.2,0.65,,,,,
5581,2/4/23 4:00,306.2,0.66,,,,,
5582,2/4/23 4:30,306.2,0.65,,,,,
5583,2/4/23 5:00,307,0.64,,,,,
5584,2/4/23 5:30,306.6,0.64,,,,,
5585,2/4/23 6:00,306.6,0.62,,,,,
5586,2/4/23 6:30,306.6,0.64,,,,,
5587,2/4/23 7:00,306.6,0.62,,,,,
5588,2/4/23 7:30,306.6,0.62,,,,,
5589,2/4/23 8:00,306.6,0.62,,,,,
5590,2/4/23 8:30,306.2,0.62,,,,,
5591,2/4/23 9:00,306.6,0.64,,,,,
5592,2/4/23 9:30,306.6,0.64,,,,,
5593,2/4/23 10:00,306.6,0.64,,,,,
5594,2/4/23 10:30,306.6,0.62,,,,,
5595,2/4/23 11:00,306.6,0.62,,,,,
5596,2/4/23 11:30,306.6,0.64,,,,,
5597,2/4/23 12:00,306.6,0.64,,,,,
5598,2/4/23 12:30,306.2,0.64,,,,,
5599,2/4/23 13:00,306.2,0.64,,,,,
5600,2/4/23 13:30,306.2,0.65,,,,,
5601,2/4/23 14:00,306.2,0.64,,,,,
5602,2/4/23 14:30,306.2,0.65,,,,,
5603,2/4/23 15:00,306.2,0.64,,,,,
5604,2/4/23 15:30,306.2,0.64,,,,,
5605,2/4/23 16:00,306.2,0.65,,,,,
5606,2/4/23 16:30,306.2,0.64,,,,,
5607,2/4/23 17:00,306.2,0.65,,,,,
5608,2/4/23 17:30,306.2,0.65,,,,,
5609,2/4/23 18:00,306.2,0.65,,,,,
5610,2/4/23 18:30,306.2,0.64,,,,,
5611,2/4/23 19:00,306.2,0.64,,,,,
5612,2/4/23 19:30,306.2,0.65,,,,,
5613,2/4/23 20:00,306.2,0.64,,,,,
5614,2/4/23 20:30,307,0.65,,,,,
5615,2/4/23 21:00,306.6,0.65,,,,,
5616,2/4/23 21:30,306.2,0.65,,,,,
5617,2/4/23 22:00,306.2,0.65,,,,,
5618,2/4/23 22:30,306.2,0.66,,,,,
5619,2/4/23 23:00,306.2,0.66,,,,,
5620,2/4/23 23:30,306.6,0.66,,,,,
5621,2/5/23 0:00,306.2,0.66,,,,,
5622,2/5/23 0:30,306.2,0.65,,,,,
5623,2/5/23 1:00,306.2,0.66,,,,,
5624,2/5/23 1:30,310.6,0.66,,,,,
5625,2/5/23 2:00,306.2,0.66,,,,,
5626,2/5/23 2:30,306.2,0.65,,,,,
5627,2/5/23 3:00,306.2,0.65,,,,,
5628,2/5/23 3:30,306.2,0.65,,,,,
5629,2/5/23 4:00,306.6,0.64,,,,,
5630,2/5/23 4:30,306.6,0.64,,,,,
5631,2/5/23 5:00,306.2,0.64,,,,,
5632,2/5/23 5:30,306.6,0.64,,,,,
5633,2/5/23 6:00,306.6,0.65,,,,,
5634,2/5/23 6:30,306.6,0.64,,,,,
5635,2/5/23 7:00,306.6,0.64,,,,,
5636,2/5/23 7:30,306.6,0.64,,,,,
5637,2/5/23 8:00,306.6,0.64,,,,,
5638,2/5/23 8:30,306.6,0.64,,,,,
5639,2/5/23 9:00,306.6,0.65,,,,,
5640,2/5/23 9:30,306.6,0.65,,,,,
5641,2/5/23 10:00,306.6,0.65,,,,,
5642,2/5/23 10:30,306.6,0.66,,,,,
5643,2/5/23 11:00,306.6,0.66,,,,,
5644,2/5/23 11:30,306.2,0.66,,,,,
5645,2/5/23 12:00,306.2,0.66,,,,,
5646,2/5/23 12:30,306.6,0.66,,,,,
5647,2/5/23 13:00,306.2,0.67,,,,,
5648,2/5/23 13:30,306.6,0.67,,,,,
5649,2/5/23 14:00,306.2,0.67,,,,,
5650,2/5/23 14:30,306.6,0.67,,,,,
5651,2/5/23 15:00,306.6,0.67,,,,,
5652,2/5/23 15:30,307,0.67,,,,,
5653,2/5/23 16:00,307,0.67,,,,,
5654,2/5/23 16:30,307.4,0.67,,,,,
5655,2/5/23 17:00,307.4,0.67,,,,,
5656,2/5/23 17:30,307.4,0.66,,,,,
5657,2/5/23 18:00,307.4,0.66,,,,,
5658,2/5/23 18:30,307,0.69,,,,,
5659,2/5/23 19:00,307,0.7,,,,,
5660,2/5/23 19:30,307,0.67,,,,,
5661,2/5/23 20:00,306.6,0.69,,,,,
5662,2/5/23 20:30,307,0.66,,,,,
5663,2/5/23 21:00,307,0.67,,,,,
5664,2/5/23 21:30,307,0.67,,,,,
5665,2/5/23 22:00,307,0.66,,,,,
5666,2/5/23 22:30,307.8,0.66,,,,,
5667,2/5/23 23:00,307,0.66,,,,,
5668,2/5/23 23:30,307.4,0.66,,,,,
5669,2/6/23 0:00,307.4,0.65,,,,,
5670,2/6/23 0:30,307.4,0.65,,,,,
5671,2/6/23 1:00,307.4,0.66,,,,,
5672,2/6/23 1:30,307.4,0.66,,,,,
5673,2/6/23 2:00,307.4,0.66,,,,,
5674,2/6/23 2:30,307.4,0.66,,,,,
5675,2/6/23 3:00,307.4,0.66,,,,,
5676,2/6/23 3:30,307.4,0.66,,,,,
5677,2/6/23 4:00,307.4,0.67,,,,,
5678,2/6/23 4:30,307.4,0.66,,,,,
5679,2/6/23 5:00,307.4,0.66,,,,,
5680,2/6/23 5:30,307.4,0.67,,,,,
5681,2/6/23 6:00,307.4,0.67,,,,,
5682,2/6/23 6:30,307.4,0.67,,,,,
5683,2/6/23 7:00,307.4,0.67,,,,,
5684,2/6/23 7:30,307.4,0.67,,,,,
5685,2/6/23 8:00,307.4,0.67,,,,,
5686,2/6/23 8:30,307.4,0.67,,,,,
5687,2/6/23 9:00,307.4,0.67,,,,,
5688,2/6/23 9:30,307,0.67,,,,,
5689,2/6/23 10:00,307.4,0.67,,,,,
5690,2/6/23 10:30,307.4,0.67,,,,,
5691,2/6/23 11:00,307.4,0.67,,,,,
5692,2/6/23 11:30,307.4,0.67,,,,,
5693,2/6/23 12:00,307.8,0.66,,,,,
5694,2/6/23 12:30,307.4,0.66,,,,,
5695,2/6/23 13:00,307.4,0.66,,,,,
5696,2/6/23 13:30,307,0.66,,,,,
5697,2/6/23 14:00,307,0.66,,,,,
5698,2/6/23 14:30,307,0.67,,,,,
5699,2/6/23 15:00,307,0.67,,,,,
5700,2/6/23 15:30,307,0.67,,,,,
5701,2/6/23 16:00,306.6,0.67,,,,,
5702,2/6/23 16:30,307,0.66,,,,,
5703,2/6/23 17:00,307,0.66,,,,,
5704,2/6/23 17:30,307,0.66,,,,,
5705,2/6/23 18:00,307,0.67,,,,,
5706,2/6/23 18:30,306.6,0.67,,,,,
5707,2/6/23 19:00,307,0.67,,,,,
5708,2/6/23 19:30,307,0.66,,,,,
5709,2/6/23 20:00,307,0.66,,,,,
5710,2/6/23 20:30,307.4,0.67,,,,,
5711,2/6/23 21:00,307,0.67,,,,,
5712,2/6/23 21:30,307.4,0.66,,,,,
5713,2/6/23 22:00,307.4,0.66,,,,,
5714,2/6/23 22:30,307.8,0.66,,,,,
5715,2/6/23 23:00,308.2,0.67,,,,,
5716,2/6/23 23:30,307.8,0.66,,,,,
5717,2/7/23 0:00,308.2,0.67,,,,,
5718,2/7/23 0:30,308.2,0.66,,,,,
5719,2/7/23 1:00,308.2,0.66,,,,,
5720,2/7/23 1:30,308.2,0.67,,,,,
5721,2/7/23 2:00,308.2,0.66,,,,,
5722,2/7/23 2:30,307.8,0.66,,,,,
5723,2/7/23 3:00,308.2,0.66,,,,,
5724,2/7/23 3:30,308.2,0.66,,,,,
5725,2/7/23 4:00,308.6,0.66,,,,,
5726,2/7/23 4:30,308.2,0.66,,,,,
5727,2/7/23 5:00,307,0.66,,,,,
5728,2/7/23 5:30,307,0.67,,,,,
5729,2/7/23 6:00,307,0.67,,,,,
5730,2/7/23 6:30,307,0.67,,,,,
5731,2/7/23 7:00,307,0.67,,,,,
5732,2/7/23 7:30,307,0.67,,,,,
5733,2/7/23 8:00,307,0.67,,,,,
5734,2/7/23 8:30,307,0.67,,,,,
5735,2/7/23 9:00,307,0.67,,,,,
5736,2/7/23 9:30,307.4,0.67,,,,,
5737,2/7/23 10:00,307.4,0.67,,,,,
5738,2/7/23 10:30,307.4,0.7,,,,,
5739,2/7/23 11:00,307.8,0.7,,,,,
5740,2/7/23 11:30,307.8,0.7,,,,,
5741,2/7/23 12:00,308.2,0.7,,,,,
5742,2/7/23 12:30,307.8,0.73,,,,,
5743,2/7/23 13:00,307.8,0.73,,,,,
5744,2/7/23 13:30,308.6,0.78,,,,,
5745,2/7/23 14:00,308.2,0.76,,,,,
5746,2/7/23 14:30,309,0.86,,,,,
5747,2/7/23 15:00,309,0.86,,,,,
5748,2/7/23 15:30,308.2,0.86,,,,,
5749,2/7/23 16:00,308.2,0.83,,,,,
5750,2/7/23 16:30,308.2,0.8,,,,,
5751,2/7/23 17:00,309,0.78,,,,,
5752,2/7/23 17:30,309,0.78,,,,,
5753,2/7/23 18:00,309.4,0.76,,,,,
5754,2/7/23 18:30,309.4,0.75,,,,,
5755,2/7/23 19:00,309.4,0.75,,,,,
5756,2/7/23 19:30,309,0.76,,,,,
5757,2/7/23 20:00,309,0.76,,,,,
5758,2/7/23 20:30,309,0.76,,,,,
5759,2/7/23 21:00,309,0.76,,,,,
5760,2/7/23 21:30,309,0.76,,,,,
5761,2/7/23 22:00,309,0.76,,,,,
5762,2/7/23 22:30,309,0.75,,,,,
5763,2/7/23 23:00,309.4,0.76,,,,,
5764,2/7/23 23:30,308.6,0.76,,,,,
5765,2/8/23 0:00,309,0.76,,,,,
5766,2/8/23 0:30,309,0.75,,,,,
5767,2/8/23 1:00,309.4,0.75,,,,,
5768,2/8/23 1:30,309.4,0.75,,,,,
5769,2/8/23 2:00,309.4,0.75,,,,,
5770,2/8/23 2:30,309.4,0.74,,,,,
5771,2/8/23 3:00,309.4,0.76,,,,,
5772,2/8/23 3:30,309.4,0.75,,,,,
5773,2/8/23 4:00,309.4,0.75,,,,,
5774,2/8/23 4:30,309.4,0.75,,,,,
5775,2/8/23 5:00,309.4,0.75,,,,,
5776,2/8/23 5:30,309.8,0.76,,,,,
5777,2/8/23 6:00,309.4,0.76,,,,,
5778,2/8/23 6:30,309.4,0.75,,,,,
5779,2/8/23 7:00,309.4,0.75,,,,,
5780,2/8/23 7:30,309.4,0.75,,,,,
5781,2/8/23 8:00,309.4,0.75,,,,,
5782,2/8/23 8:30,309.4,0.76,,,,,
5783,2/8/23 9:00,309,0.78,,,,,
5784,2/8/23 9:30,309,0.8,,,,,
5785,2/8/23 10:00,308.6,0.83,,,,,
5786,2/8/23 10:30,309.4,0.86,,,,,
5787,2/8/23 11:00,309.8,0.88,,,,,
5788,2/8/23 11:30,310.5,0.93,,,,,
5789,2/8/23 12:00,310.1,0.95,,,,,
5790,2/8/23 12:30,310.5,1.01,,,,,
5791,2/8/23 13:00,309.7,0.96,,,,,
5792,2/8/23 13:30,310.9,0.98,,,,,
5793,2/8/23 14:00,311.3,1,,,,,
5794,2/8/23 14:30,311.7,1.11,,,,,
5795,2/8/23 15:00,312.5,1.13,,,,,
5796,2/8/23 15:30,311.7,1.1,,,,,
5797,2/8/23 16:00,312.5,1.1,,,,,
5798,2/8/23 16:30,311.7,1.01,,,,,
5799,2/8/23 17:00,310.9,1,,,,,
5800,2/8/23 17:30,311.7,0.97,,,,,
5801,2/8/23 18:00,311.3,0.96,,,,,
5802,2/8/23 18:30,311.8,0.95,,,,,
5803,2/8/23 19:00,311.8,0.93,,,,,
5804,2/8/23 19:30,311.3,0.95,,,,,
5805,2/8/23 20:00,311.8,0.93,,,,,
5806,2/8/23 20:30,311.4,0.93,,,,,
5807,2/8/23 21:00,311.8,0.93,,,,,
5808,2/8/23 21:30,311.8,0.93,,,,,
5809,2/8/23 22:00,311.4,0.93,,,,,
5810,2/8/23 22:30,311.4,0.92,,,,,
5811,2/8/23 23:00,311.4,0.92,,,,,
5812,2/8/23 23:30,311.8,0.92,,,,,
5813,2/9/23 0:00,311.8,0.93,,,,,
5814,2/9/23 0:30,311.8,0.93,,,,,
5815,2/9/23 1:00,311.4,0.92,,,,,
5816,2/9/23 1:30,311.4,0.89,,,,,
5817,2/9/23 2:00,311.4,0.91,,,,,
5818,2/9/23 2:30,311,0.91,,,,,
5819,2/9/23 3:00,310.6,0.88,,,,,
5820,2/9/23 3:30,310.6,0.87,,,,,
5821,2/9/23 4:00,310.2,0.88,,,,,
5822,2/9/23 4:30,310.6,0.89,,,,,
5823,2/9/23 5:00,310.6,0.89,,,,,
5824,2/9/23 5:30,310.6,0.88,,,,,
5825,2/9/23 6:00,310.2,0.88,,,,,
5826,2/9/23 6:30,310.6,0.87,,,,,
5827,2/9/23 7:00,310.6,0.88,,,,,
5828,2/9/23 7:30,310.6,0.88,,,,,
5829,2/9/23 8:00,310.6,0.87,,,,,
5830,2/9/23 8:30,310.6,0.86,,,,,
5831,2/9/23 9:00,310.2,0.86,,,,,
5832,2/9/23 9:30,310.2,0.87,,,,,
5833,2/9/23 10:00,310.2,0.87,,,,,
5834,2/9/23 10:30,310.2,0.87,,,,,
5835,2/9/23 11:00,310.2,0.87,,,,,
5836,2/9/23 11:30,310.2,0.87,,,,,
5837,2/9/23 12:00,309.8,0.88,,,,,
5838,2/9/23 12:30,309.8,0.87,,,,,
5839,2/9/23 13:00,309.8,0.88,,,,,
5840,2/9/23 13:30,309.8,0.87,,,,,
5841,2/9/23 14:00,309.4,0.87,,,,,
5842,2/9/23 14:30,309.8,0.88,,,,,
5843,2/9/23 15:00,309.8,0.88,,,,,
5844,2/9/23 15:30,309.4,0.87,,,,,
5845,2/9/23 16:00,309.8,0.87,,,,,
5846,2/9/23 16:30,309.4,0.87,,,,,
5847,2/9/23 17:00,309.4,0.87,,,,,
5848,2/9/23 17:30,309.8,0.87,,,,,
5849,2/9/23 18:00,309.8,0.87,,,,,
5850,2/9/23 18:30,309.4,0.86,,,,,
5851,2/9/23 19:00,309.8,0.86,,,,,
5852,2/9/23 19:30,309.8,0.84,,,,,
5853,2/9/23 20:00,309.8,0.84,,,,,
5854,2/9/23 20:30,309.8,0.84,,,,,
5855,2/9/23 21:00,309.8,0.83,,,,,
5856,2/9/23 21:30,309.8,0.84,,,,,
5857,2/9/23 22:00,310.2,0.82,,,,,
5858,2/9/23 22:30,309.8,0.83,,,,,
5859,2/9/23 23:00,310.2,0.82,,,,,
5860,2/9/23 23:30,310.6,0.82,,,,,
5861,2/10/23 0:00,311,0.8,,,,,
5862,2/10/23 0:30,311.4,0.8,,,,,
5863,2/10/23 1:00,310.2,0.8,,,,,
5864,2/10/23 1:30,310.6,0.8,,,,,
5865,2/10/23 2:00,310.6,0.8,,,,,
5866,2/10/23 2:30,310.6,0.79,,,,,
5867,2/10/23 3:00,310.6,0.8,,,,,
5868,2/10/23 3:30,310.6,0.8,,,,,
5869,2/10/23 4:00,310.2,0.8,,,,,
5870,2/10/23 4:30,310.6,0.82,,,,,
5871,2/10/23 5:00,310.6,0.8,,,,,
5872,2/10/23 5:30,310.2,0.83,,,,,
5873,2/10/23 6:00,310.2,0.82,,,,,
5874,2/10/23 6:30,310.2,0.82,,,,,
5875,2/10/23 7:00,309.8,0.83,,,,,
5876,2/10/23 7:30,310.2,0.83,,,,,
5877,2/10/23 8:00,309.8,0.84,,,,,
5878,2/10/23 8:30,310.2,0.84,,,,,
5879,2/10/23 9:00,309.8,0.84,,,,,
5880,2/10/23 9:30,309.8,0.84,,,,,
5881,2/10/23 10:00,310.2,0.86,,,,,
5882,2/10/23 10:30,310.2,0.86,,,,,
5883,2/10/23 11:00,310.2,0.84,,,,,
5884,2/10/23 11:30,310.6,0.84,,,,,
5885,2/10/23 12:00,310.6,0.84,,,,,
5886,2/10/23 12:30,310.6,0.83,,,,,
5887,2/10/23 13:00,310.2,0.86,,,,,
5888,2/10/23 13:30,310.6,0.87,,,,,
5889,2/10/23 14:00,310.2,0.87,,,,,
5890,2/10/23 14:30,310.2,0.87,,,,,
5891,2/10/23 15:00,310.2,0.87,,,,,
5892,2/10/23 15:30,310.2,0.87,,,,,
5893,2/10/23 16:00,310.6,0.87,,,,,
5894,2/10/23 16:30,310.6,0.87,,,,,
5895,2/10/23 17:00,311,0.88,,,,,
5896,2/10/23 17:30,311.4,0.87,,,,,
5897,2/10/23 18:00,311,0.87,,,,,
5898,2/10/23 18:30,311,0.87,,,,,
5899,2/10/23 19:00,311,0.87,,,,,
5900,2/10/23 19:30,311,0.86,,,,,
5901,2/10/23 20:00,311.4,0.86,,,,,
5902,2/10/23 20:30,311.4,0.86,,,,,
5903,2/10/23 21:00,311.4,0.87,,,,,
5904,2/10/23 21:30,311,0.87,,,,,
5905,2/10/23 22:00,311,0.86,,,,,
5906,2/10/23 22:30,311,0.88,,,,,
5907,2/10/23 23:00,310.6,0.87,,,,,
5908,2/10/23 23:30,310.6,0.88,,,,,
5909,2/11/23 0:00,310.6,0.89,,,,,
5910,2/11/23 0:30,310.6,0.88,,,,,
5911,2/11/23 1:00,310.2,0.89,,,,,
5912,2/11/23 1:30,309.8,0.89,,,,,
5913,2/11/23 2:00,310.2,0.89,,,,,
5914,2/11/23 2:30,309.8,0.89,,,,,
5915,2/11/23 3:00,310.2,0.89,,,,,
5916,2/11/23 3:30,310.2,0.89,,,,,
5917,2/11/23 4:00,309.8,0.89,,,,,
5918,2/11/23 4:30,310.2,0.91,,,,,
5919,2/11/23 5:00,310.2,0.91,,,,,
5920,2/11/23 5:30,310.2,0.91,,,,,
5921,2/11/23 6:00,310.2,0.91,,,,,
5922,2/11/23 6:30,310.2,0.91,,,,,
5923,2/11/23 7:00,310.1,0.92,,,,,
5924,2/11/23 7:30,310.1,0.92,,,,,
5925,2/11/23 8:00,310.1,0.92,,,,,
5926,2/11/23 8:30,310.1,0.93,,,,,
5927,2/11/23 9:00,309.7,0.93,,,,,
5928,2/11/23 9:30,310.1,0.95,,,,,
5929,2/11/23 10:00,309.7,0.96,,,,,
5930,2/11/23 10:30,310.1,0.97,,,,,
5931,2/11/23 11:00,310.5,0.97,,,,,
5932,2/11/23 11:30,310.5,0.97,,,,,
5933,2/11/23 12:00,310.5,0.98,,,,,
5934,2/11/23 12:30,310.5,1,,,,,
5935,2/11/23 13:00,311.3,1.02,,,,,
5936,2/11/23 13:30,310.5,1.01,,,,,
5937,2/11/23 14:00,310.9,1.02,,,,,
5938,2/11/23 14:30,310.9,1.02,,,,,
5939,2/11/23 15:00,311.7,1.02,,,,,
5940,2/11/23 15:30,311.7,1.02,,,,,
5941,2/11/23 16:00,311.7,1.04,,,,,
5942,2/11/23 16:30,311.7,1.01,,,,,
5943,2/11/23 17:00,311.7,1.02,,,,,
5944,2/11/23 17:30,311.7,1.02,,,,,
5945,2/11/23 18:00,311.7,1.01,,,,,
5946,2/11/23 18:30,311.7,1.01,,,,,
5947,2/11/23 19:00,311.7,1.01,,,,,
5948,2/11/23 19:30,312.1,1,,,,,
5949,2/11/23 20:00,311.7,1,,,,,
5950,2/11/23 20:30,311.7,1.01,,,,,
5951,2/11/23 21:00,311.7,1.01,,,,,
5952,2/11/23 21:30,311.7,1,,,,,
5953,2/11/23 22:00,312.1,1.01,,,,,
5954,2/11/23 22:30,312.1,1,,,,,
5955,2/11/23 23:00,312.5,0.98,,,,,
5956,2/11/23 23:30,312.9,1.01,,,,,
5957,2/12/23 0:00,312.1,1.01,,,,,
5958,2/12/23 0:30,311.7,1,,,,,
5959,2/12/23 1:00,312.5,1,,,,,
5960,2/12/23 1:30,311.7,1.01,,,,,
5961,2/12/23 2:00,311.7,1.02,,,,,
5962,2/12/23 2:30,312.5,1.01,,,,,
5963,2/12/23 3:00,312.5,1.01,,,,,
5964,2/12/23 3:30,311.7,1.01,,,,,
5965,2/12/23 4:00,312.1,1.02,,,,,
5966,2/12/23 4:30,312.1,1.01,,,,,
5967,2/12/23 5:00,311.7,1,,,,,
5968,2/12/23 5:30,311.7,1,,,,,
5969,2/12/23 6:00,311.7,0.98,,,,,
5970,2/12/23 6:30,311.7,0.98,,,,,
5971,2/12/23 7:00,311.7,1,,,,,
5972,2/12/23 7:30,311.7,1,,,,,
5973,2/12/23 8:00,320.2,1.09,,,,,
5974,2/12/23 8:30,311.7,0.97,,,,,
5975,2/12/23 9:00,314.9,1.04,,,,,
5976,2/12/23 9:30,311.7,1,,,,,
5977,2/12/23 10:00,311.7,1.01,,,,,
5978,2/12/23 10:30,311.7,1.01,,,,,
5979,2/12/23 11:00,311.7,1.02,,,,,
5980,2/12/23 11:30,311.7,1.04,,,,,
5981,2/12/23 12:00,311.3,1.04,,,,,
5982,2/12/23 12:30,311.7,1.05,,,,,
5983,2/12/23 13:00,311.7,1.05,,,,,
5984,2/12/23 13:30,311.7,1.06,,,,,
5985,2/12/23 14:00,311.3,1.07,,,,,
5986,2/12/23 14:30,311.7,1.06,,,,,
5987,2/12/23 15:00,311.7,1.07,,,,,
5988,2/12/23 15:30,311.7,1.06,,,,,
5989,2/12/23 16:00,311.3,1.05,,,,,
5990,2/12/23 16:30,311.3,1.05,,,,,
5991,2/12/23 17:00,311.7,1.04,,,,,
5992,2/12/23 17:30,311.7,1.04,,,,,
5993,2/12/23 18:00,311.7,1.02,,,,,
5994,2/12/23 18:30,311.7,1,,,,,
5995,2/12/23 19:00,311.7,1.02,,,,,
5996,2/12/23 19:30,311.7,1.01,,,,,
5997,2/12/23 20:00,312.1,1.02,,,,,
5998,2/12/23 20:30,311.7,1.02,,,,,
5999,2/12/23 21:00,312.5,1.05,,,,,
6000,2/12/23 21:30,312.5,1.05,,,,,
6001,2/12/23 22:00,312.5,1.05,,,,,
6002,2/12/23 22:30,312.5,1.01,,,,,
6003,2/12/23 23:00,313.7,1.02,,,,,
6004,2/12/23 23:30,312.5,1.04,,,,,
6005,2/13/23 0:00,311.7,1.04,,,,,
6006,2/13/23 0:30,311.7,1.02,,,,,
6007,2/13/23 1:00,311.7,1.02,,,,,
6008,2/13/23 1:30,311.7,1.01,,,,,
6009,2/13/23 2:00,311.7,1.01,,,,,
6010,2/13/23 2:30,311.7,1.04,,,,,
6011,2/13/23 3:00,311.7,1.02,,,,,
6012,2/13/23 3:30,311.7,1.02,,,,,
6013,2/13/23 4:00,311.7,1.01,,,,,
6014,2/13/23 4:30,311.3,1.02,,,,,
6015,2/13/23 5:00,311.7,1.02,,,,,
6016,2/13/23 5:30,311.3,1.02,,,,,
6017,2/13/23 6:00,311.3,1.01,,,,,
6018,2/13/23 6:30,311.7,1.01,,,,,
6019,2/13/23 7:00,311.3,1,,,,,
6020,2/13/23 7:30,310.9,1.01,,,,,
6021,2/13/23 8:00,311.3,1.01,,,,,
6022,2/13/23 8:30,311.3,1.02,,,,,
6023,2/13/23 9:00,311.3,1.04,,,,,
6024,2/13/23 9:30,311.7,1.04,,,,,
6025,2/13/23 10:00,311.7,1.04,,,,,
6026,2/13/23 10:30,311.3,1.06,,,,,
6027,2/13/23 11:00,311.7,1.06,,,,,
6028,2/13/23 11:30,311.7,1.07,,,,,
6029,2/13/23 12:00,312.1,1.09,,,,,
6030,2/13/23 12:30,312.1,1.1,,,,,
6031,2/13/23 13:00,312.1,1.1,,,,,
6032,2/13/23 13:30,312.1,1.13,,,,,
6033,2/13/23 14:00,312.5,1.14,,,,,
6034,2/13/23 14:30,312.5,1.14,,,,,
6035,2/13/23 15:00,312.5,1.14,,,,,
6036,2/13/23 15:30,312.5,1.15,,,,,
6037,2/13/23 16:00,312.5,1.15,,,,,
6038,2/13/23 16:30,312.5,1.14,,,,,
6039,2/13/23 17:00,312.5,1.14,,,,,
6040,2/13/23 17:30,312.5,1.13,,,,,
6041,2/13/23 18:00,312.5,1.13,,,,,
6042,2/13/23 18:30,312.5,1.11,,,,,
6043,2/13/23 19:00,312.5,1.11,,,,,
6044,2/13/23 19:30,312.5,1.11,,,,,
6045,2/13/23 20:00,312.5,1.11,,,,,
6046,2/13/23 20:30,314.5,1.13,,,,,
6047,2/13/23 21:00,312.5,1.13,,,,,
6048,2/13/23 21:30,312.5,1.14,,,,,
6049,2/13/23 22:00,312.5,1.14,,,,,
6050,2/13/23 22:30,312.5,1.14,,,,,
6051,2/13/23 23:00,312.5,1.13,,,,,
6052,2/13/23 23:30,312.9,1.13,,,,,
6053,2/14/23 0:00,312.5,1.14,,,,,
6054,2/14/23 0:30,312.9,1.13,,,,,
6055,2/14/23 1:00,312.5,1.13,,,,,
6056,2/14/23 1:30,312.5,1.13,,,,,
6057,2/14/23 2:00,312.5,1.13,,,,,
6058,2/14/23 2:30,312.9,1.13,,,,,
6059,2/14/23 3:00,312.5,1.14,,,,,
6060,2/14/23 3:30,312.9,1.14,,,,,
6061,2/14/23 4:00,312.9,1.14,,,,,
6062,2/14/23 4:30,312.5,1.14,,,,,
6063,2/14/23 5:00,312.5,1.14,,,,,
6064,2/14/23 5:30,312.5,1.14,,,,,
6065,2/14/23 6:00,312.9,1.14,,,,,
6066,2/14/23 6:30,312.9,1.15,,,,,
6067,2/14/23 7:00,312.9,1.14,,,,,
6068,2/14/23 7:30,312.9,1.14,,,,,
6069,2/14/23 8:00,312.9,1.15,,,,,
6070,2/14/23 8:30,312.9,1.15,,,,,
6071,2/14/23 9:00,312.9,1.15,,,,,
6072,2/14/23 9:30,313.3,1.16,,,,,
6073,2/14/23 10:00,312.9,1.16,,,,,
6074,2/14/23 10:30,312.9,1.18,,,,,
6075,2/14/23 11:00,312.9,1.18,,,,,
6076,2/14/23 11:30,312.9,1.18,,,,,
6077,2/14/23 12:00,313.3,1.18,,,,,
6078,2/14/23 12:30,313.3,1.19,,,,,
6079,2/14/23 13:00,313.3,1.2,,,,,
6080,2/14/23 13:30,313.3,1.2,,,,,
6081,2/14/23 14:00,313.3,1.2,,,,,
6082,2/14/23 14:30,312.9,1.22,,,,,
6083,2/14/23 15:00,313.3,1.22,,,,,
6084,2/14/23 15:30,313.3,1.22,,,,,
6085,2/14/23 16:00,313.3,1.2,,,,,
6086,2/14/23 16:30,313.3,1.22,,,,,
6087,2/14/23 17:00,313.3,1.2,,,,,
6088,2/14/23 17:30,313.3,1.2,,,,,
6089,2/14/23 18:00,313.7,1.22,,,,,
6090,2/14/23 18:30,313.7,1.23,,,,,
6091,2/14/23 19:00,313.7,1.22,,,,,
6092,2/14/23 19:30,313.3,1.22,,,,,
6093,2/14/23 20:00,313.7,1.22,,,,,
6094,2/14/23 20:30,313.7,1.22,,,,,
6095,2/14/23 21:00,314.5,1.23,,,,,
6096,2/14/23 21:30,313.7,1.23,,,,,
6097,2/14/23 22:00,314.9,1.24,,,,,
6098,2/14/23 22:30,313.7,1.24,,,,,
6099,2/14/23 23:00,313.7,1.22,,,,,
6100,2/14/23 23:30,313.7,1.22,,,,,
6101,2/15/23 0:00,313.7,1.24,,,,,
6102,2/15/23 0:30,313.7,1.26,,,,,
6103,2/15/23 1:00,313.7,1.27,,,,,
6104,2/15/23 1:30,314.1,1.28,,,,,
6105,2/15/23 2:00,313.7,1.29,,,,,
6106,2/15/23 2:30,314.1,1.28,,,,,
6107,2/15/23 3:00,313.7,1.29,,,,,
6108,2/15/23 3:30,314.1,1.29,,,,,
6109,2/15/23 4:00,314.1,1.28,,,,,
6110,2/15/23 4:30,314.1,1.28,,,,,
6111,2/15/23 5:00,313.7,1.27,,,,,
6112,2/15/23 5:30,313.7,1.28,,,,,
6113,2/15/23 6:00,313.7,1.27,,,,,
6114,2/15/23 6:30,313.7,1.27,,,,,
6115,2/15/23 7:00,313.7,1.27,,,,,
6116,2/15/23 7:30,314.1,1.27,,,,,
6117,2/15/23 8:00,314.1,1.26,,,,,
6118,2/15/23 8:30,314.1,1.27,,,,,
6119,2/15/23 9:00,314.1,1.26,,,,,
6120,2/15/23 9:30,314.1,1.26,,,,,
6121,2/15/23 10:00,313.7,1.27,,,,,
6122,2/15/23 10:30,314.1,1.26,,,,,
6123,2/15/23 11:00,314.1,1.27,,,,,
6124,2/15/23 11:30,314.1,1.27,,,,,
6125,2/15/23 12:00,315.3,1.28,,,,,
6126,2/15/23 12:30,314.1,1.28,,,,,
6127,2/15/23 13:00,314.5,1.31,,,,,
6128,2/15/23 13:30,314.5,1.31,,,,,
6129,2/15/23 14:00,314.4,1.32,,,,,
6130,2/15/23 14:30,314.4,1.32,,,,,
6131,2/15/23 15:00,314.4,1.32,,,,,
6132,2/15/23 15:30,314.1,1.29,,,,,
6133,2/15/23 16:00,314.1,1.28,,,,,
6134,2/15/23 16:30,314.1,1.28,,,,,
6135,2/15/23 17:00,314.1,1.27,,,,,
6136,2/15/23 17:30,313.7,1.26,,,,,
6137,2/15/23 18:00,313.7,1.27,,,,,
6138,2/15/23 18:30,314.1,1.27,,,,,
6139,2/15/23 19:00,314.5,1.28,,,,,
6140,2/15/23 19:30,314.1,1.28,,,,,
6141,2/15/23 20:00,314.5,1.28,,,,,
6142,2/15/23 20:30,314.1,1.26,,,,,
6143,2/15/23 21:00,314.1,1.24,,,,,
6144,2/15/23 21:30,313.7,1.23,,,,,
6145,2/15/23 22:00,313.7,1.23,,,,,
6146,2/15/23 22:30,313.7,1.23,,,,,
6147,2/15/23 23:00,313.7,1.24,,,,,
6148,2/15/23 23:30,314.5,1.23,,,,,
6149,2/16/23 0:00,313.7,1.22,,,,,
6150,2/16/23 0:30,313.7,1.16,,,,,
6151,2/16/23 1:00,312.9,1.14,,,,,
6152,2/16/23 1:30,312.9,1.13,,,,,
6153,2/16/23 2:00,312.9,1.13,,,,,
6154,2/16/23 2:30,312.9,1.11,,,,,
6155,2/16/23 3:00,312.9,1.1,,,,,
6156,2/16/23 3:30,312.5,1.09,,,,,
6157,2/16/23 4:00,312.5,1.09,,,,,
6158,2/16/23 4:30,312.5,1.07,,,,,
6159,2/16/23 5:00,312.5,1.07,,,,,
6160,2/16/23 5:30,312.5,1.07,,,,,
6161,2/16/23 6:00,312.5,1.07,,,,,
6162,2/16/23 6:30,312.5,1.06,,,,,
6163,2/16/23 7:00,312.5,1.06,,,,,
6164,2/16/23 7:30,312.9,1.05,,,,,
6165,2/16/23 8:00,312.1,1.06,,,,,
6166,2/16/23 8:30,312.1,1.05,,,,,
6167,2/16/23 9:00,312.1,1.05,,,,,
6168,2/16/23 9:30,312.5,1.06,,,,,
6169,2/16/23 10:00,312.1,1.06,,,,,
6170,2/16/23 10:30,312.1,1.06,,,,,
6171,2/16/23 11:00,312.5,1.07,,,,,
6172,2/16/23 11:30,312.1,1.06,,,,,
6173,2/16/23 12:00,313.3,1.06,,,,,
6174,2/16/23 12:30,312.1,1.05,,,,,
6175,2/16/23 13:00,313.3,1.07,,,,,
6176,2/16/23 13:30,313.7,1.06,,,,,
6177,2/16/23 14:00,311.7,1.07,,,,,
6178,2/16/23 14:30,311.7,1.06,,,,,
6179,2/16/23 15:00,311.7,1.06,,,,,
6180,2/16/23 15:30,311.7,1.05,,,,,
6181,2/16/23 16:00,311.7,1.06,,,,,
6182,2/16/23 16:30,311.7,1.06,,,,,
6183,2/16/23 17:00,311.7,1.06,,,,,
6184,2/16/23 17:30,313.3,1.05,,,,,
6185,2/16/23 18:00,311.7,1.05,,,,,
6186,2/16/23 18:30,313.3,1.05,,,,,
6187,2/16/23 19:00,311.7,1.05,,,,,
6188,2/16/23 19:30,311.7,1.05,,,,,
6189,2/16/23 20:00,311.7,1.04,,,,,
6190,2/16/23 20:30,311.7,1.05,,,,,
6191,2/16/23 21:00,311.7,1.04,,,,,
6192,2/16/23 21:30,311.7,1.05,,,,,
6193,2/16/23 22:00,313.7,1.05,,,,,
6194,2/16/23 22:30,311.7,1.05,,,,,
6195,2/16/23 23:00,311.7,1.05,,,,,
6196,2/16/23 23:30,311.7,1.05,,,,,
6197,2/17/23 0:00,311.7,1.05,,,,,
6198,2/17/23 0:30,311.7,1.04,,,,,
6199,2/17/23 1:00,311.7,1.05,,,,,
6200,2/17/23 1:30,311.7,1.04,,,,,
6201,2/17/23 2:00,311.7,1.05,,,,,
6202,2/17/23 2:30,311.7,1.05,,,,,
6203,2/17/23 3:00,311.7,1.05,,,,,
6204,2/17/23 3:30,311.7,1.04,,,,,
6205,2/17/23 4:00,312.1,1.04,,,,,
6206,2/17/23 4:30,312.1,1.04,,,,,
6207,2/17/23 5:00,311.7,1.05,,,,,
6208,2/17/23 5:30,312.1,1.05,,,,,
6209,2/17/23 6:00,313.7,1.05,,,,,
6210,2/17/23 6:30,312.1,1.05,,,,,
6211,2/17/23 7:00,311.7,1.05,,,,,
6212,2/17/23 7:30,311.7,1.06,,,,,
6213,2/17/23 8:00,311.7,1.05,,,,,
6214,2/17/23 8:30,311.7,1.06,,,,,
6215,2/17/23 9:00,311.7,1.07,,,,,
6216,2/17/23 9:30,311.7,1.06,,,,,
6217,2/17/23 10:00,311.7,1.07,,,,,
6218,2/17/23 10:30,311.7,1.07,,,,,
6219,2/17/23 11:00,311.7,1.07,,,,,
6220,2/17/23 11:30,312.1,1.09,,,,,
6221,2/17/23 12:00,312.1,1.1,,,,,
6222,2/17/23 12:30,312.5,1.1,,,,,
6223,2/17/23 13:00,312.5,1.13,,,,,
6224,2/17/23 13:30,312.5,1.13,,,,,
6225,2/17/23 14:00,312.5,1.11,,,,,
6226,2/17/23 14:30,312.9,1.13,,,,,
6227,2/17/23 15:00,312.9,1.11,,,,,
6228,2/17/23 15:30,313.3,1.11,,,,,
6229,2/17/23 16:00,312.9,1.11,,,,,
6230,2/17/23 16:30,313.3,1.11,,,,,
6231,2/17/23 17:00,312.9,1.11,,,,,
6232,2/17/23 17:30,312.9,1.11,,,,,
6233,2/17/23 18:00,313.3,1.11,,,,,
6234,2/17/23 18:30,312.9,1.11,,,,,
6235,2/17/23 19:00,313.3,1.11,,,,,
6236,2/17/23 19:30,313.7,1.11,,,,,
6237,2/17/23 20:00,312.9,1.11,,,,,
6238,2/17/23 20:30,313.3,1.11,,,,,
6239,2/17/23 21:00,313.3,1.11,,,,,
6240,2/17/23 21:30,313.3,1.11,,,,,
6241,2/17/23 22:00,313.3,1.11,,,,,
6242,2/17/23 22:30,313.3,1.11,,,,,
6243,2/17/23 23:00,313.3,1.11,,,,,
6244,2/17/23 23:30,313.3,1.11,,,,,
6245,2/18/23 0:00,313.3,1.11,,,,,
6246,2/18/23 0:30,313.3,1.11,,,,,
6247,2/18/23 1:00,313.3,1.1,,,,,
6248,2/18/23 1:30,313.3,1.11,,,,,
6249,2/18/23 2:00,312.9,1.11,,,,,
6250,2/18/23 2:30,313.3,1.11,,,,,
6251,2/18/23 3:00,313.3,1.11,,,,,
6252,2/18/23 3:30,313.7,1.11,,,,,
6253,2/18/23 4:00,313.3,1.11,,,,,
6254,2/18/23 4:30,313.3,1.11,,,,,
6255,2/18/23 5:00,313.3,1.11,,,,,
6256,2/18/23 5:30,313.3,1.11,,,,,
6257,2/18/23 6:00,313.3,1.11,,,,,
6258,2/18/23 6:30,313.3,1.11,,,,,
6259,2/18/23 7:00,313.3,1.11,,,,,
6260,2/18/23 7:30,313.3,1.11,,,,,
6261,2/18/23 8:00,313.3,1.11,,,,,
6262,2/18/23 8:30,313.3,1.13,,,,,
6263,2/18/23 9:00,313.3,1.13,,,,,
6264,2/18/23 9:30,313.3,1.13,,,,,
6265,2/18/23 10:00,313.3,1.11,,,,,
6266,2/18/23 10:30,313.3,1.13,,,,,
6267,2/18/23 11:00,313.3,1.14,,,,,
6268,2/18/23 11:30,313.3,1.14,,,,,
6269,2/18/23 12:00,312.9,1.13,,,,,
6270,2/18/23 12:30,313.3,1.14,,,,,
6271,2/18/23 13:00,312.9,1.15,,,,,
6272,2/18/23 13:30,312.9,1.14,,,,,
6273,2/18/23 14:00,312.9,1.14,,,,,
6274,2/18/23 14:30,312.9,1.15,,,,,
6275,2/18/23 15:00,313.3,1.14,,,,,
6276,2/18/23 15:30,313.3,1.15,,,,,
6277,2/18/23 16:00,313.3,1.14,,,,,
6278,2/18/23 16:30,313.7,1.14,,,,,
6279,2/18/23 17:00,314.5,1.14,,,,,
6280,2/18/23 17:30,313.3,1.14,,,,,
6281,2/18/23 18:00,313.7,1.13,,,,,
6282,2/18/23 18:30,313.7,1.14,,,,,
6283,2/18/23 19:00,313.7,1.14,,,,,
6284,2/18/23 19:30,313.7,1.13,,,,,
6285,2/18/23 20:00,313.7,1.14,,,,,
6286,2/18/23 20:30,313.7,1.14,,,,,
6287,2/18/23 21:00,314.1,1.14,,,,,
6288,2/18/23 21:30,314.5,1.14,,,,,
6289,2/18/23 22:00,314.1,1.14,,,,,
6290,2/18/23 22:30,313.7,1.14,,,,,
6291,2/18/23 23:00,313.7,1.14,,,,,
6292,2/18/23 23:30,313.3,1.14,,,,,
6293,2/19/23 0:00,313.3,1.14,,,,,
6294,2/19/23 0:30,313.3,1.14,,,,,
6295,2/19/23 1:00,313.3,1.14,,,,,
6296,2/19/23 1:30,313.3,1.14,,,,,
6297,2/19/23 2:00,313.7,1.14,,,,,
6298,2/19/23 2:30,313.3,1.14,,,,,
6299,2/19/23 3:00,313.3,1.14,,,,,
6300,2/19/23 3:30,313.3,1.14,,,,,
6301,2/19/23 4:00,313.7,1.14,,,,,
6302,2/19/23 4:30,313.7,1.13,,,,,
6303,2/19/23 5:00,313.3,1.14,,,,,
6304,2/19/23 5:30,313.3,1.15,,,,,
6305,2/19/23 6:00,313.3,1.14,,,,,
6306,2/19/23 6:30,313.3,1.15,,,,,
6307,2/19/23 7:00,313.7,1.14,,,,,
6308,2/19/23 7:30,313.7,1.14,,,,,
6309,2/19/23 8:00,314.5,1.15,,,,,
6310,2/19/23 8:30,313.7,1.15,,,,,
6311,2/19/23 9:00,313.3,1.15,,,,,
6312,2/19/23 9:30,313.7,1.16,,,,,
6313,2/19/23 10:00,313.3,1.15,,,,,
6314,2/19/23 10:30,313.7,1.15,,,,,
6315,2/19/23 11:00,313.7,1.15,,,,,
6316,2/19/23 11:30,313.3,1.15,,,,,
6317,2/19/23 12:00,313.3,1.16,,,,,
6318,2/19/23 12:30,313.7,1.18,,,,,
6319,2/19/23 13:00,313.7,1.18,,,,,
6320,2/19/23 13:30,313.7,1.19,,,,,
6321,2/19/23 14:00,313.7,1.19,,,,,
6322,2/19/23 14:30,313.7,1.2,,,,,
6323,2/19/23 15:00,313.7,1.22,,,,,
6324,2/19/23 15:30,313.7,1.24,,,,,
6325,2/19/23 16:00,314.1,1.24,,,,,
6326,2/19/23 16:30,313.7,1.24,,,,,
6327,2/19/23 17:00,313.3,1.2,,,,,
6328,2/19/23 17:30,313.7,1.2,,,,,
6329,2/19/23 18:00,313.7,1.19,,,,,
6330,2/19/23 18:30,313.7,1.18,,,,,
6331,2/19/23 19:00,313.7,1.19,,,,,
6332,2/19/23 19:30,313.7,1.19,,,,,
6333,2/19/23 20:00,313.7,1.19,,,,,
6334,2/19/23 20:30,313.7,1.19,,,,,
6335,2/19/23 21:00,313.7,1.19,,,,,
6336,2/19/23 21:30,316.5,1.19,,,,,
6337,2/19/23 22:00,313.7,1.19,,,,,
6338,2/19/23 22:30,313.7,1.19,,,,,
6339,2/19/23 23:00,313.7,1.19,,,,,
6340,2/19/23 23:30,313.7,1.19,,,,,
6341,2/20/23 0:00,313.7,1.2,,,,,
6342,2/20/23 0:30,314.1,1.18,,,,,
6343,2/20/23 1:00,313.7,1.19,,,,,
6344,2/20/23 1:30,313.7,1.19,,,,,
6345,2/20/23 2:00,313.7,1.19,,,,,
6346,2/20/23 2:30,313.7,1.19,,,,,
6347,2/20/23 3:00,313.7,1.19,,,,,
6348,2/20/23 3:30,313.7,1.2,,,,,
6349,2/20/23 4:00,313.7,1.19,,,,,
6350,2/20/23 4:30,313.7,1.19,,,,,
6351,2/20/23 5:00,313.7,1.19,,,,,
6352,2/20/23 5:30,313.7,1.19,,,,,
6353,2/20/23 6:00,313.7,1.19,,,,,
6354,2/20/23 6:30,313.7,1.19,,,,,
6355,2/20/23 7:00,313.7,1.19,,,,,
6356,2/20/23 7:30,313.7,1.2,,,,,
6357,2/20/23 8:00,313.7,1.19,,,,,
6358,2/20/23 8:30,313.7,1.22,,,,,
6359,2/20/23 9:00,313.7,1.23,,,,,
6360,2/20/23 9:30,312.9,1.24,,,,,
6361,2/20/23 10:00,312.5,1.26,,,,,
6362,2/20/23 10:30,312.8,1.33,,,,,
6363,2/20/23 11:00,311.6,1.28,,,,,
6364,2/20/23 11:30,312.4,1.33,,,,,
6365,2/20/23 12:00,313.2,1.35,,,,,
6366,2/20/23 12:30,314,1.4,,,,,
6367,2/20/23 13:00,312.8,1.37,,,,,
6368,2/20/23 13:30,312.8,1.38,,,,,
6369,2/20/23 14:00,314,1.37,,,,,
6370,2/20/23 14:30,313.2,1.35,,,,,
6371,2/20/23 15:00,314,1.38,,,,,
6372,2/20/23 15:30,314,1.35,,,,,
6373,2/20/23 16:00,313.2,1.31,,,,,
6374,2/20/23 16:30,313.6,1.33,,,,,
6375,2/20/23 17:00,314.1,1.31,,,,,
6376,2/20/23 17:30,314.9,1.31,,,,,
6377,2/20/23 18:00,314.5,1.31,,,,,
6378,2/20/23 18:30,314.5,1.31,,,,,
6379,2/20/23 19:00,314.1,1.29,,,,,
6380,2/20/23 19:30,314.1,1.29,,,,,
6381,2/20/23 20:00,314.5,1.29,,,,,
6382,2/20/23 20:30,314.5,1.29,,,,,
6383,2/20/23 21:00,314.5,1.29,,,,,
6384,2/20/23 21:30,314.1,1.29,,,,,
6385,2/20/23 22:00,314.1,1.28,,,,,
6386,2/20/23 22:30,314.5,1.27,,,,,
6387,2/20/23 23:00,314.5,1.26,,,,,
6388,2/20/23 23:30,314.1,1.26,,,,,
6389,2/21/23 0:00,314.5,1.24,,,,,
6390,2/21/23 0:30,314.1,1.24,,,,,
6391,2/21/23 1:00,314.5,1.24,,,,,
6392,2/21/23 1:30,314.5,1.24,,,,,
6393,2/21/23 2:00,313.7,1.26,,,,,
6394,2/21/23 2:30,314.1,1.24,,,,,
6395,2/21/23 3:00,313.7,1.24,,,,,
6396,2/21/23 3:30,314.5,1.24,,,,,
6397,2/21/23 4:00,314.1,1.24,,,,,
6398,2/21/23 4:30,314.1,1.24,,,,,
6399,2/21/23 5:00,314.5,1.24,,,,,
6400,2/21/23 5:30,313.7,1.24,,,,,
6401,2/21/23 6:00,314.5,1.24,,,,,
6402,2/21/23 6:30,313.7,1.24,,,,,
6403,2/21/23 7:00,314.5,1.24,,,,,
6404,2/21/23 7:30,314.1,1.24,,,,,
6405,2/21/23 8:00,313.7,1.23,,,,,
6406,2/21/23 8:30,313.7,1.24,,,,,
6407,2/21/23 9:00,314.5,1.27,,,,,
6408,2/21/23 9:30,314.5,1.28,,,,,
6409,2/21/23 10:00,314.5,1.29,,,,,
6410,2/21/23 10:30,314.1,1.31,,,,,
6411,2/21/23 11:00,314.9,1.31,,,,,
6412,2/21/23 11:30,315.3,1.32,,,,,
6413,2/21/23 12:00,315.2,1.36,,,,,
6414,2/21/23 12:30,315.6,1.4,,,,,
6415,2/21/23 13:00,316,1.45,,,,,
6416,2/21/23 13:30,316,1.44,,,,,
6417,2/21/23 14:00,316,1.42,,,,,
6418,2/21/23 14:30,316,1.47,,,,,
6419,2/21/23 15:00,316,1.44,,,,,
6420,2/21/23 15:30,316,1.44,,,,,
6421,2/21/23 16:00,316,1.42,,,,,
6422,2/21/23 16:30,316.4,1.42,,,,,
6423,2/21/23 17:00,316,1.42,,,,,
6424,2/21/23 17:30,316.4,1.42,,,,,
6425,2/21/23 18:00,316.4,1.41,,,,,
6426,2/21/23 18:30,316.4,1.41,,,,,
6427,2/21/23 19:00,316.4,1.41,,,,,
6428,2/21/23 19:30,316.4,1.41,,,,,
6429,2/21/23 20:00,316,1.41,,,,,
6430,2/21/23 20:30,316,1.41,,,,,
6431,2/21/23 21:00,316.4,1.41,,,,,
6432,2/21/23 21:30,316.4,1.42,,,,,
6433,2/21/23 22:00,316,1.41,,,,,
6434,2/21/23 22:30,316,1.41,,,,,
6435,2/21/23 23:00,316.4,1.42,,,,,
6436,2/21/23 23:30,316.8,1.42,,,,,
6437,2/22/23 0:00,316.8,1.41,,,,,
6438,2/22/23 0:30,316.8,1.42,,,,,
6439,2/22/23 1:00,316.4,1.42,,,,,
6440,2/22/23 1:30,316.8,1.41,,,,,
6441,2/22/23 2:00,316.4,1.42,,,,,
6442,2/22/23 2:30,316.8,1.42,,,,,
6443,2/22/23 3:00,316.4,1.42,,,,,
6444,2/22/23 3:30,316.8,1.42,,,,,
6445,2/22/23 4:00,316.4,1.41,,,,,
6446,2/22/23 4:30,316.4,1.41,,,,,
6447,2/22/23 5:00,316.4,1.41,,,,,
6448,2/22/23 5:30,316.8,1.41,,,,,
6449,2/22/23 6:00,316.8,1.41,,,,,
6450,2/22/23 6:30,316.4,1.4,,,,,
6451,2/22/23 7:00,316.8,1.4,,,,,
6452,2/22/23 7:30,316.4,1.4,,,,,
6453,2/22/23 8:00,316,1.4,,,,,
6454,2/22/23 8:30,316.4,1.4,,,,,
6455,2/22/23 9:00,316.8,1.41,,,,,
6456,2/22/23 9:30,316,1.4,,,,,
6457,2/22/23 10:00,316.4,1.4,,,,,
6458,2/22/23 10:30,316.4,1.4,,,,,
6459,2/22/23 11:00,316.8,1.4,,,,,
6460,2/22/23 11:30,316.4,1.4,,,,,
6461,2/22/23 12:00,316.4,1.4,,,,,
6462,2/22/23 12:30,316.4,1.4,,,,,
6463,2/22/23 13:00,316,1.4,,,,,
6464,2/22/23 13:30,316.4,1.41,,,,,
6465,2/22/23 14:00,316.4,1.41,,,,,
6466,2/22/23 14:30,316.4,1.42,,,,,
6467,2/22/23 15:00,316.4,1.41,,,,,
6468,2/22/23 15:30,316,1.41,,,,,
6469,2/22/23 16:00,316.8,1.41,,,,,
6470,2/22/23 16:30,316.4,1.41,,,,,
6471,2/22/23 17:00,316.8,1.41,,,,,
6472,2/22/23 17:30,316.8,1.42,,,,,
6473,2/22/23 18:00,316.4,1.42,,,,,
6474,2/22/23 18:30,316.4,1.41,,,,,
6475,2/22/23 19:00,316.4,1.42,,,,,
6476,2/22/23 19:30,316.8,1.42,,,,,
6477,2/22/23 20:00,316.8,1.42,,,,,
6478,2/22/23 20:30,316.8,1.42,,,,,
6479,2/22/23 21:00,317.2,1.42,,,,,
6480,2/22/23 21:30,316.8,1.42,,,,,
6481,2/22/23 22:00,316.8,1.42,,,,,
6482,2/22/23 22:30,316.8,1.42,,,,,
6483,2/22/23 23:00,316.8,1.42,,,,,
6484,2/22/23 23:30,316.8,1.42,,,,,
6485,2/23/23 0:00,316.8,1.44,,,,,
6486,2/23/23 0:30,316.4,1.42,,,,,
6487,2/23/23 1:00,316.8,1.44,,,,,
6488,2/23/23 1:30,316.8,1.42,,,,,
6489,2/23/23 2:00,317.2,1.44,,,,,
6490,2/23/23 2:30,316.8,1.44,,,,,
6491,2/23/23 3:00,316.8,1.42,,,,,
6492,2/23/23 3:30,316.8,1.42,,,,,
6493,2/23/23 4:00,317.2,1.42,,,,,
6494,2/23/23 4:30,316.4,1.42,,,,,
6495,2/23/23 5:00,317.6,1.42,,,,,
6496,2/23/23 5:30,316.8,1.42,,,,,
6497,2/23/23 6:00,316.8,1.41,,,,,
6498,2/23/23 6:30,316.8,1.41,,,,,
6499,2/23/23 7:00,316.4,1.41,,,,,
6500,2/23/23 7:30,316.4,1.41,,,,,
6501,2/23/23 8:00,316.8,1.41,,,,,
6502,2/23/23 8:30,316.4,1.41,,,,,
6503,2/23/23 9:00,316.4,1.41,,,,,
6504,2/23/23 9:30,316,1.4,,,,,
6505,2/23/23 10:00,316,1.4,,,,,
6506,2/23/23 10:30,316,1.4,,,,,
6507,2/23/23 11:00,316,1.38,,,,,
6508,2/23/23 11:30,315.6,1.4,,,,,
6509,2/23/23 12:00,316,1.41,,,,,
6510,2/23/23 12:30,316,1.38,,,,,
6511,2/23/23 13:00,316,1.37,,,,,
6512,2/23/23 13:30,315.6,1.36,,,,,
6513,2/23/23 14:00,315.6,1.35,,,,,
6514,2/23/23 14:30,315.6,1.35,,,,,
6515,2/23/23 15:00,315.6,1.35,,,,,
6516,2/23/23 15:30,315.6,1.35,,,,,
6517,2/23/23 16:00,315.7,1.33,,,,,
6518,2/23/23 16:30,315.7,1.33,,,,,
6519,2/23/23 17:00,315.7,1.33,,,,,
6520,2/23/23 17:30,315.7,1.33,,,,,
6521,2/23/23 18:00,315.7,1.33,,,,,
6522,2/23/23 18:30,316.5,1.33,,,,,
6523,2/23/23 19:00,315.7,1.32,,,,,
6524,2/23/23 19:30,315.7,1.31,,,,,
6525,2/23/23 20:00,315.7,1.31,,,,,
6526,2/23/23 20:30,315.7,1.32,,,,,
6527,2/23/23 21:00,315.7,1.31,,,,,
6528,2/23/23 21:30,315.7,1.31,,,,,
6529,2/23/23 22:00,315.7,1.32,,,,,
6530,2/23/23 22:30,315.7,1.32,,,,,
6531,2/23/23 23:00,315.7,1.32,,,,,
6532,2/23/23 23:30,315.3,1.32,,,,,
6533,2/24/23 0:00,315.7,1.32,,,,,
6534,2/24/23 0:30,315.3,1.31,,,,,
6535,2/24/23 1:00,315.7,1.31,,,,,
6536,2/24/23 1:30,315.7,1.31,,,,,
6537,2/24/23 2:00,315.7,1.31,,,,,
6538,2/24/23 2:30,315.7,1.31,,,,,
6539,2/24/23 3:00,315.7,1.31,,,,,
6540,2/24/23 3:30,315.7,1.31,,,,,
6541,2/24/23 4:00,315.7,1.31,,,,,
6542,2/24/23 4:30,315.7,1.31,,,,,
6543,2/24/23 5:00,315.7,1.29,,,,,
6544,2/24/23 5:30,315.7,1.31,,,,,
6545,2/24/23 6:00,315.7,1.31,,,,,
6546,2/24/23 6:30,315.7,1.31,,,,,
6547,2/24/23 7:00,315.7,1.31,,,,,
6548,2/24/23 7:30,316.1,1.31,,,,,
6549,2/24/23 8:00,315.7,1.31,,,,,
6550,2/24/23 8:30,315.7,1.31,,,,,
6551,2/24/23 9:00,315.3,1.31,,,,,
6552,2/24/23 9:30,315.7,1.31,,,,,
6553,2/24/23 10:00,315.7,1.31,,,,,
6554,2/24/23 10:30,315.7,1.31,,,,,
6555,2/24/23 11:00,317.7,1.31,,,,,
6556,2/24/23 11:30,315.7,1.31,,,,,
6557,2/24/23 12:00,315.7,1.31,,,,,
6558,2/24/23 12:30,315.3,1.33,,,,,
6559,2/24/23 13:00,315.7,1.32,,,,,
6560,2/24/23 13:30,315.7,1.31,,,,,
6561,2/24/23 14:00,315.7,1.33,,,,,
6562,2/24/23 14:30,316.1,1.33,,,,,
6563,2/24/23 15:00,315.6,1.35,,,,,
6564,2/24/23 15:30,316.1,1.35,,,,,
6565,2/24/23 16:00,316.1,1.35,,,,,
6566,2/24/23 16:30,316,1.36,,,,,
6567,2/24/23 17:00,315.6,1.36,,,,,
6568,2/24/23 17:30,316,1.36,,,,,
6569,2/24/23 18:00,316,1.36,,,,,
6570,2/24/23 18:30,316,1.36,,,,,
6571,2/24/23 19:00,316.1,1.35,,,,,
6572,2/24/23 19:30,315.6,1.35,,,,,
6573,2/24/23 20:00,315.6,1.35,,,,,
6574,2/24/23 20:30,315.7,1.33,,,,,
6575,2/24/23 21:00,315.7,1.33,,,,,
6576,2/24/23 21:30,316.1,1.35,,,,,
6577,2/24/23 22:00,315.7,1.33,,,,,
6578,2/24/23 22:30,315.6,1.35,,,,,
6579,2/24/23 23:00,315.6,1.35,,,,,
6580,2/24/23 23:30,315.6,1.35,,,,,
6581,2/25/23 0:00,315.6,1.35,,,,,
6582,2/25/23 0:30,315.6,1.35,,,,,
6583,2/25/23 1:00,315.7,1.33,,,,,
6584,2/25/23 1:30,316.1,1.32,,,,,
6585,2/25/23 2:00,315.7,1.33,,,,,
6586,2/25/23 2:30,315.7,1.32,,,,,
6587,2/25/23 3:00,315.7,1.32,,,,,
6588,2/25/23 3:30,315.7,1.32,,,,,
6589,2/25/23 4:00,315.7,1.32,,,,,
6590,2/25/23 4:30,315.7,1.32,,,,,
6591,2/25/23 5:00,315.7,1.32,,,,,
6592,2/25/23 5:30,315.7,1.32,,,,,
6593,2/25/23 6:00,315.7,1.32,,,,,
6594,2/25/23 6:30,315.7,1.31,,,,,
6595,2/25/23 7:00,315.7,1.32,,,,,
6596,2/25/23 7:30,315.7,1.31,,,,,
6597,2/25/23 8:00,316.5,1.32,,,,,
6598,2/25/23 8:30,315.7,1.32,,,,,
6599,2/25/23 9:00,315.7,1.32,,,,,
6600,2/25/23 9:30,316.1,1.33,,,,,
6601,2/25/23 10:00,315.7,1.33,,,,,
6602,2/25/23 10:30,315.7,1.33,,,,,
6603,2/25/23 11:00,315.7,1.33,,,,,
6604,2/25/23 11:30,315.7,1.33,,,,,
6605,2/25/23 12:00,315.7,1.33,,,,,
6606,2/25/23 12:30,315.6,1.35,,,,,
6607,2/25/23 13:00,315.7,1.33,,,,,
6608,2/25/23 13:30,315.7,1.33,,,,,
6609,2/25/23 14:00,315.6,1.35,,,,,
6610,2/25/23 14:30,315.7,1.33,,,,,
6611,2/25/23 15:00,315.7,1.33,,,,,
6612,2/25/23 15:30,315.7,1.32,,,,,
6613,2/25/23 16:00,315.7,1.32,,,,,
6614,2/25/23 16:30,315.7,1.33,,,,,
6615,2/25/23 17:00,315.7,1.33,,,,,
6616,2/25/23 17:30,315.7,1.33,,,,,
6617,2/25/23 18:00,316.1,1.33,,,,,
6618,2/25/23 18:30,317.2,1.38,,,,,
6619,2/25/23 19:00,318,1.44,,,,,
6620,2/25/23 19:30,317.7,1.38,,,,,
6621,2/25/23 20:00,317.7,1.38,,,,,
6622,2/25/23 20:30,318.1,1.38,,,,,
6623,2/25/23 21:00,318.1,1.38,,,,,
6624,2/25/23 21:30,317.7,1.36,,,,,
6625,2/25/23 22:00,316.9,1.35,,,,,
6626,2/25/23 22:30,317.3,1.37,,,,,
6627,2/25/23 23:00,317.3,1.36,,,,,
6628,2/25/23 23:30,316.9,1.35,,,,,
6629,2/26/23 0:00,316.5,1.35,,,,,
6630,2/26/23 0:30,316.9,1.35,,,,,
6631,2/26/23 1:00,316.5,1.35,,,,,
6632,2/26/23 1:30,316.9,1.35,,,,,
6633,2/26/23 2:00,316.5,1.35,,,,,
6634,2/26/23 2:30,316.9,1.35,,,,,
6635,2/26/23 3:00,316.9,1.35,,,,,
6636,2/26/23 3:30,316.5,1.36,,,,,
6637,2/26/23 4:00,316.1,1.35,,,,,
6638,2/26/23 4:30,316.9,1.35,,,,,
6639,2/26/23 5:00,317.3,1.37,,,,,
6640,2/26/23 5:30,317.3,1.36,,,,,
6641,2/26/23 6:00,317.7,1.37,,,,,
6642,2/26/23 6:30,318.1,1.38,,,,,
6643,2/26/23 7:00,318.1,1.38,,,,,
6644,2/26/23 7:30,317.7,1.37,,,,,
6645,2/26/23 8:00,318.5,1.38,,,,,
6646,2/26/23 8:30,318.5,1.38,,,,,
6647,2/26/23 9:00,318.5,1.38,,,,,
6648,2/26/23 9:30,318.1,1.37,,,,,
6649,2/26/23 10:00,318.1,1.37,,,,,
6650,2/26/23 10:30,317.3,1.37,,,,,
6651,2/26/23 11:00,317.7,1.37,,,,,
6652,2/26/23 11:30,317.3,1.36,,,,,
6653,2/26/23 12:00,315.6,1.35,,,,,
6654,2/26/23 12:30,316.1,1.35,,,,,
6655,2/26/23 13:00,316.1,1.35,,,,,
6656,2/26/23 13:30,316.1,1.35,,,,,
6657,2/26/23 14:00,315.6,1.35,,,,,
6658,2/26/23 14:30,315.6,1.35,,,,,
6659,2/26/23 15:00,316.1,1.33,,,,,
6660,2/26/23 15:30,316.1,1.33,,,,,
6661,2/26/23 16:00,316.9,1.33,,,,,
6662,2/26/23 16:30,317.7,1.33,,,,,
6663,2/26/23 17:00,317.7,1.33,,,,,
6664,2/26/23 17:30,319.3,1.35,,,,,
6665,2/26/23 18:00,317.3,1.35,,,,,
6666,2/26/23 18:30,317.3,1.36,,,,,
6667,2/26/23 19:00,318.1,1.37,,,,,
6668,2/26/23 19:30,318.5,1.37,,,,,
6669,2/26/23 20:00,317.7,1.36,,,,,
6670,2/26/23 20:30,317.3,1.36,,,,,
6671,2/26/23 21:00,317.7,1.36,,,,,
6672,2/26/23 21:30,318.1,1.37,,,,,
6673,2/26/23 22:00,319.3,1.4,,,,,
6674,2/26/23 22:30,319.3,1.4,,,,,
6675,2/26/23 23:00,319.7,1.4,,,,,
6676,2/26/23 23:30,319.2,1.42,,,,,
6677,2/27/23 0:00,319.6,1.44,,,,,
6678,2/27/23 0:30,319.6,1.44,,,,,
6679,2/27/23 1:00,319.3,1.41,,,,,
6680,2/27/23 1:30,318.4,1.41,,,,,
6681,2/27/23 2:00,318.4,1.41,,,,,
6682,2/27/23 2:30,318,1.4,,,,,
6683,2/27/23 3:00,318,1.4,,,,,
6684,2/27/23 3:30,318,1.41,,,,,
6685,2/27/23 4:00,318.1,1.38,,,,,
6686,2/27/23 4:30,317.6,1.4,,,,,
6687,2/27/23 5:00,317.7,1.38,,,,,
6688,2/27/23 5:30,317.7,1.38,,,,,
6689,2/27/23 6:00,317.2,1.4,,,,,
6690,2/27/23 6:30,317.7,1.38,,,,,
6691,2/27/23 7:00,317.2,1.38,,,,,
6692,2/27/23 7:30,317.7,1.36,,,,,
6693,2/27/23 8:00,317.7,1.36,,,,,
6694,2/27/23 8:30,317.7,1.38,,,,,
6695,2/27/23 9:00,317.7,1.37,,,,,
6696,2/27/23 9:30,317.7,1.38,,,,,
6697,2/27/23 10:00,317.6,1.4,,,,,
6698,2/27/23 10:30,317.2,1.4,,,,,
6699,2/27/23 11:00,317.2,1.38,,,,,
6700,2/27/23 11:30,316.9,1.36,,,,,
6701,2/27/23 12:00,316,1.36,,,,,
6702,2/27/23 12:30,316.1,1.35,,,,,
6703,2/27/23 13:00,316.9,1.36,,,,,
6704,2/27/23 13:30,316.5,1.36,,,,,
6705,2/27/23 14:00,316.9,1.36,,,,,
6706,2/27/23 14:30,317.3,1.37,,,,,
6707,2/27/23 15:00,317.7,1.38,,,,,
6708,2/27/23 15:30,317.7,1.37,,,,,
6709,2/27/23 16:00,316.8,1.37,,,,,
6710,2/27/23 16:30,316.5,1.35,,,,,
6711,2/27/23 17:00,316.5,1.36,,,,,
6712,2/27/23 17:30,316,1.36,,,,,
6713,2/27/23 18:00,316.8,1.37,,,,,
6714,2/27/23 18:30,316.9,1.36,,,,,
6715,2/27/23 19:00,316.5,1.36,,,,,
6716,2/27/23 19:30,316.5,1.36,,,,,
6717,2/27/23 20:00,316.5,1.36,,,,,
6718,2/27/23 20:30,316,1.36,,,,,
6719,2/27/23 21:00,316.9,1.36,,,,,
6720,2/27/23 21:30,316.5,1.36,,,,,
6721,2/27/23 22:00,316.5,1.36,,,,,
6722,2/27/23 22:30,316.5,1.36,,,,,
6723,2/27/23 23:00,316.9,1.36,,,,,
6724,2/27/23 23:30,316.9,1.35,,,,,
6725,2/28/23 0:00,317.7,1.35,,,,,
6726,2/28/23 0:30,318.1,1.36,,,,,
6727,2/28/23 1:00,318.1,1.36,,,,,
6728,2/28/23 1:30,318.5,1.36,,,,,
6729,2/28/23 2:00,316.5,1.36,,,,,
6730,2/28/23 2:30,316.4,1.37,,,,,
6731,2/28/23 3:00,316.9,1.35,,,,,
6732,2/28/23 3:30,317.3,1.35,,,,,
6733,2/28/23 4:00,316.5,1.35,,,,,
6734,2/28/23 4:30,323.3,1.35,,,,,
6735,2/28/23 5:00,323.7,1.33,,,,,
6736,2/28/23 5:30,317.3,1.35,,,,,
6737,2/28/23 6:00,318.9,1.35,,,,,
6738,2/28/23 6:30,317.7,1.35,,,,,
6739,2/28/23 7:00,316.5,1.35,,,,,
6740,2/28/23 7:30,316.5,1.33,,,,,
6741,2/28/23 8:00,316.5,1.36,,,,,
6742,2/28/23 8:30,316.9,1.36,,,,,
6743,2/28/23 9:00,316.4,1.37,,,,,
6744,2/28/23 9:30,316.4,1.38,,,,,
6745,2/28/23 10:00,315.6,1.38,,,,,
6746,2/28/23 10:30,317.2,1.41,,,,,
6747,2/28/23 11:00,317.2,1.42,,,,,
6748,2/28/23 11:30,316.8,1.45,,,,,
6749,2/28/23 12:00,317.2,1.45,,,,,
6750,2/28/23 12:30,316.4,1.49,,,,,
6751,2/28/23 13:00,318,1.51,,,,,
6752,2/28/23 13:30,318,1.51,,,,,
6753,2/28/23 14:00,318,1.51,,,,,
6754,2/28/23 14:30,318.4,1.51,,,,,
6755,2/28/23 15:00,318,1.53,,,,,
6756,2/28/23 15:30,317.6,1.54,,,,,
6757,2/28/23 16:00,318,1.53,,,,,
6758,2/28/23 16:30,318.4,1.51,,,,,
6759,2/28/23 17:00,318.4,1.51,,,,,
6760,2/28/23 17:30,318.4,1.5,,,,,
6761,2/28/23 18:00,318.4,1.5,,,,,
6762,2/28/23 18:30,318.4,1.49,,,,,
6763,2/28/23 19:00,318,1.5,,,,,
6764,2/28/23 19:30,318,1.49,,,,,
6765,2/28/23 20:00,318,1.47,,,,,
6766,2/28/23 20:30,318,1.49,,,,,
6767,2/28/23 21:00,318,1.47,,,,,
6768,2/28/23 21:30,318,1.47,,,,,
6769,2/28/23 22:00,318,1.46,,,,,
6770,2/28/23 22:30,318,1.47,,,,,
6771,2/28/23 23:00,318,1.46,,,,,
6772,2/28/23 23:30,318,1.46,,,,,
6773,3/1/23 0:00,318,1.44,,,,,
6774,3/1/23 0:30,317.6,1.45,,,,,
6775,3/1/23 1:00,317.6,1.45,,,,,
6776,3/1/23 1:30,317.6,1.44,,,,,
6777,3/1/23 2:00,317.6,1.45,,,,,
6778,3/1/23 2:30,317.6,1.45,,,,,
6779,3/1/23 3:00,317.6,1.45,,,,,
6780,3/1/23 3:30,318,1.44,,,,,
6781,3/1/23 4:00,318,1.45,,,,,
6782,3/1/23 4:30,317.6,1.45,,,,,
6783,3/1/23 5:00,317.6,1.44,,,,,
6784,3/1/23 5:30,317.6,1.44,,,,,
6785,3/1/23 6:00,317.6,1.45,,,,,
6786,3/1/23 6:30,317.6,1.46,,,,,
6787,3/1/23 7:00,318,1.46,,,,,
6788,3/1/23 7:30,318,1.46,,,,,
6789,3/1/23 8:00,317.6,1.47,,,,,
6790,3/1/23 8:30,318,1.49,,,,,
6791,3/1/23 9:00,318,1.49,,,,,
6792,3/1/23 9:30,318,1.49,,,,,
6793,3/1/23 10:00,318.4,1.51,,,,,
6794,3/1/23 10:30,318,1.5,,,,,
6795,3/1/23 11:00,318.4,1.5,,,,,
6796,3/1/23 11:30,318.8,1.53,,,,,
6797,3/1/23 12:00,318.4,1.55,,,,,
6798,3/1/23 12:30,318.4,1.54,,,,,
6799,3/1/23 13:00,318.8,1.55,,,,,
6800,3/1/23 13:30,318.4,1.58,,,,,
6801,3/1/23 14:00,318.4,1.55,,,,,
6802,3/1/23 14:30,319.2,1.56,,,,,
6803,3/1/23 15:00,319.2,1.58,,,,,
6804,3/1/23 15:30,319.2,1.59,,,,,
6805,3/1/23 16:00,319.2,1.59,,,,,
6806,3/1/23 16:30,319.2,1.59,,,,,
6807,3/1/23 17:00,319.2,1.59,,,,,
6808,3/1/23 17:30,319.2,1.58,,,,,
6809,3/1/23 18:00,319.2,1.56,,,,,
6810,3/1/23 18:30,319.2,1.56,,,,,
6811,3/1/23 19:00,319.2,1.56,,,,,
6812,3/1/23 19:30,319.2,1.55,,,,,
6813,3/1/23 20:00,319.2,1.55,,,,,
6814,3/1/23 20:30,319.2,1.54,,,,,
6815,3/1/23 21:00,318.8,1.55,,,,,
6816,3/1/23 21:30,318.4,1.54,,,,,
6817,3/1/23 22:00,318.8,1.53,,,,,
6818,3/1/23 22:30,318.4,1.53,,,,,
6819,3/1/23 23:00,318.4,1.51,,,,,
6820,3/1/23 23:30,318.4,1.51,,,,,
6821,3/2/23 0:00,318.4,1.51,,,,,
6822,3/2/23 0:30,319.6,1.51,,,,,
6823,3/2/23 1:00,318.4,1.51,,,,,
6824,3/2/23 1:30,318.4,1.5,,,,,
6825,3/2/23 2:00,318,1.5,,,,,
6826,3/2/23 2:30,318.4,1.5,,,,,
6827,3/2/23 3:00,318,1.5,,,,,
6828,3/2/23 3:30,318.4,1.49,,,,,
6829,3/2/23 4:00,318,1.47,,,,,
6830,3/2/23 4:30,318,1.49,,,,,
6831,3/2/23 5:00,318,1.47,,,,,
6832,3/2/23 5:30,318,1.49,,,,,
6833,3/2/23 6:00,318,1.47,,,,,
6834,3/2/23 6:30,318.8,1.49,,,,,
6835,3/2/23 7:00,318,1.47,,,,,
6836,3/2/23 7:30,318,1.49,,,,,
6837,3/2/23 8:00,318,1.47,,,,,
6838,3/2/23 8:30,317.6,1.47,,,,,
6839,3/2/23 9:00,318,1.47,,,,,
6840,3/2/23 9:30,317.6,1.47,,,,,
6841,3/2/23 10:00,318,1.47,,,,,
6842,3/2/23 10:30,318,1.49,,,,,
6843,3/2/23 11:00,317.6,1.49,,,,,
6844,3/2/23 11:30,317.2,1.5,,,,,
6845,3/2/23 12:00,317.2,1.5,,,,,
6846,3/2/23 12:30,317.6,1.51,,,,,
6847,3/2/23 13:00,317.6,1.51,,,,,
6848,3/2/23 13:30,318,1.53,,,,,
6849,3/2/23 14:00,317.2,1.53,,,,,
6850,3/2/23 14:30,317.6,1.53,,,,,
6851,3/2/23 15:00,317.6,1.53,,,,,
6852,3/2/23 15:30,318.4,1.53,,,,,
6853,3/2/23 16:00,318,1.53,,,,,
6854,3/2/23 16:30,318.4,1.51,,,,,
6855,3/2/23 17:00,318.4,1.51,,,,,
6856,3/2/23 17:30,318.4,1.51,,,,,
6857,3/2/23 18:00,318.8,1.51,,,,,
6858,3/2/23 18:30,319.2,1.49,,,,,
6859,3/2/23 19:00,318.8,1.5,,,,,
6860,3/2/23 19:30,319.2,1.5,,,,,
6861,3/2/23 20:00,318.8,1.5,,,,,
6862,3/2/23 20:30,319.2,1.5,,,,,
6863,3/2/23 21:00,318.8,1.49,,,,,
6864,3/2/23 21:30,318.8,1.51,,,,,
6865,3/2/23 22:00,318.8,1.5,,,,,
6866,3/2/23 22:30,318.4,1.51,,,,,
6867,3/2/23 23:00,318.4,1.51,,,,,
6868,3/2/23 23:30,318.4,1.51,,,,,
6869,3/3/23 0:00,318.4,1.51,,,,,
6870,3/3/23 0:30,318.8,1.51,,,,,
6871,3/3/23 1:00,318.4,1.51,,,,,
6872,3/3/23 1:30,318.4,1.51,,,,,
6873,3/3/23 2:00,318.4,1.51,,,,,
6874,3/3/23 2:30,318.4,1.5,,,,,
6875,3/3/23 3:00,318.8,1.51,,,,,
6876,3/3/23 3:30,318.8,1.51,,,,,
6877,3/3/23 4:00,318.4,1.5,,,,,
6878,3/3/23 4:30,318.4,1.5,,,,,
6879,3/3/23 5:00,318.4,1.49,,,,,
6880,3/3/23 5:30,318.4,1.49,,,,,
6881,3/3/23 6:00,318.4,1.5,,,,,
6882,3/3/23 6:30,318.4,1.5,,,,,
6883,3/3/23 7:00,318.4,1.5,,,,,
6884,3/3/23 7:30,318.4,1.51,,,,,
6885,3/3/23 8:00,318.4,1.5,,,,,
6886,3/3/23 8:30,318.4,1.5,,,,,
6887,3/3/23 9:00,318.4,1.5,,,,,
6888,3/3/23 9:30,318.4,1.49,,,,,
6889,3/3/23 10:00,318.4,1.5,,,,,
6890,3/3/23 10:30,318.4,1.5,,,,,
6891,3/3/23 11:00,318.8,1.5,,,,,
6892,3/3/23 11:30,319.2,1.5,,,,,
6893,3/3/23 12:00,318.8,1.51,,,,,
6894,3/3/23 12:30,319.2,1.53,,,,,
6895,3/3/23 13:00,318.4,1.54,,,,,
6896,3/3/23 13:30,319.2,1.54,,,,,
6897,3/3/23 14:00,319.2,1.55,,,,,
6898,3/3/23 14:30,319.2,1.55,,,,,
6899,3/3/23 15:00,319.2,1.54,,,,,
6900,3/3/23 15:30,319.2,1.56,,,,,
6901,3/3/23 16:00,319.6,1.55,,,,,
6902,3/3/23 16:30,319.2,1.55,,,,,
6903,3/3/23 17:00,319.2,1.56,,,,,
6904,3/3/23 17:30,319.2,1.56,,,,,
6905,3/3/23 18:00,319.6,1.58,,,,,
6906,3/3/23 18:30,319.2,1.56,,,,,
6907,3/3/23 19:00,319.2,1.56,,,,,
6908,3/3/23 19:30,319.2,1.56,,,,,
6909,3/3/23 20:00,319.2,1.56,,,,,
6910,3/3/23 20:30,319.2,1.56,,,,,
6911,3/3/23 21:00,319.2,1.56,,,,,
6912,3/3/23 21:30,319.2,1.59,,,,,
6913,3/3/23 22:00,319.2,1.59,,,,,
6914,3/3/23 22:30,319.2,1.58,,,,,
6915,3/3/23 23:00,319.2,1.58,,,,,
6916,3/3/23 23:30,319.2,1.58,,,,,
6917,3/4/23 0:00,319.2,1.58,,,,,
6918,3/4/23 0:30,319.2,1.59,,,,,
6919,3/4/23 1:00,319.2,1.56,,,,,
6920,3/4/23 1:30,319.6,1.56,,,,,
6921,3/4/23 2:00,319.2,1.56,,,,,
6922,3/4/23 2:30,319.2,1.56,,,,,
6923,3/4/23 3:00,319.2,1.56,,,,,
6924,3/4/23 3:30,319.2,1.56,,,,,
6925,3/4/23 4:00,319.2,1.56,,,,,
6926,3/4/23 4:30,319.2,1.56,,,,,
6927,3/4/23 5:00,319.2,1.58,,,,,
6928,3/4/23 5:30,319.2,1.55,,,,,
6929,3/4/23 6:00,319.2,1.55,,,,,
6930,3/4/23 6:30,319.2,1.55,,,,,
6931,3/4/23 7:00,319.2,1.55,,,,,
6932,3/4/23 7:30,319.2,1.56,,,,,
6933,3/4/23 8:00,319.2,1.56,,,,,
6934,3/4/23 8:30,319.2,1.56,,,,,
6935,3/4/23 9:00,319.2,1.58,,,,,
6936,3/4/23 9:30,319.2,1.58,,,,,
6937,3/4/23 10:00,319.2,1.59,,,,,
6938,3/4/23 10:30,319.2,1.6,,,,,
6939,3/4/23 11:00,319.2,1.59,,,,,
6940,3/4/23 11:30,318.8,1.6,,,,,
6941,3/4/23 12:00,319.2,1.6,,,,,
6942,3/4/23 12:30,319.2,1.62,,,,,
6943,3/4/23 13:00,319.2,1.62,,,,,
6944,3/4/23 13:30,319.2,1.63,,,,,
6945,3/4/23 14:00,318.4,1.62,,,,,
6946,3/4/23 14:30,319.6,1.63,,,,,
6947,3/4/23 15:00,321.2,1.63,,,,,
6948,3/4/23 15:30,320,1.63,,,,,
6949,3/4/23 16:00,319.2,1.62,,,,,
6950,3/4/23 16:30,320.4,1.62,,,,,
6951,3/4/23 17:00,320,1.63,,,,,
6952,3/4/23 17:30,319.2,1.62,,,,,
6953,3/4/23 18:00,319.2,1.63,,,,,
6954,3/4/23 18:30,320,1.63,,,,,
6955,3/4/23 19:00,319.2,1.63,,,,,
6956,3/4/23 19:30,319.2,1.63,,,,,
6957,3/4/23 20:00,320,1.63,,,,,
6958,3/4/23 20:30,319.6,1.63,,,,,
6959,3/4/23 21:00,320,1.63,,,,,
6960,3/4/23 21:30,319.6,1.63,,,,,
6961,3/4/23 22:00,319.2,1.64,,,,,
6962,3/4/23 22:30,319.6,1.64,,,,,
6963,3/4/23 23:00,319.6,1.64,,,,,
6964,3/4/23 23:30,320,1.63,,,,,
6965,3/5/23 0:00,319.2,1.63,,,,,
6966,3/5/23 0:30,320,1.63,,,,,
6967,3/5/23 1:00,319.6,1.63,,,,,
6968,3/5/23 1:30,319.6,1.64,,,,,
6969,3/5/23 2:00,320,1.64,,,,,
6970,3/5/23 2:30,320,1.64,,,,,
6971,3/5/23 3:00,320,1.64,,,,,
6972,3/5/23 3:30,320,1.63,,,,,
6973,3/5/23 4:00,320,1.64,,,,,
6974,3/5/23 4:30,320,1.64,,,,,
6975,3/5/23 5:00,320,1.64,,,,,
6976,3/5/23 5:30,320,1.63,,,,,
6977,3/5/23 6:00,320,1.63,,,,,
6978,3/5/23 6:30,320.4,1.62,,,,,
6979,3/5/23 7:00,320,1.63,,,,,
6980,3/5/23 7:30,320,1.64,,,,,
6981,3/5/23 8:00,320,1.63,,,,,
6982,3/5/23 8:30,319.6,1.64,,,,,
6983,3/5/23 9:00,319.6,1.66,,,,,
6984,3/5/23 9:30,319.2,1.66,,,,,
6985,3/5/23 10:00,320,1.66,,,,,
6986,3/5/23 10:30,320,1.67,,,,,
6987,3/5/23 11:00,320,1.68,,,,,
6988,3/5/23 11:30,319.2,1.68,,,,,
6989,3/5/23 12:00,319.2,1.69,,,,,
6990,3/5/23 12:30,319.2,1.72,,,,,
6991,3/5/23 13:00,319.5,1.73,,,,,
6992,3/5/23 13:30,319.9,1.75,,,,,
6993,3/5/23 14:00,319.9,1.75,,,,,
6994,3/5/23 14:30,319.9,1.75,,,,,
6995,3/5/23 15:00,320.3,1.76,,,,,
6996,3/5/23 15:30,320.3,1.77,,,,,
6997,3/5/23 16:00,320.7,1.76,,,,,
6998,3/5/23 16:30,321.2,1.76,,,,,
6999,3/5/23 17:00,321.2,1.76,,,,,
7000,3/5/23 17:30,321.1,1.77,,,,,
7001,3/5/23 18:00,321.1,1.77,,,,,
7002,3/5/23 18:30,321.1,1.77,,,,,
7003,3/5/23 19:00,321.2,1.76,,,,,
7004,3/5/23 19:30,321.2,1.76,,,,,
7005,3/5/23 20:00,320.7,1.76,,,,,
7006,3/5/23 20:30,320.7,1.76,,,,,
7007,3/5/23 21:00,321.1,1.77,,,,,
7008,3/5/23 21:30,321.2,1.76,,,,,
7009,3/5/23 22:00,320.7,1.77,,,,,
7010,3/5/23 22:30,320.7,1.78,,,,,
7011,3/5/23 23:00,320.7,1.76,,,,,
7012,3/5/23 23:30,321.1,1.77,,,,,
7013,3/6/23 0:00,320.7,1.77,,,,,
7014,3/6/23 0:30,320.7,1.78,,,,,
7015,3/6/23 1:00,320.7,1.8,,,,,
7016,3/6/23 1:30,320.7,1.78,,,,,
7017,3/6/23 2:00,320.3,1.78,,,,,
7018,3/6/23 2:30,320.3,1.77,,,,,
7019,3/6/23 3:00,320.3,1.76,,,,,
7020,3/6/23 3:30,319.9,1.76,,,,,
7021,3/6/23 4:00,319.9,1.75,,,,,
7022,3/6/23 4:30,320.3,1.76,,,,,
7023,3/6/23 5:00,319.9,1.75,,,,,
7024,3/6/23 5:30,320.4,1.73,,,,,
7025,3/6/23 6:00,320,1.72,,,,,
7026,3/6/23 6:30,320.4,1.72,,,,,
7027,3/6/23 7:00,320.4,1.73,,,,,
7028,3/6/23 7:30,319.9,1.75,,,,,
7029,3/6/23 8:00,320.3,1.76,,,,,
7030,3/6/23 8:30,319.9,1.76,,,,,
7031,3/6/23 9:00,320.3,1.76,,,,,
7032,3/6/23 9:30,320.3,1.76,,,,,
7033,3/6/23 10:00,320.3,1.76,,,,,
7034,3/6/23 10:30,319.9,1.77,,,,,
7035,3/6/23 11:00,320.7,1.77,,,,,
7036,3/6/23 11:30,320.3,1.77,,,,,
7037,3/6/23 12:00,320.7,1.78,,,,,
7038,3/6/23 12:30,321.1,1.78,,,,,
7039,3/6/23 13:00,320.7,1.78,,,,,
7040,3/6/23 13:30,320.7,1.78,,,,,
7041,3/6/23 14:00,320.7,1.8,,,,,
7042,3/6/23 14:30,320.7,1.8,,,,,
7043,3/6/23 15:00,320.7,1.8,,,,,
7044,3/6/23 15:30,320.7,1.81,,,,,
7045,3/6/23 16:00,320.7,1.8,,,,,
7046,3/6/23 16:30,321.1,1.81,,,,,
7047,3/6/23 17:00,321.1,1.81,,,,,
7048,3/6/23 17:30,321.1,1.81,,,,,
7049,3/6/23 18:00,320.7,1.81,,,,,
7050,3/6/23 18:30,321.1,1.81,,,,,
7051,3/6/23 19:00,321.1,1.81,,,,,
7052,3/6/23 19:30,321.1,1.81,,,,,
7053,3/6/23 20:00,321.1,1.81,,,,,
7054,3/6/23 20:30,321.1,1.82,,,,,
7055,3/6/23 21:00,321.1,1.81,,,,,
7056,3/6/23 21:30,321.1,1.81,,,,,
7057,3/6/23 22:00,321.1,1.81,,,,,
7058,3/6/23 22:30,321.1,1.81,,,,,
7059,3/6/23 23:00,321.1,1.82,,,,,
7060,3/6/23 23:30,321.1,1.82,,,,,
7061,3/7/23 0:00,321.1,1.82,,,,,
7062,3/7/23 0:30,321.1,1.82,,,,,
7063,3/7/23 1:00,321.1,1.82,,,,,
7064,3/7/23 1:30,321.1,1.82,,,,,
7065,3/7/23 2:00,321.1,1.82,,,,,
7066,3/7/23 2:30,321.1,1.84,,,,,
7067,3/7/23 3:00,321.1,1.82,,,,,
7068,3/7/23 3:30,321.1,1.84,,,,,
7069,3/7/23 4:00,321.1,1.84,,,,,
7070,3/7/23 4:30,321.1,1.82,,,,,
7071,3/7/23 5:00,321.1,1.84,,,,,
7072,3/7/23 5:30,321.1,1.84,,,,,
7073,3/7/23 6:00,321.1,1.84,,,,,
7074,3/7/23 6:30,321.1,1.84,,,,,
7075,3/7/23 7:00,321.1,1.84,,,,,
7076,3/7/23 7:30,321.5,1.84,,,,,
7077,3/7/23 8:00,321.1,1.84,,,,,
7078,3/7/23 8:30,321.1,1.85,,,,,
7079,3/7/23 9:00,320.3,1.86,,,,,
7080,3/7/23 9:30,319.1,1.87,,,,,
7081,3/7/23 10:00,318.3,1.9,,,,,
7082,3/7/23 10:30,319.1,1.89,,,,,
7083,3/7/23 11:00,319.1,1.91,,,,,
7084,3/7/23 11:30,319.1,1.91,,,,,
7085,3/7/23 12:00,319.1,1.91,,,,,
7086,3/7/23 12:30,317.9,1.95,,,,,
7087,3/7/23 13:00,317.9,1.95,,,,,
7088,3/7/23 13:30,317.9,1.94,,,,,
7089,3/7/23 14:00,319.9,1.96,,,,,
7090,3/7/23 14:30,320.7,1.96,,,,,
7091,3/7/23 15:00,319.9,1.98,,,,,
7092,3/7/23 15:30,321.5,1.96,,,,,
7093,3/7/23 16:00,320.3,1.98,,,,,
7094,3/7/23 16:30,321.1,1.98,,,,,
7095,3/7/23 17:00,321.5,1.96,,,,,
7096,3/7/23 17:30,321.5,1.96,,,,,
7097,3/7/23 18:00,322.3,1.96,,,,,
7098,3/7/23 18:30,322.3,1.99,,,,,
7099,3/7/23 19:00,322.7,1.98,,,,,
7100,3/7/23 19:30,322.7,1.99,,,,,
7101,3/7/23 20:00,322.7,1.94,,,,,
7102,3/7/23 20:30,322.7,1.96,,,,,
7103,3/7/23 21:00,322.3,1.94,,,,,
7104,3/7/23 21:30,322.7,1.94,,,,,
7105,3/7/23 22:00,322.3,1.93,,,,,
7106,3/7/23 22:30,322.3,1.94,,,,,
7107,3/7/23 23:00,322.3,1.94,,,,,
7108,3/7/23 23:30,321.9,1.93,,,,,
7109,3/8/23 0:00,321.9,1.94,,,,,
7110,3/8/23 0:30,321.9,1.94,,,,,
7111,3/8/23 1:00,322.3,1.94,,,,,
7112,3/8/23 1:30,322.3,1.95,,,,,
7113,3/8/23 2:00,322.3,1.95,,,,,
7114,3/8/23 2:30,322.3,1.94,,,,,
7115,3/8/23 3:00,322.3,1.95,,,,,
7116,3/8/23 3:30,321.5,1.95,,,,,
7117,3/8/23 4:00,322.3,1.94,,,,,
7118,3/8/23 4:30,322.3,1.95,,,,,
7119,3/8/23 5:00,322.3,1.96,,,,,
7120,3/8/23 5:30,322.3,1.95,,,,,
7121,3/8/23 6:00,322.3,1.98,,,,,
7122,3/8/23 6:30,321.1,1.98,,,,,
7123,3/8/23 7:00,321.1,1.99,,,,,
7124,3/8/23 7:30,322.3,1.96,,,,,
7125,3/8/23 8:00,322.3,1.95,,,,,
7126,3/8/23 8:30,322.7,1.96,,,,,
7127,3/8/23 9:00,322.7,1.96,,,,,
7128,3/8/23 9:30,322.3,1.96,,,,,
7129,3/8/23 10:00,322.3,1.98,,,,,
7130,3/8/23 10:30,322.3,1.98,,,,,
7131,3/8/23 11:00,322.3,1.98,,,,,
7132,3/8/23 11:30,322.7,1.98,,,,,
7133,3/8/23 12:00,322.7,1.99,,,,,
7134,3/8/23 12:30,322.3,1.98,,,,,
7135,3/8/23 13:00,322.3,1.98,,,,,
7136,3/8/23 13:30,322.3,1.99,,,,,
7137,3/8/23 14:00,322.3,2,,,,,
7138,3/8/23 14:30,321.5,2.03,,,,,
7139,3/8/23 15:00,321.9,1.99,,,,,
7140,3/8/23 15:30,322.3,1.98,,,,,
7141,3/8/23 16:00,321.1,2.03,,,,,
7142,3/8/23 16:30,321.1,2.03,,,,,
7143,3/8/23 17:00,321.1,2.04,,,,,
7144,3/8/23 17:30,321.5,2,,,,,
7145,3/8/23 18:00,322.3,1.99,,,,,
7146,3/8/23 18:30,322.7,1.99,,,,,
7147,3/8/23 19:00,322.3,2,,,,,
7148,3/8/23 19:30,322.7,2,,,,,
7149,3/8/23 20:00,322.7,2,,,,,
7150,3/8/23 20:30,322.7,2,,,,,
7151,3/8/23 21:00,322.7,1.99,,,,,
7152,3/8/23 21:30,322.7,1.99,,,,,
7153,3/8/23 22:00,322.7,1.99,,,,,
7154,3/8/23 22:30,322.7,2,,,,,
7155,3/8/23 23:00,322.7,1.99,,,,,
7156,3/8/23 23:30,323.1,1.99,,,,,
7157,3/9/23 0:00,322.7,1.99,,,,,
7158,3/9/23 0:30,323.1,1.99,,,,,
7159,3/9/23 1:00,323.1,1.99,,,,,
7160,3/9/23 1:30,323.1,1.99,,,,,
7161,3/9/23 2:00,323.1,2,,,,,
7162,3/9/23 2:30,323.1,1.98,,,,,
7163,3/9/23 3:00,323.1,1.99,,,,,
7164,3/9/23 3:30,323.5,1.98,,,,,
7165,3/9/23 4:00,323.5,1.99,,,,,
7166,3/9/23 4:30,323.5,1.99,,,,,
7167,3/9/23 5:00,323.5,1.99,,,,,
7168,3/9/23 5:30,323.5,1.99,,,,,
7169,3/9/23 6:00,323.5,2,,,,,
7170,3/9/23 6:30,323.5,2,,,,,
7171,3/9/23 7:00,323.5,2,,,,,
7172,3/9/23 7:30,323.5,2,,,,,
7173,3/9/23 8:00,323.5,1.99,,,,,
7174,3/9/23 8:30,323.5,2,,,,,
7175,3/9/23 9:00,323.1,1.99,,,,,
7176,3/9/23 9:30,323.5,2,,,,,
7177,3/9/23 10:00,323.5,2.02,,,,,
7178,3/9/23 10:30,324.7,2.02,,,,,
7179,3/9/23 11:00,323.5,2.03,,,,,
7180,3/9/23 11:30,323.5,2.03,,,,,
7181,3/9/23 12:00,323.5,2.04,,,,,
7182,3/9/23 12:30,323.5,2.06,,,,,
7183,3/9/23 13:00,323.5,2.06,,,,,
7184,3/9/23 13:30,323.5,2.06,,,,,
7185,3/9/23 14:00,323.5,2.07,,,,,
7186,3/9/23 14:30,323.5,2.08,,,,,
7187,3/9/23 15:00,323.5,2.07,,,,,
7188,3/9/23 15:30,323.5,2.07,,,,,
7189,3/9/23 16:00,326.3,2.11,,,,,
7190,3/9/23 16:30,337.9,2.18,,,,,
7191,3/9/23 17:00,329.1,2.22,,,,,
7192,3/9/23 17:30,323.4,2.22,,,,,
7193,3/9/23 18:00,322.6,2.22,,,,,
7194,3/9/23 18:30,322.6,2.24,,,,,
7195,3/9/23 19:00,323,2.2,,,,,
7196,3/9/23 19:30,323,2.21,,,,,
7197,3/9/23 20:00,323,2.2,,,,,
7198,3/9/23 20:30,323,2.22,,,,,
7199,3/9/23 21:00,323,2.24,,,,,
7200,3/9/23 21:30,323,2.24,,,,,
7201,3/9/23 22:00,323,2.25,,,,,
7202,3/9/23 22:30,323.4,2.25,,,,,
7203,3/9/23 23:00,325,2.26,,,,,
7204,3/9/23 23:30,325.8,2.34,,,,,
7205,3/10/23 0:00,326.6,2.35,,,,,
7206,3/10/23 0:30,326.2,2.34,,,,,
7207,3/10/23 1:00,325.8,2.31,,,,,
7208,3/10/23 1:30,326.2,2.27,,,,,
7209,3/10/23 2:00,325.8,2.24,,,,,
7210,3/10/23 2:30,325.4,2.22,,,,,
7211,3/10/23 3:00,324.6,2.25,,,,,
7212,3/10/23 3:30,323.4,2.25,,,,,
7213,3/10/23 4:00,323,2.24,,,,,
7214,3/10/23 4:30,322.6,2.15,,,,,
7215,3/10/23 5:00,323.1,2.09,,,,,
7216,3/10/23 5:30,323.5,2.11,,,,,
7217,3/10/23 6:00,323.5,2.08,,,,,
7218,3/10/23 6:30,323.1,2.04,,,,,
7219,3/10/23 7:00,323.1,2.02,,,,,
7220,3/10/23 7:30,323.5,2.02,,,,,
7221,3/10/23 8:00,323.5,2,,,,,
7222,3/10/23 8:30,323.1,2,,,,,
7223,3/10/23 9:00,322.7,1.99,,,,,
7224,3/10/23 9:30,323.1,2.02,,,,,
7225,3/10/23 10:00,323.1,2.03,,,,,
7226,3/10/23 10:30,323.5,2.03,,,,,
7227,3/10/23 11:00,323.5,2.04,,,,,
7228,3/10/23 11:30,323.1,2.06,,,,,
7229,3/10/23 12:00,323.1,2.06,,,,,
7230,3/10/23 12:30,323.1,2.07,,,,,
7231,3/10/23 13:00,323.1,2.07,,,,,
7232,3/10/23 13:30,323.5,2.07,,,,,
7233,3/10/23 14:00,323.5,2.07,,,,,
7234,3/10/23 14:30,323.1,2.07,,,,,
7235,3/10/23 15:00,323.1,2.07,,,,,
7236,3/10/23 15:30,323.5,2.07,,,,,
7237,3/10/23 16:00,323.5,2.07,,,,,
7238,3/10/23 16:30,323.5,2.07,,,,,
7239,3/10/23 17:00,323.1,2.07,,,,,
7240,3/10/23 17:30,323.1,2.07,,,,,
7241,3/10/23 18:00,323.5,2.07,,,,,
7242,3/10/23 18:30,323.5,2.07,,,,,
7243,3/10/23 19:00,323.5,2.06,,,,,
7244,3/10/23 19:30,323.5,2.07,,,,,
7245,3/10/23 20:00,323.5,2.07,,,,,
7246,3/10/23 20:30,323.5,2.06,,,,,
7247,3/10/23 21:00,323.5,2.07,,,,,
7248,3/10/23 21:30,323.5,2.07,,,,,
7249,3/10/23 22:00,323.5,2.07,,,,,
7250,3/10/23 22:30,323.5,2.08,,,,,
7251,3/10/23 23:00,323.5,2.07,,,,,
7252,3/10/23 23:30,323.5,2.08,,,,,
7253,3/11/23 0:00,323.5,2.07,,,,,
7254,3/11/23 0:30,323.5,2.07,,,,,
7255,3/11/23 1:00,323.5,2.07,,,,,
7256,3/11/23 1:30,323.5,2.07,,,,,
7257,3/11/23 2:00,323.5,2.07,,,,,
7258,3/11/23 2:30,323.5,2.07,,,,,
7259,3/11/23 3:00,323.5,2.07,,,,,
7260,3/11/23 3:30,323.5,2.07,,,,,
7261,3/11/23 4:00,323.5,2.07,,,,,
7262,3/11/23 4:30,323.5,2.07,,,,,
7263,3/11/23 5:00,323.5,2.06,,,,,
7264,3/11/23 5:30,323.5,2.06,,,,,
7265,3/11/23 6:00,323.5,2.06,,,,,
7266,3/11/23 6:30,323.5,2.07,,,,,
7267,3/11/23 7:00,323.5,2.06,,,,,
7268,3/11/23 7:30,323.5,2.07,,,,,
7269,3/11/23 8:00,323.5,2.06,,,,,
7270,3/11/23 8:30,323.5,2.09,,,,,
7271,3/11/23 9:00,323.1,2.07,,,,,
7272,3/11/23 9:30,323.1,2.07,,,,,
7273,3/11/23 10:00,323.1,2.07,,,,,
7274,3/11/23 10:30,323.5,2.08,,,,,
7275,3/11/23 11:00,323.1,2.07,,,,,
7276,3/11/23 11:30,323.1,2.07,,,,,
7277,3/11/23 12:00,323.1,2.08,,,,,
7278,3/11/23 12:30,322.7,2.06,,,,,
7279,3/11/23 13:00,322.7,2.06,,,,,
7280,3/11/23 13:30,323.1,2.04,,,,,
7281,3/11/23 14:00,323.1,2.06,,,,,
7282,3/11/23 14:30,323.5,2.06,,,,,
7283,3/11/23 15:00,323.1,2.06,,,,,
7284,3/11/23 15:30,323.1,2.06,,,,,
7285,3/11/23 16:00,323.1,2.07,,,,,
7286,3/11/23 16:30,323.1,2.04,,,,,
7287,3/11/23 17:00,323.1,2.04,,,,,
7288,3/11/23 17:30,323.1,2.07,,,,,
7289,3/11/23 18:00,323.1,2.07,,,,,
7290,3/11/23 18:30,323.1,2.07,,,,,
7291,3/11/23 19:00,322.7,2.06,,,,,
7292,3/11/23 19:30,323.1,2.06,,,,,
7293,3/11/23 20:00,322.7,2.04,,,,,
7294,3/11/23 20:30,323.1,1.98,,,,,
7295,3/11/23 21:00,323.1,2,,,,,
7296,3/11/23 21:30,322.7,1.98,,,,,
7297,3/11/23 22:00,323.1,1.96,,,,,
7298,3/11/23 22:30,323.1,1.99,,,,,
7299,3/11/23 23:00,323.1,1.96,,,,,
7300,3/11/23 23:30,323.5,1.98,,,,,
7301,3/12/23 0:00,323.1,1.96,,,,,
7302,3/12/23 0:30,323.1,2.03,,,,,
7303,3/12/23 1:00,323.1,2,,,,,
7304,3/12/23 1:30,323.1,1.96,,,,,
7305,3/12/23 2:00,323.1,1.98,,,,,
7306,3/12/23 2:30,323.5,1.98,,,,,
7307,3/12/23 3:00,323.1,1.98,,,,,
7308,3/12/23 3:30,323.5,1.99,,,,,
7309,3/12/23 4:00,323.5,1.99,,,,,
7310,3/12/23 4:30,323.5,2,,,,,
7311,3/12/23 5:00,323.5,2,,,,,
7312,3/12/23 5:30,325.5,1.99,,,,,
7313,3/12/23 6:00,327.9,1.99,,,,,
7314,3/12/23 6:30,327.9,1.99,,,,,
7315,3/12/23 7:00,324.3,1.99,,,,,
7316,3/12/23 7:30,324.3,1.99,,,,,
7317,3/12/23 8:00,323.5,1.98,,,,,
7318,3/12/23 8:30,326.3,1.99,,,,,
7319,3/12/23 9:00,323.5,1.98,,,,,
7320,3/12/23 9:30,323.5,1.98,,,,,
7321,3/12/23 10:00,323.5,1.99,,,,,
7322,3/12/23 10:30,323.5,1.99,,,,,
7323,3/12/23 11:00,323.5,1.99,,,,,
7324,3/12/23 11:30,323.5,2,,,,,
7325,3/12/23 12:00,323.5,2,,,,,
7326,3/12/23 12:30,323.5,2,,,,,
7327,3/12/23 13:00,323.5,2,,,,,
7328,3/12/23 13:30,323.5,2.02,,,,,
7329,3/12/23 14:00,323.5,2.03,,,,,
7330,3/12/23 14:30,323.5,2,,,,,
7331,3/12/23 15:00,323.9,2,,,,,
7332,3/12/23 15:30,323.5,1.98,,,,,
7333,3/12/23 16:00,323.5,2,,,,,
7334,3/12/23 16:30,323.5,1.99,,,,,
7335,3/12/23 17:00,323.9,1.96,,,,,
7336,3/12/23 17:30,323.9,1.98,,,,,
7337,3/12/23 18:00,324.7,1.98,,,,,
7338,3/12/23 18:30,323.5,1.96,,,,,
7339,3/12/23 19:00,323.5,1.91,,,,,
7340,3/12/23 19:30,323.5,1.95,,,,,
7341,3/12/23 20:00,323.5,1.96,,,,,
7342,3/12/23 20:30,323.9,1.96,,,,,
7343,3/12/23 21:00,326.3,1.95,,,,,
7344,3/12/23 21:30,323.9,1.94,,,,,
7345,3/12/23 22:00,323.5,1.95,,,,,
7346,3/12/23 22:30,323.5,1.95,,,,,
7347,3/12/23 23:00,323.5,1.95,,,,,
7348,3/12/23 23:30,323.5,1.95,,,,,
7349,3/13/23 0:00,323.5,1.95,,,,,
7350,3/13/23 0:30,323.5,1.96,,,,,
7351,3/13/23 1:00,323.9,1.98,,,,,
7352,3/13/23 1:30,323.5,1.95,,,,,
7353,3/13/23 2:00,323.9,1.95,,,,,
7354,3/13/23 2:30,323.5,1.95,,,,,
7355,3/13/23 3:00,323.9,1.95,,,,,
7356,3/13/23 3:30,323.5,1.95,,,,,
7357,3/13/23 4:00,323.5,1.95,,,,,
7358,3/13/23 4:30,323.5,1.96,,,,,
7359,3/13/23 5:00,323.9,1.99,,,,,
7360,3/13/23 5:30,323.5,1.99,,,,,
7361,3/13/23 6:00,323.5,1.99,,,,,
7362,3/13/23 6:30,323.9,1.96,,,,,
7363,3/13/23 7:00,324.3,1.95,,,,,
7364,3/13/23 7:30,323.5,1.95,,,,,
7365,3/13/23 8:00,323.9,1.95,,,,,
7366,3/13/23 8:30,323.9,1.94,,,,,
7367,3/13/23 9:00,323.5,1.95,,,,,
7368,3/13/23 9:30,323.5,1.95,,,,,
7369,3/13/23 10:00,323.9,1.95,,,,,
7370,3/13/23 10:30,323.5,1.95,,,,,
7371,3/13/23 11:00,323.5,1.96,,,,,
7372,3/13/23 11:30,323.5,1.95,,,,,
7373,3/13/23 12:00,323.5,1.96,,,,,
7374,3/13/23 12:30,323.5,1.96,,,,,
7375,3/13/23 13:00,323.5,1.96,,,,,
7376,3/13/23 13:30,323.5,1.96,,,,,
7377,3/13/23 14:00,323.5,1.96,,,,,
7378,3/13/23 14:30,323.5,1.96,,,,,
7379,3/13/23 15:00,323.5,1.98,,,,,
7380,3/13/23 15:30,323.5,1.98,,,,,
7381,3/13/23 16:00,323.5,1.98,,,,,
7382,3/13/23 16:30,323.5,1.96,,,,,
7383,3/13/23 17:00,323.5,1.98,,,,,
7384,3/13/23 17:30,323.9,1.98,,,,,
7385,3/13/23 18:00,323.9,1.99,,,,,
7386,3/13/23 18:30,323.5,1.98,,,,,
7387,3/13/23 19:00,324.3,1.99,,,,,
7388,3/13/23 19:30,324.3,1.99,,,,,
7389,3/13/23 20:00,324.3,1.99,,,,,
7390,3/13/23 20:30,324.3,1.99,,,,,
7391,3/13/23 21:00,324.3,1.99,,,,,
7392,3/13/23 21:30,324.3,1.99,,,,,
7393,3/13/23 22:00,323.9,2,,,,,
7394,3/13/23 22:30,324.3,1.99,,,,,
7395,3/13/23 23:00,324.3,2,,,,,
7396,3/13/23 23:30,324.3,2,,,,,
7397,3/14/23 0:00,324.3,2.02,,,,,
7398,3/14/23 0:30,324.3,2,,,,,
7399,3/14/23 1:00,323.9,2.02,,,,,
7400,3/14/23 1:30,324.3,2,,,,,
7401,3/14/23 2:00,324.3,2,,,,,
7402,3/14/23 2:30,324.3,2,,,,,
7403,3/14/23 3:00,324.3,2,,,,,
7404,3/14/23 3:30,323.9,2.02,,,,,
7405,3/14/23 4:00,323.9,2,,,,,
7406,3/14/23 4:30,324.3,2,,,,,
7407,3/14/23 5:00,324.3,1.99,,,,,
7408,3/14/23 5:30,324.3,2,,,,,
7409,3/14/23 6:00,324.3,1.99,,,,,
7410,3/14/23 6:30,324.3,1.99,,,,,
7411,3/14/23 7:00,323.5,1.99,,,,,
7412,3/14/23 7:30,324.3,2,,,,,
7413,3/14/23 8:00,324.3,1.98,,,,,
7414,3/14/23 8:30,323.9,1.98,,,,,
7415,3/14/23 9:00,323.9,1.96,,,,,
7416,3/14/23 9:30,323.9,1.98,,,,,
7417,3/14/23 10:00,323.5,2,,,,,
7418,3/14/23 10:30,323.5,2.02,,,,,
7419,3/14/23 11:00,323.5,1.99,,,,,
7420,3/14/23 11:30,323.5,2.02,,,,,
7421,3/14/23 12:00,323.5,2.04,,,,,
7422,3/14/23 12:30,323.5,2.04,,,,,
7423,3/14/23 13:00,323.5,2.04,,,,,
7424,3/14/23 13:30,323.1,2.07,,,,,
7425,3/14/23 14:00,323.9,2.07,,,,,
7426,3/14/23 14:30,323.5,2.08,,,,,
7427,3/14/23 15:00,324.3,2.09,,,,,
7428,3/14/23 15:30,324.3,2.11,,,,,
7429,3/14/23 16:00,323.9,2.11,,,,,
7430,3/14/23 16:30,323.9,2.11,,,,,
7431,3/14/23 17:00,324.3,2.12,,,,,
7432,3/14/23 17:30,324.7,2.13,,,,,
7433,3/14/23 18:00,324.7,2.12,,,,,
7434,3/14/23 18:30,324.7,2.12,,,,,
7435,3/14/23 19:00,324.7,2.12,,,,,
7436,3/14/23 19:30,324.7,2.12,,,,,
7437,3/14/23 20:00,324.7,2.12,,,,,
7438,3/14/23 20:30,324.7,2.12,,,,,
7439,3/14/23 21:00,324.7,2.09,,,,,
7440,3/14/23 21:30,324.7,2.09,,,,,
7441,3/14/23 22:00,324.7,2.11,,,,,
7442,3/14/23 22:30,324.3,2.09,,,,,
7443,3/14/23 23:00,324.7,2.09,,,,,
7444,3/14/23 23:30,324.7,2.09,,,,,
7445,3/15/23 0:00,324.7,2.09,,,,,
7446,3/15/23 0:30,324.7,2.08,,,,,
7447,3/15/23 1:00,324.7,2.09,,,,,
7448,3/15/23 1:30,324.7,2.09,,,,,
7449,3/15/23 2:00,324.7,2.08,,,,,
7450,3/15/23 2:30,324.7,2.08,,,,,
7451,3/15/23 3:00,324.7,2.09,,,,,
7452,3/15/23 3:30,324.7,2.08,,,,,
7453,3/15/23 4:00,324.7,2.09,,,,,
7454,3/15/23 4:30,324.7,2.08,,,,,
7455,3/15/23 5:00,324.7,2.09,,,,,
7456,3/15/23 5:30,324.7,2.08,,,,,
7457,3/15/23 6:00,324.7,2.08,,,,,
7458,3/15/23 6:30,324.7,2.08,,,,,
7459,3/15/23 7:00,324.7,2.07,,,,,
7460,3/15/23 7:30,324.7,2.08,,,,,
7461,3/15/23 8:00,324.7,2.08,,,,,
7462,3/15/23 8:30,324.7,2.08,,,,,
7463,3/15/23 9:00,324.7,2.08,,,,,
7464,3/15/23 9:30,324.7,2.09,,,,,
7465,3/15/23 10:00,324.7,2.09,,,,,
7466,3/15/23 10:30,324.7,2.11,,,,,
7467,3/15/23 11:00,324.3,2.12,,,,,
7468,3/15/23 11:30,323.4,2.15,,,,,
7469,3/15/23 12:00,323.4,2.16,,,,,
7470,3/15/23 12:30,323.4,2.16,,,,,
7471,3/15/23 13:00,324.6,2.16,,,,,
7472,3/15/23 13:30,323.4,2.2,,,,,
7473,3/15/23 14:00,323.4,2.21,,,,,
7474,3/15/23 14:30,324.6,2.21,,,,,
7475,3/15/23 15:00,324.6,2.22,,,,,
7476,3/15/23 15:30,324.6,2.24,,,,,
7477,3/15/23 16:00,325,2.24,,,,,
7478,3/15/23 16:30,325.4,2.24,,,,,
7479,3/15/23 17:00,325,2.26,,,,,
7480,3/15/23 17:30,325.4,2.27,,,,,
7481,3/15/23 18:00,325,2.27,,,,,
7482,3/15/23 18:30,325.4,2.29,,,,,
7483,3/15/23 19:00,325.8,2.3,,,,,
7484,3/15/23 19:30,325.8,2.33,,,,,
7485,3/15/23 20:00,325.8,2.33,,,,,
7486,3/15/23 20:30,325.4,2.34,,,,,
7487,3/15/23 21:00,325.4,2.35,,,,,
7488,3/15/23 21:30,325.4,2.36,,,,,
7489,3/15/23 22:00,325.4,2.38,,,,,
7490,3/15/23 22:30,325.4,2.36,,,,,
7491,3/15/23 23:00,325.8,2.38,,,,,
7492,3/15/23 23:30,325.4,2.36,,,,,
7493,3/16/23 0:00,325.8,2.36,,,,,
7494,3/16/23 0:30,325.4,2.35,,,,,
7495,3/16/23 1:00,325.8,2.39,,,,,
7496,3/16/23 1:30,325,2.4,,,,,
7497,3/16/23 2:00,325,2.42,,,,,
7498,3/16/23 2:30,325.4,2.39,,,,,
7499,3/16/23 3:00,325.4,2.39,,,,,
7500,3/16/23 3:30,325,2.39,,,,,
7501,3/16/23 4:00,325.4,2.38,,,,,
7502,3/16/23 4:30,325,2.34,,,,,
7503,3/16/23 5:00,325.4,2.31,,,,,
7504,3/16/23 5:30,325.4,2.27,,,,,
7505,3/16/23 6:00,326.2,2.33,,,,,
7506,3/16/23 6:30,325.4,2.38,,,,,
7507,3/16/23 7:00,345.5,2.39,,,,,
7508,3/16/23 7:30,325.4,2.4,,,,,
7509,3/16/23 8:00,325,2.39,,,,,
7510,3/16/23 8:30,324.6,2.39,,,,,
7511,3/16/23 9:00,324.6,2.38,,,,,
7512,3/16/23 9:30,324.6,2.36,,,,,
7513,3/16/23 10:00,324.6,2.35,,,,,
7514,3/16/23 10:30,324.2,2.34,,,,,
7515,3/16/23 11:00,324.2,2.34,,,,,
7516,3/16/23 11:30,324.6,2.34,,,,,
7517,3/16/23 12:00,324.6,2.35,,,,,
7518,3/16/23 12:30,325,2.35,,,,,
7519,3/16/23 13:00,324.6,2.34,,,,,
7520,3/16/23 13:30,324.6,2.34,,,,,
7521,3/16/23 14:00,324.6,2.33,,,,,
7522,3/16/23 14:30,325,2.33,,,,,
7523,3/16/23 15:00,325,2.34,,,,,
7524,3/16/23 15:30,325,2.3,,,,,
7525,3/16/23 16:00,325,2.27,,,,,
7526,3/16/23 16:30,325,2.29,,,,,
7527,3/16/23 17:00,325.4,2.3,,,,,
7528,3/16/23 17:30,325.4,2.3,,,,,
7529,3/16/23 18:00,325,2.27,,,,,
7530,3/16/23 18:30,325.4,2.31,,,,,
7531,3/16/23 19:00,325.4,2.29,,,,,
7532,3/16/23 19:30,325,2.29,,,,,
7533,3/16/23 20:00,325,2.27,,,,,
7534,3/16/23 20:30,325.4,2.31,,,,,
7535,3/16/23 21:00,325,2.36,,,,,
7536,3/16/23 21:30,325,2.35,,,,,
7537,3/16/23 22:00,325,2.35,,,,,
7538,3/16/23 22:30,325,2.36,,,,,
7539,3/16/23 23:00,325,2.38,,,,,
7540,3/16/23 23:30,325,2.38,,,,,
7541,3/17/23 0:00,325,2.35,,,,,
7542,3/17/23 0:30,325,2.36,,,,,
7543,3/17/23 1:00,325,2.35,,,,,
7544,3/17/23 1:30,325,2.35,,,,,
7545,3/17/23 2:00,325,2.34,,,,,
7546,3/17/23 2:30,325,2.34,,,,,
7547,3/17/23 3:00,325,2.27,,,,,
7548,3/17/23 3:30,325,2.3,,,,,
7549,3/17/23 4:00,324.6,2.3,,,,,
7550,3/17/23 4:30,325,2.29,,,,,
7551,3/17/23 5:00,325,2.27,,,,,
7552,3/17/23 5:30,325,2.26,,,,,
7553,3/17/23 6:00,325,2.26,,,,,
7554,3/17/23 6:30,325,2.27,,,,,
7555,3/17/23 7:00,325,2.27,,,,,
7556,3/17/23 7:30,325,2.24,,,,,
7557,3/17/23 8:00,325,2.25,,,,,
7558,3/17/23 8:30,323.4,2.2,,,,,
7559,3/17/23 9:00,323.8,2.2,,,,,
7560,3/17/23 9:30,324.2,2.18,,,,,
7561,3/17/23 10:00,324.6,2.18,,,,,
7562,3/17/23 10:30,324.6,2.17,,,,,
7563,3/17/23 11:00,324.2,2.18,,,,,
7564,3/17/23 11:30,323.8,2.21,,,,,
7565,3/17/23 12:00,325,2.2,,,,,
7566,3/17/23 12:30,324.2,2.21,,,,,
7567,3/17/23 13:00,324.2,2.21,,,,,
7568,3/17/23 13:30,323.8,2.22,,,,,
7569,3/17/23 14:00,323.4,2.26,,,,,
7570,3/17/23 14:30,323.8,2.26,,,,,
7571,3/17/23 15:00,324.2,2.26,,,,,
7572,3/17/23 15:30,324.2,2.29,,,,,
7573,3/17/23 16:00,324.2,2.27,,,,,
7574,3/17/23 16:30,323.4,2.33,,,,,
7575,3/17/23 17:00,323.4,2.36,,,,,
7576,3/17/23 17:30,323.4,2.36,,,,,
7577,3/17/23 18:00,323.8,2.38,,,,,
7578,3/17/23 18:30,324.2,2.36,,,,,
7579,3/17/23 19:00,325,2.34,,,,,
7580,3/17/23 19:30,325,2.35,,,,,
7581,3/17/23 20:00,326.2,2.38,,,,,
7582,3/17/23 20:30,326.2,2.39,,,,,
7583,3/17/23 21:00,325.8,2.36,,,,,
7584,3/17/23 21:30,327,2.39,,,,,
7585,3/17/23 22:00,326.6,2.36,,,,,
7586,3/17/23 22:30,325.4,2.33,,,,,
7587,3/17/23 23:00,325.4,2.31,,,,,
7588,3/17/23 23:30,325.4,2.3,,,,,
7589,3/18/23 0:00,326.2,2.34,,,,,
7590,3/18/23 0:30,325.4,2.3,,,,,
7591,3/18/23 1:00,325.4,2.29,,,,,
7592,3/18/23 1:30,325.4,2.27,,,,,
7593,3/18/23 2:00,325.4,2.29,,,,,
7594,3/18/23 2:30,325.4,2.27,,,,,
7595,3/18/23 3:00,325.4,2.25,,,,,
7596,3/18/23 3:30,325,2.29,,,,,
7597,3/18/23 4:00,325.4,2.29,,,,,
7598,3/18/23 4:30,325,2.26,,,,,
7599,3/18/23 5:00,325.4,2.27,,,,,
7600,3/18/23 5:30,325.4,2.26,,,,,
7601,3/18/23 6:00,325.4,2.26,,,,,
7602,3/18/23 6:30,325.4,2.25,,,,,
7603,3/18/23 7:00,325.8,2.24,,,,,
7604,3/18/23 7:30,326.2,2.25,,,,,
7605,3/18/23 8:00,325.4,2.24,,,,,
7606,3/18/23 8:30,325.8,2.25,,,,,
7607,3/18/23 9:00,325.4,2.25,,,,,
7608,3/18/23 9:30,325.4,2.26,,,,,
7609,3/18/23 10:00,325.4,2.26,,,,,
7610,3/18/23 10:30,325.4,2.27,,,,,
7611,3/18/23 11:00,324.6,2.26,,,,,
7612,3/18/23 11:30,324.6,2.29,,,,,
7613,3/18/23 12:00,324.6,2.29,,,,,
7614,3/18/23 12:30,324.2,2.29,,,,,
7615,3/18/23 13:00,324.2,2.33,,,,,
7616,3/18/23 13:30,324.2,2.33,,,,,
7617,3/18/23 14:00,324.6,2.34,,,,,
7618,3/18/23 14:30,324.2,2.33,,,,,
7619,3/18/23 15:00,324.6,2.34,,,,,
7620,3/18/23 15:30,324.2,2.36,,,,,
7621,3/18/23 16:00,325.4,2.31,,,,,
7622,3/18/23 16:30,325.4,2.33,,,,,
7623,3/18/23 17:00,325.4,2.34,,,,,
7624,3/18/23 17:30,325.4,2.33,,,,,
7625,3/18/23 18:00,325.4,2.34,,,,,
7626,3/18/23 18:30,326.2,2.33,,,,,
7627,3/18/23 19:00,326.6,2.33,,,,,
7628,3/18/23 19:30,326.6,2.34,,,,,
7629,3/18/23 20:00,326.6,2.34,,,,,
7630,3/18/23 20:30,326.6,2.34,,,,,
7631,3/18/23 21:00,326.6,2.34,,,,,
7632,3/18/23 21:30,326.6,2.34,,,,,
7633,3/18/23 22:00,327,2.35,,,,,
7634,3/18/23 22:30,327,2.36,,,,,
7635,3/18/23 23:00,327,2.35,,,,,
7636,3/18/23 23:30,326.6,2.34,,,,,
7637,3/19/23 0:00,326.6,2.35,,,,,
7638,3/19/23 0:30,326.6,2.34,,,,,
7639,3/19/23 1:00,326.6,2.34,,,,,
7640,3/19/23 1:30,327,2.34,,,,,
7641,3/19/23 2:00,326.6,2.34,,,,,
7642,3/19/23 2:30,326.6,2.34,,,,,
7643,3/19/23 3:00,327.4,2.33,,,,,
7644,3/19/23 3:30,327.4,2.33,,,,,
7645,3/19/23 4:00,327.8,2.34,,,,,
7646,3/19/23 4:30,327.4,2.34,,,,,
7647,3/19/23 5:00,329.4,2.35,,,,,
7648,3/19/23 5:30,328.6,2.35,,,,,
7649,3/19/23 6:00,328.2,2.35,,,,,
7650,3/19/23 6:30,327.4,2.34,,,,,
7651,3/19/23 7:00,327.4,2.33,,,,,
7652,3/19/23 7:30,327,2.33,,,,,
7653,3/19/23 8:00,327.4,2.34,,,,,
7654,3/19/23 8:30,326.6,2.34,,,,,
7655,3/19/23 9:00,325.4,2.34,,,,,
7656,3/19/23 9:30,325.4,2.35,,,,,
7657,3/19/23 10:00,325.4,2.35,,,,,
7658,3/19/23 10:30,325.4,2.34,,,,,
7659,3/19/23 11:00,325.4,2.38,,,,,
7660,3/19/23 11:30,324.6,2.38,,,,,
7661,3/19/23 12:00,324.6,2.39,,,,,
7662,3/19/23 12:30,324.6,2.4,,,,,
7663,3/19/23 13:00,324.2,2.42,,,,,
7664,3/19/23 13:30,324.6,2.43,,,,,
7665,3/19/23 14:00,324.5,2.47,,,,,
7666,3/19/23 14:30,325.4,2.44,,,,,
7667,3/19/23 15:00,324.9,2.46,,,,,
7668,3/19/23 15:30,325.3,2.47,,,,,
7669,3/19/23 16:00,325.3,2.46,,,,,
7670,3/19/23 16:30,325.3,2.47,,,,,
7671,3/19/23 17:00,326.1,2.47,,,,,
7672,3/19/23 17:30,325.7,2.48,,,,,
7673,3/19/23 18:00,326.1,2.48,,,,,
7674,3/19/23 18:30,326.5,2.49,,,,,
7675,3/19/23 19:00,326.5,2.48,,,,,
7676,3/19/23 19:30,326.9,2.49,,,,,
7677,3/19/23 20:00,326.9,2.49,,,,,
7678,3/19/23 20:30,326.9,2.49,,,,,
7679,3/19/23 21:00,326.9,2.51,,,,,
7680,3/19/23 21:30,327.3,2.51,,,,,
7681,3/19/23 22:00,327.3,2.52,,,,,
7682,3/19/23 22:30,326.9,2.52,,,,,
7683,3/19/23 23:00,327.3,2.52,,,,,
7684,3/19/23 23:30,327.3,2.52,,,,,
7685,3/20/23 0:00,326.9,2.49,,,,,
7686,3/20/23 0:30,326.5,2.49,,,,,
7687,3/20/23 1:00,326.5,2.49,,,,,
7688,3/20/23 1:30,326.5,2.49,,,,,
7689,3/20/23 2:00,326.9,2.49,,,,,
7690,3/20/23 2:30,327.3,2.52,,,,,
7691,3/20/23 3:00,327.7,2.53,,,,,
7692,3/20/23 3:30,328.1,2.53,,,,,
7693,3/20/23 4:00,327.7,2.55,,,,,
7694,3/20/23 4:30,326.9,2.53,,,,,
7695,3/20/23 5:00,326.5,2.53,,,,,
7696,3/20/23 5:30,326.1,2.53,,,,,
7697,3/20/23 6:00,326.5,2.51,,,,,
7698,3/20/23 6:30,325.7,2.52,,,,,
7699,3/20/23 7:00,326.1,2.52,,,,,
7700,3/20/23 7:30,326.1,2.51,,,,,
7701,3/20/23 8:00,326.1,2.51,,,,,
7702,3/20/23 8:30,326.1,2.52,,,,,
7703,3/20/23 9:00,325.3,2.52,,,,,
7704,3/20/23 9:30,324.9,2.52,,,,,
7705,3/20/23 10:00,324.5,2.52,,,,,
7706,3/20/23 10:30,323.3,2.55,,,,,
7707,3/20/23 11:00,322.5,2.57,,,,,
7708,3/20/23 11:30,322.9,2.62,,,,,
7709,3/20/23 12:00,321.3,2.65,,,,,
7710,3/20/23 12:30,323.7,2.61,,,,,
7711,3/20/23 13:00,323.3,2.66,,,,,
7712,3/20/23 13:30,323.7,2.65,,,,,
7713,3/20/23 14:00,326.5,2.65,,,,,
7714,3/20/23 14:30,326.9,2.67,,,,,
7715,3/20/23 15:00,326.5,2.71,,,,,
7716,3/20/23 15:30,326.1,2.73,,,,,
7717,3/20/23 16:00,325.6,2.8,,,,,
7718,3/20/23 16:30,327.7,2.7,,,,,
7719,3/20/23 17:00,328.1,2.73,,,,,
7720,3/20/23 17:30,327.7,2.67,,,,,
7721,3/20/23 18:00,327.7,2.65,,,,,
7722,3/20/23 18:30,328.9,2.62,,,,,
7723,3/20/23 19:00,326.1,2.71,,,,,
7724,3/20/23 19:30,325.7,2.7,,,,,
7725,3/20/23 20:00,326.5,2.74,,,,,
7726,3/20/23 20:30,326.5,2.71,,,,,
7727,3/20/23 21:00,326.5,2.74,,,,,
7728,3/20/23 21:30,326.9,2.67,,,,,
7729,3/20/23 22:00,327.3,2.65,,,,,
7730,3/20/23 22:30,327.3,2.66,,,,,
7731,3/20/23 23:00,327.3,2.67,,,,,
7732,3/20/23 23:30,327.3,2.67,,,,,
7733,3/21/23 0:00,327.3,2.67,,,,,
7734,3/21/23 0:30,327.3,2.66,,,,,
7735,3/21/23 1:00,327.7,2.65,,,,,
7736,3/21/23 1:30,327.7,2.65,,,,,
7737,3/21/23 2:00,327.7,2.65,,,,,
7738,3/21/23 2:30,327.7,2.65,,,,,
7739,3/21/23 3:00,327.3,2.65,,,,,
7740,3/21/23 3:30,326.9,2.62,,,,,
7741,3/21/23 4:00,327.7,2.65,,,,,
7742,3/21/23 4:30,327.3,2.61,,,,,
7743,3/21/23 5:00,327.3,2.61,,,,,
7744,3/21/23 5:30,327.3,2.58,,,,,
7745,3/21/23 6:00,326.9,2.58,,,,,
7746,3/21/23 6:30,327.3,2.6,,,,,
7747,3/21/23 7:00,327.3,2.6,,,,,
7748,3/21/23 7:30,327.3,2.58,,,,,
7749,3/21/23 8:00,327.3,2.61,,,,,
7750,3/21/23 8:30,326.9,2.6,,,,,
7751,3/21/23 9:00,326.9,2.62,,,,,
7752,3/21/23 9:30,326.9,2.61,,,,,
7753,3/21/23 10:00,326.1,2.61,,,,,
7754,3/21/23 10:30,326.9,2.58,,,,,
7755,3/21/23 11:00,326.1,2.6,,,,,
7756,3/21/23 11:30,326.5,2.62,,,,,
7757,3/21/23 12:00,326.5,2.66,,,,,
7758,3/21/23 12:30,326.5,2.66,,,,,
7759,3/21/23 13:00,324.1,2.71,,,,,
7760,3/21/23 13:30,322.4,2.74,,,,,
7761,3/21/23 14:00,320.8,2.75,,,,,
7762,3/21/23 14:30,317.2,2.79,,,,,
7763,3/21/23 15:00,316.4,2.82,,,,,
7764,3/21/23 15:30,317.2,2.8,,,,,
7765,3/21/23 16:00,328,2.84,,,,,
7766,3/21/23 16:30,320.8,2.83,,,,,
7767,3/21/23 17:00,324,2.83,,,,,
7768,3/21/23 17:30,326.4,2.83,,,,,
7769,3/21/23 18:00,327.6,2.83,,,,,
7770,3/21/23 18:30,329.6,2.84,,,,,
7771,3/21/23 19:00,330.4,2.84,,,,,
7772,3/21/23 19:30,330.9,2.84,,,,,
7773,3/21/23 20:00,330.9,2.84,,,,,
7774,3/21/23 20:30,330.8,2.86,,,,,
7775,3/21/23 21:00,330.1,2.83,,,,,
7776,3/21/23 21:30,330,2.84,,,,,
7777,3/21/23 22:00,330.4,2.84,,,,,
7778,3/21/23 22:30,331.7,2.86,,,,,
7779,3/21/23 23:00,331.7,2.86,,,,,
7780,3/21/23 23:30,332,2.88,,,,,
7781,3/22/23 0:00,331.2,2.88,,,,,
7782,3/22/23 0:30,330.8,2.88,,,,,
7783,3/22/23 1:00,330.8,2.91,,,,,
7784,3/22/23 1:30,330.4,2.92,,,,,
7785,3/22/23 2:00,329.6,2.91,,,,,
7786,3/22/23 2:30,330.4,2.91,,,,,
7787,3/22/23 3:00,330,2.92,,,,,
7788,3/22/23 3:30,329.6,2.91,,,,,
7789,3/22/23 4:00,329.6,2.92,,,,,
7790,3/22/23 4:30,329.2,2.93,,,,,
7791,3/22/23 5:00,328.8,2.92,,,,,
7792,3/22/23 5:30,328.8,2.91,,,,,
7793,3/22/23 6:00,328.8,2.91,,,,,
7794,3/22/23 6:30,328.8,2.89,,,,,
7795,3/22/23 7:00,327.2,2.84,,,,,
7796,3/22/23 7:30,327.2,2.8,,,,,
7797,3/22/23 8:00,328.5,2.76,,,,,
7798,3/22/23 8:30,328.9,2.74,,,,,
7799,3/22/23 9:00,328.5,2.73,,,,,
7800,3/22/23 9:30,328.1,2.74,,,,,
7801,3/22/23 10:00,328.1,2.74,,,,,
7802,3/22/23 10:30,328.5,2.69,,,,,
7803,3/22/23 11:00,328.9,2.71,,,,,
7804,3/22/23 11:30,328.1,2.73,,,,,
7805,3/22/23 12:00,326.9,2.75,,,,,
7806,3/22/23 12:30,325.3,2.74,,,,,
7807,3/22/23 13:00,324,2.74,,,,,
7808,3/22/23 13:30,326.5,2.73,,,,,
7809,3/22/23 14:00,325.7,2.73,,,,,
7810,3/22/23 14:30,327.3,2.7,,,,,
7811,3/22/23 15:00,326.9,2.67,,,,,
7812,3/22/23 15:30,327.7,2.69,,,,,
7813,3/22/23 16:00,328.1,2.67,,,,,
7814,3/22/23 16:30,328.9,2.67,,,,,
7815,3/22/23 17:00,328.9,2.66,,,,,
7816,3/22/23 17:30,328.1,2.65,,,,,
7817,3/22/23 18:00,328.9,2.65,,,,,
7818,3/22/23 18:30,328.9,2.66,,,,,
7819,3/22/23 19:00,328.9,2.64,,,,,
7820,3/22/23 19:30,328.9,2.65,,,,,
7821,3/22/23 20:00,328.9,2.65,,,,,
7822,3/22/23 20:30,328.5,2.64,,,,,
7823,3/22/23 21:00,328.9,2.65,,,,,
7824,3/22/23 21:30,328.1,2.66,,,,,
7825,3/22/23 22:00,328.1,2.66,,,,,
7826,3/22/23 22:30,328.5,2.66,,,,,
7827,3/22/23 23:00,328.1,2.66,,,,,
7828,3/22/23 23:30,328.1,2.66,,,,,
7829,3/23/23 0:00,328.1,2.65,,,,,
7830,3/23/23 0:30,328.1,2.67,,,,,
7831,3/23/23 1:00,328.1,2.67,,,,,
7832,3/23/23 1:30,328.1,2.69,,,,,
7833,3/23/23 2:00,328.1,2.7,,,,,
7834,3/23/23 2:30,328.1,2.7,,,,,
7835,3/23/23 3:00,328.1,2.7,,,,,
7836,3/23/23 3:30,327.7,2.71,,,,,
7837,3/23/23 4:00,327.7,2.71,,,,,
7838,3/23/23 4:30,328.5,2.71,,,,,
7839,3/23/23 5:00,328.1,2.73,,,,,
7840,3/23/23 5:30,328.1,2.73,,,,,
7841,3/23/23 6:00,328.5,2.71,,,,,
7842,3/23/23 6:30,328.1,2.73,,,,,
7843,3/23/23 7:00,328.1,2.71,,,,,
7844,3/23/23 7:30,328.5,2.73,,,,,
7845,3/23/23 8:00,327.7,2.73,,,,,
7846,3/23/23 8:30,327.7,2.74,,,,,
7847,3/23/23 9:00,327.3,2.7,,,,,
7848,3/23/23 9:30,326.1,2.67,,,,,
7849,3/23/23 10:00,326.1,2.67,,,,,
7850,3/23/23 10:30,324.5,2.71,,,,,
7851,3/23/23 11:00,322,2.75,,,,,
7852,3/23/23 11:30,321.2,2.76,,,,,
7853,3/23/23 12:00,319.6,2.83,,,,,
7854,3/23/23 12:30,320.4,2.83,,,,,
7855,3/23/23 13:00,319.6,2.88,,,,,
7856,3/23/23 13:30,318.8,2.92,,,,,
7857,3/23/23 14:00,320,2.87,,,,,
7858,3/23/23 14:30,318.4,2.86,,,,,
7859,3/23/23 15:00,318.4,2.88,,,,,
7860,3/23/23 15:30,319.6,2.86,,,,,
7861,3/23/23 16:00,320.4,2.83,,,,,
7862,3/23/23 16:30,321.6,2.88,,,,,
7863,3/23/23 17:00,323.2,2.91,,,,,
7864,3/23/23 17:30,325.2,2.93,,,,,
7865,3/23/23 18:00,326,2.93,,,,,
7866,3/23/23 18:30,326.4,2.92,,,,,
7867,3/23/23 19:00,327.2,2.96,,,,,
7868,3/23/23 19:30,327.2,2.93,,,,,
7869,3/23/23 20:00,326.4,2.92,,,,,
7870,3/23/23 20:30,326.4,2.89,,,,,
7871,3/23/23 21:00,326.8,2.89,,,,,
7872,3/23/23 21:30,327.2,2.92,,,,,
7873,3/23/23 22:00,327.6,2.89,,,,,
7874,3/23/23 22:30,327.6,2.91,,,,,
7875,3/23/23 23:00,328.4,2.91,,,,,
7876,3/23/23 23:30,328.4,2.93,,,,,
7877,3/24/23 0:00,328.4,2.93,,,,,
7878,3/24/23 0:30,329.6,2.95,,,,,
7879,3/24/23 1:00,328.8,2.96,,,,,
7880,3/24/23 1:30,328.4,2.96,,,,,
7881,3/24/23 2:00,327.2,2.96,,,,,
7882,3/24/23 2:30,327.2,2.95,,,,,
7883,3/24/23 3:00,326.8,2.96,,,,,
7884,3/24/23 3:30,326.8,2.97,,,,,
7885,3/24/23 4:00,327.2,2.97,,,,,
7886,3/24/23 4:30,327.2,2.96,,,,,
7887,3/24/23 5:00,327.2,2.95,,,,,
7888,3/24/23 5:30,327.2,2.95,,,,,
7889,3/24/23 6:00,327.2,2.95,,,,,
7890,3/24/23 6:30,327.6,2.93,,,,,
7891,3/24/23 7:00,327.2,2.93,,,,,
7892,3/24/23 7:30,327.2,2.93,,,,,
7893,3/24/23 8:00,327.2,2.93,,,,,
7894,3/24/23 8:30,326.4,2.88,,,,,
7895,3/24/23 9:00,327.6,2.86,,,,,
7896,3/24/23 9:30,327.2,2.89,,,,,
7897,3/24/23 10:00,327.2,2.88,,,,,
7898,3/24/23 10:30,327.2,2.91,,,,,
7899,3/24/23 11:00,328.4,2.96,,,,,
7900,3/24/23 11:30,327.6,2.92,,,,,
7901,3/24/23 12:00,327.2,2.93,,,,,
7902,3/24/23 12:30,328.8,2.89,,,,,
7903,3/24/23 13:00,329.6,2.89,,,,,
7904,3/24/23 13:30,329.6,2.93,,,,,
7905,3/24/23 14:00,329.6,2.95,,,,,
7906,3/24/23 14:30,328.8,2.95,,,,,
7907,3/24/23 15:00,330,2.93,,,,,
7908,3/24/23 15:30,330.8,2.96,,,,,
7909,3/24/23 16:00,328.8,2.95,,,,,
7910,3/24/23 16:30,330.4,2.95,,,,,
7911,3/24/23 17:00,330.8,2.92,,,,,
7912,3/24/23 17:30,330.8,2.92,,,,,
7913,3/24/23 18:00,330.8,2.88,,,,,
7914,3/24/23 18:30,331.2,2.86,,,,,
7915,3/24/23 19:00,330.9,2.82,,,,,
7916,3/24/23 19:30,330.9,2.8,,,,,
7917,3/24/23 20:00,330.9,2.79,,,,,
7918,3/24/23 20:30,330.9,2.75,,,,,
7919,3/24/23 21:00,330.9,2.76,,,,,
7920,3/24/23 21:30,330.9,2.79,,,,,
7921,3/24/23 22:00,330.9,2.82,,,,,
7922,3/24/23 22:30,330.9,2.83,,,,,
7923,3/24/23 23:00,330,2.84,,,,,
7924,3/24/23 23:30,330,2.89,,,,,
7925,3/25/23 0:00,330,2.89,,,,,
7926,3/25/23 0:30,330,2.89,,,,,
7927,3/25/23 1:00,329.6,2.89,,,,,
7928,3/25/23 1:30,329.6,2.91,,,,,
7929,3/25/23 2:00,329.6,2.91,,,,,
7930,3/25/23 2:30,329.2,2.96,,,,,
7931,3/25/23 3:00,329.2,2.92,,,,,
7932,3/25/23 3:30,329.6,2.89,,,,,
7933,3/25/23 4:00,329.6,2.92,,,,,
7934,3/25/23 4:30,330,2.87,,,,,
7935,3/25/23 5:00,330.8,2.86,,,,,
7936,3/25/23 5:30,330.4,2.84,,,,,
7937,3/25/23 6:00,330.9,2.84,,,,,
7938,3/25/23 6:30,330.9,2.84,,,,,
7939,3/25/23 7:00,329.7,2.76,,,,,
7940,3/25/23 7:30,325.7,2.57,,,,,
7941,3/25/23 8:00,323.7,2.57,,,,,
7942,3/25/23 8:30,321.7,2.46,,,,,
7943,3/25/23 9:00,320.9,2.39,,,,,
7944,3/25/23 9:30,323.7,2.48,,,,,
7945,3/25/23 10:00,325.3,2.58,,,,,
7946,3/25/23 10:30,325.3,2.56,,,,,
7947,3/25/23 11:00,323.7,2.51,,,,,
7948,3/25/23 11:30,324.9,2.55,,,,,
7949,3/25/23 12:00,325.7,2.58,,,,,
7950,3/25/23 12:30,325.7,2.58,,,,,
7951,3/25/23 13:00,326.1,2.61,,,,,
7952,3/25/23 13:30,326.5,2.65,,,,,
7953,3/25/23 14:00,325.3,2.58,,,,,
7954,3/25/23 14:30,324.5,2.62,,,,,
7955,3/25/23 15:00,324.4,2.75,,,,,
7956,3/25/23 15:30,324,2.82,,,,,
7957,3/25/23 16:00,326,2.96,,,,,
7958,3/25/23 16:30,323.6,2.82,,,,,
7959,3/25/23 17:00,325.2,2.97,,,,,
7960,3/25/23 17:30,327.9,3.09,,,,,
7961,3/25/23 18:00,330,3.05,,,,,
7962,3/25/23 18:30,328.8,2.93,,,,,
7963,3/25/23 19:00,327.2,3.04,,,,,
7964,3/25/23 19:30,326,2.98,,,,,
7965,3/25/23 20:00,329.5,3.14,,,,,
7966,3/25/23 20:30,326.4,2.87,,,,,
7967,3/25/23 21:00,323.7,2.7,,,,,
7968,3/25/23 21:30,323.6,2.76,,,,,
7969,3/25/23 22:00,325.2,2.83,,,,,
7970,3/25/23 22:30,323.6,2.76,,,,,
7971,3/25/23 23:00,323.6,2.79,,,,,
7972,3/25/23 23:30,326.8,2.98,,,,,
7973,3/26/23 0:00,326,2.96,,,,,
7974,3/26/23 0:30,325.6,2.98,,,,,
7975,3/26/23 1:00,322.8,2.87,,,,,
7976,3/26/23 1:30,320,2.75,,,,,
7977,3/26/23 2:00,326,2.91,,,,,
7978,3/26/23 2:30,331.5,3.27,,,,,
7979,3/26/23 3:00,335,3.53,,,,,
7980,3/26/23 3:30,335,3.56,,,,,
7981,3/26/23 4:00,330.7,3.32,,,,,
7982,3/26/23 4:30,331.5,3.31,,,,,
7983,3/26/23 5:00,329.9,3.19,,,,,
7984,3/26/23 5:30,328.3,3.11,,,,,
7985,3/26/23 6:00,327.2,2.95,,,,,
7986,3/26/23 6:30,328,3,,,,,
7987,3/26/23 7:00,329.1,3.15,,,,,
7988,3/26/23 7:30,329.5,3.2,,,,,
7989,3/26/23 8:00,329.1,3.18,,,,,
7990,3/26/23 8:30,329.1,3.16,,,,,
7991,3/26/23 9:00,329.1,3.15,,,,,
7992,3/26/23 9:30,329.5,3.2,,,,,
7993,3/26/23 10:00,330.3,3.24,,,,,
7994,3/26/23 10:30,331.5,3.28,,,,,
7995,3/26/23 11:00,331.9,3.23,,,,,
7996,3/26/23 11:30,348.5,3.15,,,,,
7997,3/26/23 12:00,326.7,3.09,,,,,
7998,3/26/23 12:30,326.8,3,,,,,
7999,3/26/23 13:00,327.2,2.92,,,,,
8000,3/26/23 13:30,327.6,3,,,,,
8001,3/26/23 14:00,328.4,3.01,,,,,
8002,3/26/23 14:30,328.4,3.06,,,,,
8003,3/26/23 15:00,326.8,3,,,,,
8004,3/26/23 15:30,327.2,3.01,,,,,
8005,3/26/23 16:00,326.8,3.01,,,,,
8006,3/26/23 16:30,327.2,2.96,,,,,
8007,3/26/23 17:00,329.6,2.91,,,,,
8008,3/26/23 17:30,328.4,2.88,,,,,
8009,3/26/23 18:00,327.2,2.89,,,,,
8010,3/26/23 18:30,327.2,2.88,,,,,
8011,3/26/23 19:00,327.2,2.88,,,,,
8012,3/26/23 19:30,326.8,2.88,,,,,
8013,3/26/23 20:00,326.8,2.87,,,,,
8014,3/26/23 20:30,326.8,2.88,,,,,
8015,3/26/23 21:00,326.4,2.88,,,,,
8016,3/26/23 21:30,326.4,2.87,,,,,
8017,3/26/23 22:00,326.4,2.89,,,,,
8018,3/26/23 22:30,326.4,2.91,,,,,
8019,3/26/23 23:00,326,2.92,,,,,
8020,3/26/23 23:30,326.4,2.93,,,,,
8021,3/27/23 0:00,326,2.89,,,,,
8022,3/27/23 0:30,325.6,2.89,,,,,
8023,3/27/23 1:00,326,2.87,,,,,
8024,3/27/23 1:30,326,2.87,,,,,
8025,3/27/23 2:00,326.8,2.86,,,,,
8026,3/27/23 2:30,326.4,2.86,,,,,
8027,3/27/23 3:00,326.8,2.86,,,,,
8028,3/27/23 3:30,326.8,2.87,,,,,
8029,3/27/23 4:00,327.2,2.92,,,,,
8030,3/27/23 4:30,326.4,2.95,,,,,
8031,3/27/23 5:00,327.2,2.97,,,,,
8032,3/27/23 5:30,327.2,2.97,,,,,
8033,3/27/23 6:00,326.8,2.95,,,,,
8034,3/27/23 6:30,326.4,2.87,,,,,
8035,3/27/23 7:00,326.8,2.87,,,,,
8036,3/27/23 7:30,326.8,2.91,,,,,
8037,3/27/23 8:00,327.2,2.96,,,,,
8038,3/27/23 8:30,327.2,2.96,,,,,
8039,3/27/23 9:00,327.2,2.95,,,,,
8040,3/27/23 9:30,326.8,2.96,,,,,
8041,3/27/23 10:00,326.8,2.95,,,,,
8042,3/27/23 10:30,326.8,3,,,,,
8043,3/27/23 11:00,326.4,2.83,,,,,
8044,3/27/23 11:30,326,2.88,,,,,
8045,3/27/23 12:00,326.4,2.92,,,,,
8046,3/27/23 12:30,325.6,2.89,,,,,
8047,3/27/23 13:00,326,2.87,,,,,
8048,3/27/23 13:30,326.4,2.88,,,,,
8049,3/27/23 14:00,327.2,2.88,,,,,
8050,3/27/23 14:30,327.6,2.86,,,,,
8051,3/27/23 15:00,328,2.88,,,,,
8052,3/27/23 15:30,328.4,2.91,,,,,
8053,3/27/23 16:00,328.8,2.91,,,,,
8054,3/27/23 16:30,328.4,2.93,,,,,
8055,3/27/23 17:00,328.4,2.93,,,,,
8056,3/27/23 17:30,328.8,2.95,,,,,
8057,3/27/23 18:00,328.8,2.98,,,,,
8058,3/27/23 18:30,329.2,2.98,,,,,
8059,3/27/23 19:00,329.2,3,,,,,
8060,3/27/23 19:30,329.2,2.98,,,,,
8061,3/27/23 20:00,329.6,3.01,,,,,
8062,3/27/23 20:30,329.2,3.02,,,,,
8063,3/27/23 21:00,329.6,3.04,,,,,
8064,3/27/23 21:30,329.2,3.05,,,,,
8065,3/27/23 22:00,329.2,3.05,,,,,
8066,3/27/23 22:30,329.2,3.04,,,,,
8067,3/27/23 23:00,328.8,3.05,,,,,
8068,3/27/23 23:30,328.8,3.05,,,,,
8069,3/28/23 0:00,328.8,3.07,,,,,
8070,3/28/23 0:30,328.8,3.09,,,,,
8071,3/28/23 1:00,329.2,3.09,,,,,
8072,3/28/23 1:30,328.8,3.09,,,,,
8073,3/28/23 2:00,328.7,3.11,,,,,
8074,3/28/23 2:30,328.7,3.11,,,,,
8075,3/28/23 3:00,328.7,3.13,,,,,
8076,3/28/23 3:30,329.1,3.16,,,,,
8077,3/28/23 4:00,328.7,3.19,,,,,
8078,3/28/23 4:30,328.7,3.18,,,,,
8079,3/28/23 5:00,328.3,3.16,,,,,
8080,3/28/23 5:30,329.1,3.16,,,,,
8081,3/28/23 6:00,329.1,3.14,,,,,
8082,3/28/23 6:30,329.1,3.11,,,,,
8083,3/28/23 7:00,328.8,3.1,,,,,
8084,3/28/23 7:30,328.4,3.09,,,,,
8085,3/28/23 8:00,328,3.05,,,,,
8086,3/28/23 8:30,328.4,3.07,,,,,
8087,3/28/23 9:00,327.2,3.04,,,,,
8088,3/28/23 9:30,327.2,3.01,,,,,
8089,3/28/23 10:00,326.8,3,,,,,
8090,3/28/23 10:30,326.4,2.98,,,,,
8091,3/28/23 11:00,326,2.98,,,,,
8092,3/28/23 11:30,325.6,2.98,,,,,
8093,3/28/23 12:00,324.8,3.01,,,,,
8094,3/28/23 12:30,324.7,3.06,,,,,
8095,3/28/23 13:00,325.1,3.06,,,,,
8096,3/28/23 13:30,323.9,3.09,,,,,
8097,3/28/23 14:00,324.3,3.13,,,,,
8098,3/28/23 14:30,325.1,3.14,,,,,
8099,3/28/23 15:00,325.1,3.13,,,,,
8100,3/28/23 15:30,326.3,3.14,,,,,
8101,3/28/23 16:00,325.9,3.18,,,,,
8102,3/28/23 16:30,326.7,3.19,,,,,
8103,3/28/23 17:00,327.1,3.2,,,,,
8104,3/28/23 17:30,327.5,3.27,,,,,
8105,3/28/23 18:00,329.4,3.55,,,,,
8106,3/28/23 18:30,329.8,3.64,,,,,
8107,3/28/23 19:00,332.7,4.43,,,,,
8108,3/28/23 19:30,341.2,4.39,,,,,
8109,3/28/23 20:00,336.8,4.18,,,,,
8110,3/28/23 20:30,336.8,4.21,,,,,
8111,3/28/23 21:00,333.7,3.91,,,,,
8112,3/28/23 21:30,332.3,3.42,,,,,
8113,3/28/23 22:00,331.5,3.24,,,,,
8114,3/28/23 22:30,329.9,3.33,,,,,
8115,3/28/23 23:00,327.8,3.58,,,,,
8116,3/28/23 23:30,327.7,3.68,,,,,
8117,3/29/23 0:00,331.8,3.6,,,,,
8118,3/29/23 0:30,325.4,3.47,,,,,
8119,3/29/23 1:00,328.2,3.41,,,,,
8120,3/29/23 1:30,328.7,3.37,,,,,
8121,3/29/23 2:00,328.7,3.38,,,,,
8122,3/29/23 2:30,327.5,3.32,,,,,
8123,3/29/23 3:00,327.5,3.33,,,,,
8124,3/29/23 3:30,327.1,3.31,,,,,
8125,3/29/23 4:00,327.1,3.29,,,,,
8126,3/29/23 4:30,325.9,3.23,,,,,
8127,3/29/23 5:00,326.8,3,,,,,
8128,3/29/23 5:30,327.2,2.95,,,,,
8129,3/29/23 6:00,328.4,2.87,,,,,
8130,3/29/23 6:30,328.4,2.83,,,,,
8131,3/29/23 7:00,328.1,2.79,,,,,
8132,3/29/23 7:30,328.8,2.83,,,,,
8133,3/29/23 8:00,328.8,2.87,,,,,
8134,3/29/23 8:30,328.4,2.87,,,,,
8135,3/29/23 9:00,327.6,2.87,,,,,
8136,3/29/23 9:30,327.2,2.88,,,,,
8137,3/29/23 10:00,327.2,2.91,,,,,
8138,3/29/23 10:30,327.2,2.95,,,,,
8139,3/29/23 11:00,327.2,3.01,,,,,
8140,3/29/23 11:30,327.6,3.02,,,,,
8141,3/29/23 12:00,328.4,3.07,,,,,
8142,3/29/23 12:30,329.1,3.22,,,,,
8143,3/29/23 13:00,329.1,3.33,,,,,
8144,3/29/23 13:30,329,3.41,,,,,
8145,3/29/23 14:00,330.7,3.29,,,,,
8146,3/29/23 14:30,331.9,3.33,,,,,
8147,3/29/23 15:00,331.9,3.42,,,,,
8148,3/29/23 15:30,332.2,3.54,,,,,
8149,3/29/23 16:00,332.6,3.6,,,,,
8150,3/29/23 16:30,333,3.64,,,,,
8151,3/29/23 17:00,333.4,3.69,,,,,
8152,3/29/23 17:30,334.2,3.73,,,,,
8153,3/29/23 18:00,334.2,3.72,,,,,
8154,3/29/23 18:30,336.6,3.71,,,,,
8155,3/29/23 19:00,334.2,3.67,,,,,
8156,3/29/23 19:30,333.8,3.63,,,,,
8157,3/29/23 20:00,333.4,3.58,,,,,
8158,3/29/23 20:30,333.4,3.56,,,,,
8159,3/29/23 21:00,333,3.55,,,,,
8160,3/29/23 21:30,332.6,3.51,,,,,
8161,3/29/23 22:00,332.6,3.51,,,,,
8162,3/29/23 22:30,332.6,3.5,,,,,
8163,3/29/23 23:00,332.6,3.47,,,,,
8164,3/29/23 23:30,332.6,3.49,,,,,
8165,3/30/23 0:00,332.6,3.46,,,,,
8166,3/30/23 0:30,332.6,3.46,,,,,
8167,3/30/23 1:00,331.9,3.44,,,,,
8168,3/30/23 1:30,333.1,3.4,,,,,
8169,3/30/23 2:00,332.3,3.4,,,,,
8170,3/30/23 2:30,332.7,3.41,,,,,
8171,3/30/23 3:00,332.7,3.4,,,,,
8172,3/30/23 3:30,332.7,3.44,,,,,
8173,3/30/23 4:00,332.6,3.49,,,,,
8174,3/30/23 4:30,335,3.68,,,,,
8175,3/30/23 5:00,335.8,3.75,,,,,
8176,3/30/23 5:30,336.6,3.81,,,,,
8177,3/30/23 6:00,337.4,3.82,,,,,
8178,3/30/23 6:30,336.9,3.85,,,,,
8179,3/30/23 7:00,335.7,3.86,,,,,
8180,3/30/23 7:30,334.9,3.86,,,,,
8181,3/30/23 8:00,334.1,3.84,,,,,
8182,3/30/23 8:30,333.7,3.82,,,,,
8183,3/30/23 9:00,333.7,3.77,,,,,
8184,3/30/23 9:30,332.6,3.51,,,,,
8185,3/30/23 10:00,332.3,3.42,,,,,
8186,3/30/23 10:30,331.5,3.35,,,,,
8187,3/30/23 11:00,330.7,3.32,,,,,
8188,3/30/23 11:30,330.7,3.33,,,,,
8189,3/30/23 12:00,330.7,3.31,,,,,
8190,3/30/23 12:30,330.3,3.18,,,,,
8191,3/30/23 13:00,331.9,3.2,,,,,
8192,3/30/23 13:30,332.7,3.19,,,,,
8193,3/30/23 14:00,332.8,3.16,,,,,
8194,3/30/23 14:30,332.8,3.14,,,,,
8195,3/30/23 15:00,332.8,3.15,,,,,
8196,3/30/23 15:30,332.3,3.22,,,,,
8197,3/30/23 16:00,332.7,3.26,,,,,
8198,3/30/23 16:30,332.7,3.26,,,,,
8199,3/30/23 17:00,332.7,3.27,,,,,
8200,3/30/23 17:30,332.7,3.29,,,,,
8201,3/30/23 18:00,332.7,3.31,,,,,
8202,3/30/23 18:30,333.1,3.29,,,,,
8203,3/30/23 19:00,333.1,3.31,,,,,
8204,3/30/23 19:30,333.1,3.27,,,,,
8205,3/30/23 20:00,333.5,3.27,,,,,
8206,3/30/23 20:30,333.1,3.27,,,,,
8207,3/30/23 21:00,333.1,3.28,,,,,
8208,3/30/23 21:30,333.5,3.28,,,,,
8209,3/30/23 22:00,332.7,3.26,,,,,
8210,3/30/23 22:30,332.7,3.2,,,,,
8211,3/30/23 23:00,332.7,3.19,,,,,
8212,3/30/23 23:30,332.8,3.16,,,,,
8213,3/31/23 0:00,332.8,3.13,,,,,
8214,3/31/23 0:30,332.8,3.06,,,,,
8215,3/31/23 1:00,332.8,3.05,,,,,
8216,3/31/23 1:30,332.4,3.05,,,,,
8217,3/31/23 2:00,332.8,3.07,,,,,
8218,3/31/23 2:30,332.8,3.07,,,,,
8219,3/31/23 3:00,332.8,3.07,,,,,
8220,3/31/23 3:30,332.8,3.09,,,,,
8221,3/31/23 4:00,332.8,3.09,,,,,
8222,3/31/23 4:30,332.8,3.09,,,,,
8223,3/31/23 5:00,332.8,3.09,,,,,
8224,3/31/23 5:30,332.8,3.11,,,,,
8225,3/31/23 6:00,332.8,3.11,,,,,
8226,3/31/23 6:30,332.8,3.13,,,,,
8227,3/31/23 7:00,332.8,3.09,,,,,
8228,3/31/23 7:30,332.8,3.1,,,,,
8229,3/31/23 8:00,332.8,3.05,,,,,
8230,3/31/23 8:30,332.8,3.05,,,,,
8231,3/31/23 9:00,332.8,3.05,,,,,
8232,3/31/23 9:30,332.8,3.02,,,,,
8233,3/31/23 10:00,332.8,3.04,,,,,
8234,3/31/23 10:30,332.8,3.04,,,,,
8235,3/31/23 11:00,332.8,3.04,,,,,
8236,3/31/23 11:30,332.8,3.06,,,,,
8237,3/31/23 12:00,332.8,3.07,,,,,
8238,3/31/23 12:30,332.8,3.07,,,,,
8239,3/31/23 13:00,332.8,3.11,,,,,
8240,3/31/23 13:30,332,3.1,,,,,
8241,3/31/23 14:00,332.4,3.1,,,,,
8242,3/31/23 14:30,332.8,3.14,,,,,
8243,3/31/23 15:00,333.6,3.11,,,,,
8244,3/31/23 15:30,332.7,3.18,,,,,
8245,3/31/23 16:00,333.6,3.18,,,,,
8246,3/31/23 16:30,333.6,3.16,,,,,
8247,3/31/23 17:00,333.5,3.2,,,,,
8248,3/31/23 17:30,333.9,3.2,,,,,
8249,3/31/23 18:00,333.5,3.19,,,,,
8250,3/31/23 18:30,333.5,3.2,,,,,
8251,3/31/23 19:00,333.6,3.18,,,,,
8252,3/31/23 19:30,333.6,3.18,,,,,
8253,3/31/23 20:00,333.6,3.18,,,,,
8254,3/31/23 20:30,333.1,3.19,,,,,
8255,3/31/23 21:00,333.6,3.18,,,,,
8256,3/31/23 21:30,334,3.16,,,,,
8257,3/31/23 22:00,333.6,3.18,,,,,
8258,3/31/23 22:30,333.6,3.18,,,,,
8259,3/31/23 23:00,333.5,3.19,,,,,
8260,3/31/23 23:30,333.9,3.22,,,,,
8261,4/1/23 0:00,329.6,3.02,,,,,
8262,4/1/23 0:30,323.6,2.86,,,,,
8263,4/1/23 1:00,326.4,2.97,,,,,
8264,4/1/23 1:30,320.4,2.69,,,,,
8265,4/1/23 2:00,323.2,2.84,,,,,
8266,4/1/23 2:30,320.8,2.71,,,,,
8267,4/1/23 3:00,311.2,2.55,,,,,
8268,4/1/23 3:30,314,2.75,,,,,
8269,4/1/23 4:00,316.4,2.78,,,,,
8270,4/1/23 4:30,321.2,2.82,,,,,
8271,4/1/23 5:00,320.4,2.88,,,,,
8272,4/1/23 5:30,325.2,2.79,,,,,
8273,4/1/23 6:00,324.4,2.84,,,,,
8274,4/1/23 6:30,325.2,2.91,,,,,
8275,4/1/23 7:00,327.2,2.97,,,,,
8276,4/1/23 7:30,328.4,2.98,,,,,
8277,4/1/23 8:00,328.8,2.93,,,,,
8278,4/1/23 8:30,328.8,2.86,,,,,
8279,4/1/23 9:00,325.3,2.6,,,,,
8280,4/1/23 9:30,325.3,2.69,,,,,
8281,4/1/23 10:00,325.3,2.73,,,,,
8282,4/1/23 10:30,319.6,2.69,,,,,
8283,4/1/23 11:00,322,2.84,,,,,
8284,4/1/23 11:30,325.2,2.92,,,,,
8285,4/1/23 12:00,326.4,2.95,,,,,
8286,4/1/23 12:30,328.4,3,,,,,
8287,4/1/23 13:00,328.8,2.98,,,,,
8288,4/1/23 13:30,328.8,2.96,,,,,
8289,4/1/23 14:00,329.2,2.95,,,,,
8290,4/1/23 14:30,329.2,2.97,,,,,
8291,4/1/23 15:00,329.2,2.98,,,,,
8292,4/1/23 15:30,329.2,3.02,,,,,
8293,4/1/23 16:00,329.2,3.06,,,,,
8294,4/1/23 16:30,329.2,3.05,,,,,
8295,4/1/23 17:00,329.6,3.07,,,,,
8296,4/1/23 17:30,330,3.09,,,,,
8297,4/1/23 18:00,329.6,3.07,,,,,
8298,4/1/23 18:30,330,3.1,,,,,
8299,4/1/23 19:00,330.4,3.11,,,,,
8300,4/1/23 19:30,330.8,3.11,,,,,
8301,4/1/23 20:00,330,3.1,,,,,
8302,4/1/23 20:30,330.4,3.09,,,,,
8303,4/1/23 21:00,330.8,3.09,,,,,
8304,4/1/23 21:30,330.8,3.1,,,,,
8305,4/1/23 22:00,331.2,3.11,,,,,
8306,4/1/23 22:30,331.2,3.1,,,,,
8307,4/1/23 23:00,331.6,3.1,,,,,
8308,4/1/23 23:30,331.2,3.11,,,,,
8309,4/2/23 0:00,330.8,3.06,,,,,
8310,4/2/23 0:30,330.8,3.04,,,,,
8311,4/2/23 1:00,330,3,,,,,
8312,4/2/23 1:30,330,2.98,,,,,
8313,4/2/23 2:00,330,2.98,,,,,
8314,4/2/23 2:30,329.6,3,,,,,
8315,4/2/23 3:00,329.6,3,,,,,
8316,4/2/23 3:30,329.2,2.93,,,,,
8317,4/2/23 4:00,322.8,2.83,,,,,
8318,4/2/23 4:30,322.8,2.79,,,,,
8319,4/2/23 5:00,322.4,2.79,,,,,
8320,4/2/23 5:30,321.6,2.75,,,,,
8321,4/2/23 6:00,321.6,2.73,,,,,
8322,4/2/23 6:30,321.6,2.73,,,,,
8323,4/2/23 7:00,321.6,2.7,,,,,
8324,4/2/23 7:30,322,2.73,,,,,
8325,4/2/23 8:00,322.4,2.75,,,,,
8326,4/2/23 8:30,322.8,2.79,,,,,
8327,4/2/23 9:00,323.6,2.89,,,,,
8328,4/2/23 9:30,324,2.93,,,,,
8329,4/2/23 10:00,324,3.01,,,,,
8330,4/2/23 10:30,325.1,3.06,,,,,
8331,4/2/23 11:00,326.3,3.11,,,,,
8332,4/2/23 11:30,325.5,3.1,,,,,
8333,4/2/23 12:00,324,2.98,,,,,
8334,4/2/23 12:30,320.8,2.79,,,,,
8335,4/2/23 13:00,318.4,2.65,,,,,
8336,4/2/23 13:30,318.1,2.6,,,,,
8337,4/2/23 14:00,319.6,2.66,,,,,
8338,4/2/23 14:30,318.5,2.56,,,,,
8339,4/2/23 15:00,315.7,2.47,,,,,
8340,4/2/23 15:30,312.1,2.22,,,,,
8341,4/2/23 16:00,310.2,2.11,,,,,
8342,4/2/23 16:30,309.8,2.12,,,,,
8343,4/2/23 17:00,308.2,2.02,,,,,
8344,4/2/23 17:30,306.6,1.91,,,,,
8345,4/2/23 18:00,304.2,1.75,,,,,
8346,4/2/23 18:30,303.5,1.68,,,,,
8347,4/2/23 19:00,302.3,1.58,,,,,
8348,4/2/23 19:30,300.7,1.51,,,,,
8349,4/2/23 20:00,301.5,1.55,,,,,
8350,4/2/23 20:30,301.1,1.54,,,,,
8351,4/2/23 21:00,300.7,1.54,,,,,
8352,4/2/23 21:30,298.7,1.37,,,,,
8353,4/2/23 22:00,299.1,1.41,,,,,
8354,4/2/23 22:30,297.9,1.49,,,,,
8355,4/2/23 23:00,295.9,1.45,,,,,
8356,4/2/23 23:30,294.3,1.49,,,,,
8357,4/3/23 0:00,293.1,1.42,,,,,
8358,4/3/23 0:30,293.9,1.51,,,,,
8359,4/3/23 1:00,297.5,1.6,,,,,
8360,4/3/23 1:30,299.5,1.63,,,,,
8361,4/3/23 2:00,299.5,1.6,,,,,
8362,4/3/23 2:30,299.9,1.6,,,,,
8363,4/3/23 3:00,301.5,1.64,,,,,
8364,4/3/23 3:30,302.6,1.78,,,,,
8365,4/3/23 4:00,303,1.8,,,,,
8366,4/3/23 4:30,304.2,1.89,,,,,
8367,4/3/23 5:00,303.8,1.87,,,,,
8368,4/3/23 5:30,305,1.91,,,,,
8369,4/3/23 6:00,305,1.94,,,,,
8370,4/3/23 6:30,306.2,1.96,,,,,
8371,4/3/23 7:00,309.4,2.09,,,,,
8372,4/3/23 7:30,313.3,2.29,,,,,
8373,4/3/23 8:00,314.1,2.33,,,,,
8374,4/3/23 8:30,311.8,2.18,,,,,
8375,4/3/23 9:00,311.4,2.18,,,,,
8376,4/3/23 9:30,309.8,2.11,,,,,
8377,4/3/23 10:00,310.5,2.2,,,,,
8378,4/3/23 10:30,308.2,2.03,,,,,
8379,4/3/23 11:00,306.2,1.99,,,,,
8380,4/3/23 11:30,306.2,1.98,,,,,
8381,4/3/23 12:00,303.4,1.89,,,,,
8382,4/3/23 12:30,303.4,1.85,,,,,
8383,4/3/23 13:00,304.2,1.89,,,,,
8384,4/3/23 13:30,303.4,1.91,,,,,
8385,4/3/23 14:00,304.6,1.94,,,,,
8386,4/3/23 14:30,305.4,1.98,,,,,
8387,4/3/23 15:00,305.4,1.99,,,,,
8388,4/3/23 15:30,306.2,2.03,,,,,
8389,4/3/23 16:00,306.2,2.08,,,,,
8390,4/3/23 16:30,307.4,2.09,,,,,
8391,4/3/23 17:00,307.7,2.13,,,,,
8392,4/3/23 17:30,308.5,2.17,,,,,
8393,4/3/23 18:00,309.7,2.21,,,,,
8394,4/3/23 18:30,311.3,2.25,,,,,
8395,4/3/23 19:00,313.3,2.29,,,,,
8396,4/3/23 19:30,313.7,2.34,,,,,
8397,4/3/23 20:00,314.5,2.42,,,,,
8398,4/3/23 20:30,314.9,2.44,,,,,
8399,4/3/23 21:00,315.3,2.49,,,,,
8400,4/3/23 21:30,315.7,2.51,,,,,
8401,4/3/23 22:00,316.9,2.53,,,,,
8402,4/3/23 22:30,316.5,2.53,,,,,
8403,4/3/23 23:00,317.3,2.57,,,,,
8404,4/3/23 23:30,318.1,2.61,,,,,
8405,4/4/23 0:00,318.4,2.64,,,,,
8406,4/4/23 0:30,318.4,2.64,,,,,
8407,4/4/23 1:00,318.4,2.65,,,,,
8408,4/4/23 1:30,318.1,2.6,,,,,
8409,4/4/23 2:00,314.1,2.44,,,,,
8410,4/4/23 2:30,314.9,2.47,,,,,
8411,4/4/23 3:00,314.5,2.4,,,,,
8412,4/4/23 3:30,314.1,2.43,,,,,
8413,4/4/23 4:00,318.1,2.58,,,,,
8414,4/4/23 4:30,319.2,2.7,,,,,
8415,4/4/23 5:00,317.7,2.56,,,,,
8416,4/4/23 5:30,315.7,2.51,,,,,
8417,4/4/23 6:00,312.5,2.35,,,,,
8418,4/4/23 6:30,312.5,2.36,,,,,
8419,4/4/23 7:00,310.1,2.29,,,,,
8420,4/4/23 7:30,309.7,2.26,,,,,
8421,4/4/23 8:00,309.3,2.25,,,,,
8422,4/4/23 8:30,308.9,2.24,,,,,
8423,4/4/23 9:00,308.9,2.22,,,,,
8424,4/4/23 9:30,309.7,2.26,,,,,
8425,4/4/23 10:00,310.5,2.3,,,,,
8426,4/4/23 10:30,310.9,2.33,,,,,
8427,4/4/23 11:00,310.1,2.26,,,,,
8428,4/4/23 11:30,311.3,2.31,,,,,
8429,4/4/23 12:00,312.5,2.39,,,,,
8430,4/4/23 12:30,312.5,2.43,,,,,
8431,4/4/23 13:00,313.3,2.43,,,,,
8432,4/4/23 13:30,313.7,2.46,,,,,
8433,4/4/23 14:00,314.1,2.39,,,,,
8434,4/4/23 14:30,315.3,2.49,,,,,
8435,4/4/23 15:00,314.9,2.46,,,,,
8436,4/4/23 15:30,314.1,2.39,,,,,
8437,4/4/23 16:00,314.9,2.43,,,,,
8438,4/4/23 16:30,315.3,2.43,,,,,
8439,4/4/23 17:00,317.3,2.57,,,,,
8440,4/4/23 17:30,316.8,2.65,,,,,
8441,4/4/23 18:00,316,2.75,,,,,
8442,4/4/23 18:30,316.4,2.6,,,,,
8443,4/4/23 19:00,316.8,2.62,,,,,
8444,4/4/23 19:30,316.7,3,,,,,
8445,4/4/23 20:00,317.5,3.02,,,,,
8446,4/4/23 20:30,317.9,3.15,,,,,
8447,4/4/23 21:00,318.7,3.16,,,,,
8448,4/4/23 21:30,319.5,3.23,,,,,
8449,4/4/23 22:00,319.4,3.28,,,,,
8450,4/4/23 22:30,319.8,3.28,,,,,
8451,4/4/23 23:00,320.2,3.28,,,,,
8452,4/4/23 23:30,320.6,3.28,,,,,
8453,4/5/23 0:00,320.6,3.29,,,,,
8454,4/5/23 0:30,320.6,3.31,,,,,
8455,4/5/23 1:00,320.6,3.35,,,,,
8456,4/5/23 1:30,321.4,3.37,,,,,
8457,4/5/23 2:00,321,3.4,,,,,
8458,4/5/23 2:30,321.4,3.41,,,,,
8459,4/5/23 3:00,321.4,3.46,,,,,
8460,4/5/23 3:30,321.4,3.44,,,,,
8461,4/5/23 4:00,321.4,3.41,,,,,
8462,4/5/23 4:30,321.4,3.4,,,,,
8463,4/5/23 5:00,321.8,3.32,,,,,
8464,4/5/23 5:30,321.9,3.26,,,,,
8465,4/5/23 6:00,323.1,3.24,,,,,
8466,4/5/23 6:30,321.5,3.23,,,,,
8467,4/5/23 7:00,321.5,3.23,,,,,
8468,4/5/23 7:30,323.1,3.24,,,,,
8469,4/5/23 8:00,321.9,3.24,,,,,
8470,4/5/23 8:30,321.5,3.26,,,,,
8471,4/5/23 9:00,321.5,3.26,,,,,
8472,4/5/23 9:30,322.3,3.28,,,,,
8473,4/5/23 10:00,322.3,3.28,,,,,
8474,4/5/23 10:30,322.2,3.33,,,,,
8475,4/5/23 11:00,322.6,3.36,,,,,
8476,4/5/23 11:30,323,3.41,,,,,
8477,4/5/23 12:00,323,3.51,,,,,
8478,4/5/23 12:30,323.4,3.51,,,,,
8479,4/5/23 13:00,324.2,3.37,,,,,
8480,4/5/23 13:30,323.9,3.2,,,,,
8481,4/5/23 14:00,325.5,3.18,,,,,
8482,4/5/23 14:30,325.9,3.15,,,,,
8483,4/5/23 15:00,326.3,3.15,,,,,
8484,4/5/23 15:30,327.1,3.16,,,,,
8485,4/5/23 16:00,327.1,3.2,,,,,
8486,4/5/23 16:30,327.1,3.27,,,,,
8487,4/5/23 17:00,327.1,3.29,,,,,
8488,4/5/23 17:30,327.9,3.22,,,,,
8489,4/5/23 18:00,328.7,3.24,,,,,
8490,4/5/23 18:30,329.5,3.24,,,,,
8491,4/5/23 19:00,331.1,3.26,,,,,
8492,4/5/23 19:30,331.5,3.23,,,,,
8493,4/5/23 20:00,331.1,3.16,,,,,
8494,4/5/23 20:30,331.5,3.18,,,,,
8495,4/5/23 21:00,331.1,3.16,,,,,
8496,4/5/23 21:30,330.7,3.14,,,,,
8497,4/5/23 22:00,331.2,3.13,,,,,
8498,4/5/23 22:30,330.8,3.11,,,,,
8499,4/5/23 23:00,332.4,3.16,,,,,
8500,4/5/23 23:30,333.9,3.22,,,,,
8501,4/6/23 0:00,335.1,3.23,,,,,
8502,4/6/23 0:30,334.7,3.23,,,,,
8503,4/6/23 1:00,334.7,3.23,,,,,
8504,4/6/23 1:30,334.7,3.22,,,,,
8505,4/6/23 2:00,334,3.19,,,,,
8506,4/6/23 2:30,333.5,3.19,,,,,
8507,4/6/23 3:00,333.6,3.15,,,,,
8508,4/6/23 3:30,333.6,3.14,,,,,
8509,4/6/23 4:00,333.2,3.14,,,,,
8510,4/6/23 4:30,332.8,3.11,,,,,
8511,4/6/23 5:00,332.8,3.1,,,,,
8512,4/6/23 5:30,332.4,3.09,,,,,
8513,4/6/23 6:00,332.4,3.09,,,,,
8514,4/6/23 6:30,332.4,3.06,,,,,
8515,4/6/23 7:00,331.6,3.07,,,,,
8516,4/6/23 7:30,331.6,3.06,,,,,
8517,4/6/23 8:00,331.6,3.07,,,,,
8518,4/6/23 8:30,331.6,3.07,,,,,
8519,4/6/23 9:00,332.4,3.11,,,,,
8520,4/6/23 9:30,333.2,3.18,,,,,
8521,4/6/23 10:00,333.5,3.2,,,,,
8522,4/6/23 10:30,331.5,3.2,,,,,
8523,4/6/23 11:00,331.9,3.22,,,,,
8524,4/6/23 11:30,331.9,3.23,,,,,
8525,4/6/23 12:00,332.3,3.23,,,,,
8526,4/6/23 12:30,332.7,3.26,,,,,
8527,4/6/23 13:00,333.5,3.31,,,,,
8528,4/6/23 13:30,334.3,3.33,,,,,
8529,4/6/23 14:00,333.5,3.29,,,,,
8530,4/6/23 14:30,333.9,3.35,,,,,
8531,4/6/23 15:00,333.1,3.32,,,,,
8532,4/6/23 15:30,333.5,3.35,,,,,
8533,4/6/23 16:00,335.1,3.41,,,,,
8534,4/6/23 16:30,335.5,3.44,,,,,
8535,4/6/23 17:00,335.9,3.47,,,,,
8536,4/6/23 17:30,335.5,3.46,,,,,
8537,4/6/23 18:00,336.7,3.47,,,,,
8538,4/6/23 18:30,336.7,3.45,,,,,
8539,4/6/23 19:00,335.9,3.46,,,,,
8540,4/6/23 19:30,336.7,3.46,,,,,
8541,4/6/23 20:00,336.7,3.44,,,,,
8542,4/6/23 20:30,336.7,3.44,,,,,
8543,4/6/23 21:00,337.9,3.44,,,,,
8544,4/6/23 21:30,337.1,3.44,,,,,
8545,4/6/23 22:00,336.7,3.42,,,,,
8546,4/6/23 22:30,336.7,3.4,,,,,
8547,4/6/23 23:00,336.7,3.4,,,,,
8548,4/6/23 23:30,336.7,3.38,,,,,
8549,4/7/23 0:00,336.7,3.38,,,,,
8550,4/7/23 0:30,336.3,3.37,,,,,
8551,4/7/23 1:00,336.3,3.38,,,,,
8552,4/7/23 1:30,336.3,3.36,,,,,
8553,4/7/23 2:00,335.9,3.33,,,,,
8554,4/7/23 2:30,335.9,3.33,,,,,
8555,4/7/23 3:00,335.9,3.33,,,,,
8556,4/7/23 3:30,336.3,3.35,,,,,
8557,4/7/23 4:00,335.5,3.31,,,,,
8558,4/7/23 4:30,335.5,3.28,,,,,
8559,4/7/23 5:00,335.5,3.24,,,,,
8560,4/7/23 5:30,335.1,3.22,,,,,
8561,4/7/23 6:00,334.4,3.16,,,,,
8562,4/7/23 6:30,334.4,3.16,,,,,
8563,4/7/23 7:00,334.4,3.18,,,,,
8564,4/7/23 7:30,334,3.15,,,,,
8565,4/7/23 8:00,334,3.15,,,,,
8566,4/7/23 8:30,333.6,3.14,,,,,
8567,4/7/23 9:00,334.4,3.15,,,,,
8568,4/7/23 9:30,334.4,3.19,,,,,
8569,4/7/23 10:00,333.5,3.19,,,,,
8570,4/7/23 10:30,334.7,3.27,,,,,
8571,4/7/23 11:00,334.3,3.29,,,,,
8572,4/7/23 11:30,335.5,3.41,,,,,
8573,4/7/23 12:00,335.9,3.47,,,,,
8574,4/7/23 12:30,337.1,3.46,,,,,
8575,4/7/23 13:00,337,3.62,,,,,
8576,4/7/23 13:30,336.6,3.55,,,,,
8577,4/7/23 14:00,337,3.58,,,,,
8578,4/7/23 14:30,339,3.78,,,,,
8579,4/7/23 15:00,339,3.8,,,,,
8580,4/7/23 15:30,339.8,3.84,,,,,
8581,4/7/23 16:00,339.7,3.87,,,,,
8582,4/7/23 16:30,339.7,3.89,,,,,
8583,4/7/23 17:00,340.1,3.91,,,,,
8584,4/7/23 17:30,340.9,3.95,,,,,
8585,4/7/23 18:00,340.9,3.98,,,,,
8586,4/7/23 18:30,341.3,3.98,,,,,
8587,4/7/23 19:00,341.3,3.99,,,,,
8588,4/7/23 19:30,340.9,3.99,,,,,
8589,4/7/23 20:00,340.5,3.93,,,,,
8590,4/7/23 20:30,339,3.84,,,,,
8591,4/7/23 21:00,337.4,3.73,,,,,
8592,4/7/23 21:30,336.2,3.66,,,,,
8593,4/7/23 22:00,335.8,3.63,,,,,
8594,4/7/23 22:30,335.8,3.6,,,,,
8595,4/7/23 23:00,335.8,3.59,,,,,
8596,4/7/23 23:30,335.4,3.58,,,,,
8597,4/8/23 0:00,335.4,3.6,,,,,
8598,4/8/23 0:30,335.8,3.75,,,,,
8599,4/8/23 1:00,336.9,4.07,,,,,
8600,4/8/23 1:30,337.7,4.06,,,,,
8601,4/8/23 2:00,337.3,4.11,,,,,
8602,4/8/23 2:30,336.8,4.12,,,,,
8603,4/8/23 3:00,336.8,4.12,,,,,
8604,4/8/23 3:30,335.7,4.04,,,,,
8605,4/8/23 4:00,335.3,4.03,,,,,
8606,4/8/23 4:30,335.3,3.98,,,,,
8607,4/8/23 5:00,334.9,3.96,,,,,
8608,4/8/23 5:30,334.5,3.91,,,,,
8609,4/8/23 6:00,334.5,3.89,,,,,
8610,4/8/23 6:30,334.5,3.85,,,,,
8611,4/8/23 7:00,334.9,3.82,,,,,
8612,4/8/23 7:30,334.9,3.8,,,,,
8613,4/8/23 8:00,334.6,3.77,,,,,
8614,4/8/23 8:30,334.6,3.75,,,,,
8615,4/8/23 9:00,335,3.76,,,,,
8616,4/8/23 9:30,335,3.76,,,,,
8617,4/8/23 10:00,335,3.77,,,,,
8618,4/8/23 10:30,335.4,3.78,,,,,
8619,4/8/23 11:00,335.4,3.78,,,,,
8620,4/8/23 11:30,335.4,3.78,,,,,
8621,4/8/23 12:00,335.3,3.82,,,,,
8622,4/8/23 12:30,335.3,3.81,,,,,
8623,4/8/23 13:00,335.3,3.87,,,,,
8624,4/8/23 13:30,335.7,3.89,,,,,
8625,4/8/23 14:00,336.5,3.94,,,,,
8626,4/8/23 14:30,336.5,3.91,,,,,
8627,4/8/23 15:00,336.5,3.93,,,,,
8628,4/8/23 15:30,336.1,3.93,,,,,
8629,4/8/23 16:00,336.1,3.9,,,,,
8630,4/8/23 16:30,336.1,3.9,,,,,
8631,4/8/23 17:00,336.1,3.99,,,,,
8632,4/8/23 17:30,336.9,3.98,,,,,
8633,4/8/23 18:00,340.7,4.47,,,,,
8634,4/8/23 18:30,340,4.4,,,,,
8635,4/8/23 19:00,340.4,4.44,,,,,
8636,4/8/23 19:30,341.1,4.51,,,,,
8637,4/8/23 20:00,341.9,4.53,,,,,
8638,4/8/23 20:30,341.9,4.55,,,,,
8639,4/8/23 21:00,341.1,4.52,,,,,
8640,4/8/23 21:30,342.3,4.53,,,,,
8641,4/8/23 22:00,342.3,4.52,,,,,
8642,4/8/23 22:30,342.3,4.53,,,,,
8643,4/8/23 23:00,342.3,4.52,,,,,
8644,4/8/23 23:30,341.9,4.55,,,,,
8645,4/9/23 0:00,341.5,4.53,,,,,
8646,4/9/23 0:30,341.1,4.56,,,,,
8647,4/9/23 1:00,341.1,4.57,,,,,
8648,4/9/23 1:30,341.1,4.6,,,,,
8649,4/9/23 2:00,341.1,4.6,,,,,
8650,4/9/23 2:30,341.1,4.6,,,,,
8651,4/9/23 3:00,341.1,4.61,,,,,
8652,4/9/23 3:30,339.9,4.57,,,,,
8653,4/9/23 4:00,339.5,4.53,,,,,
8654,4/9/23 4:30,339.5,4.47,,,,,
8655,4/9/23 5:00,339.6,4.33,,,,,
8656,4/9/23 5:30,339.2,4.17,,,,,
8657,4/9/23 6:00,338.5,4.06,,,,,
8658,4/9/23 6:30,338.5,4.08,,,,,
8659,4/9/23 7:00,337.7,4.08,,,,,
8660,4/9/23 7:30,336.9,3.9,,,,,
8661,4/9/23 8:00,337.4,3.81,,,,,
8662,4/9/23 8:30,337,3.77,,,,,
8663,4/9/23 9:00,337.4,3.77,,,,,
8664,4/9/23 9:30,337.8,3.82,,,,,
8665,4/9/23 10:00,338.9,3.91,,,,,
8666,4/9/23 10:30,338.9,3.91,,,,,
8667,4/9/23 11:00,338.9,3.95,,,,,
8668,4/9/23 11:30,339.7,4.06,,,,,
8669,4/9/23 12:00,340.1,4.15,,,,,
8670,4/9/23 12:30,340.5,4.09,,,,,
8671,4/9/23 13:00,341.2,4.25,,,,,
8672,4/9/23 13:30,342.4,4.34,,,,,
8673,4/9/23 14:00,343.2,4.43,,,,,
8674,4/9/23 14:30,344,4.49,,,,,
8675,4/9/23 15:00,344.7,4.69,,,,,
8676,4/9/23 15:30,346.2,4.93,,,,,
8677,4/9/23 16:00,349.6,5.66,,,,,
8678,4/9/23 16:30,352.3,6,,,,,
8679,4/9/23 17:00,353.4,6.09,,,,,
8680,4/9/23 17:30,354.2,6.07,,,,,
8681,4/9/23 18:00,355.4,6.24,,,,,
8682,4/9/23 18:30,357.3,6.56,,,,,
8683,4/9/23 19:00,358.4,6.71,,,,,
8684,4/9/23 19:30,358.8,6.71,,,,,
8685,4/9/23 20:00,358.1,6.48,,,,,
8686,4/9/23 20:30,359,6.31,,,,,
8687,4/9/23 21:00,358.2,6.17,,,,,
8688,4/9/23 21:30,359.4,6.22,,,,,
8689,4/9/23 22:00,358.2,6.17,,,,,
8690,4/9/23 22:30,356.7,6.02,,,,,
8691,4/9/23 23:00,354.8,5.75,,,,,
8692,4/9/23 23:30,353.5,5.78,,,,,
8693,4/10/23 0:00,351.6,5.53,,,,,
8694,4/10/23 0:30,351.2,5.49,,,,,
8695,4/10/23 1:00,350.9,5.4,,,,,
8696,4/10/23 1:30,352,5.56,,,,,
8697,4/10/23 2:00,354.7,5.8,,,,,
8698,4/10/23 2:30,357,6.07,,,,,
8699,4/10/23 3:00,356.7,6.03,,,,,
8700,4/10/23 3:30,357,6.08,,,,,
8701,4/10/23 4:00,357,6.07,,,,,
8702,4/10/23 4:30,357.5,6.04,,,,,
8703,4/10/23 5:00,357,6.08,,,,,
8704,4/10/23 5:30,357.4,6.15,,,,,
8705,4/10/23 6:00,358.2,6.25,,,,,
8706,4/10/23 6:30,360.5,6.44,,,,,
8707,4/10/23 7:00,360.5,6.49,,,,,
8708,4/10/23 7:30,359.3,6.4,,,,,
8709,4/10/23 8:00,353.6,5.73,,,,,
8710,4/10/23 8:30,350.9,5.36,,,,,
8711,4/10/23 9:00,348.5,5.14,,,,,
8712,4/10/23 9:30,347.4,5.01,,,,,
8713,4/10/23 10:00,347.4,4.98,,,,,
8714,4/10/23 10:30,347.4,4.96,,,,,
8715,4/10/23 11:00,345.9,4.73,,,,,
8716,4/10/23 11:30,345.1,4.7,,,,,
8717,4/10/23 12:00,344.3,4.58,,,,,
8718,4/10/23 12:30,344.3,4.56,,,,,
8719,4/10/23 13:00,344.3,4.6,,,,,
8720,4/10/23 13:30,343.9,4.57,,,,,
8721,4/10/23 14:00,343.9,4.56,,,,,
8722,4/10/23 14:30,344.3,4.62,,,,,
8723,4/10/23 15:00,345.1,4.76,,,,,
8724,4/10/23 15:30,350.1,5.23,,,,,
8725,4/10/23 16:00,349.7,5.4,,,,,
8726,4/10/23 16:30,365.3,6.7,,,,,
8727,4/10/23 17:00,363.2,6.76,,,,,
8728,4/10/23 17:30,365.2,6.92,,,,,
8729,4/10/23 18:00,369,7.36,,,,,
8730,4/10/23 18:30,363.2,6.8,,,,,
8731,4/10/23 19:00,358.6,6.17,,,,,
8732,4/10/23 19:30,357.5,6.06,,,,,
8733,4/10/23 20:00,354.7,5.77,,,,,
8734,4/10/23 20:30,352.4,5.55,,,,,
8735,4/10/23 21:00,351.3,5.36,,,,,
8736,4/10/23 21:30,353.7,5.45,,,,,
8737,4/10/23 22:00,354.1,5.36,,,,,
8738,4/10/23 22:30,351.7,5.24,,,,,
8739,4/10/23 23:00,351.3,5.19,,,,,
8740,4/10/23 23:30,351.7,5.28,,,,,
8741,4/11/23 0:00,351.7,5.27,,,,,
8742,4/11/23 0:30,352.1,5.33,,,,,
8743,4/11/23 1:00,353.7,5.46,,,,,
8744,4/11/23 1:30,353.7,5.44,,,,,
8745,4/11/23 2:00,354,5.49,,,,,
8746,4/11/23 2:30,354,5.49,,,,,
8747,4/11/23 3:00,355.2,5.58,,,,,
8748,4/11/23 3:30,355.9,5.86,,,,,
8749,4/11/23 4:00,359,6.26,,,,,
8750,4/11/23 4:30,360.6,6.27,,,,,
8751,4/11/23 5:00,359.8,6.12,,,,,
8752,4/11/23 5:30,359,6.16,,,,,
8753,4/11/23 6:00,359,6.24,,,,,
8754,4/11/23 6:30,356.3,5.91,,,,,
8755,4/11/23 7:00,357.1,5.93,,,,,
8756,4/11/23 7:30,357.1,5.93,,,,,
8757,4/11/23 8:00,356.7,5.87,,,,,
8758,4/11/23 8:30,357.1,5.89,,,,,
8759,4/11/23 9:00,357.9,5.89,,,,,
8760,4/11/23 9:30,357.9,5.81,,,,,
8761,4/11/23 10:00,358.8,5.8,,,,,
8762,4/11/23 10:30,359.1,5.84,,,,,
8763,4/11/23 11:00,358.8,5.8,,,,,
8764,4/11/23 11:30,354.9,5.42,,,,,
8765,4/11/23 12:00,354.9,5.45,,,,,
8766,4/11/23 12:30,352.9,5.35,,,,,
8767,4/11/23 13:00,353.3,5.41,,,,,
8768,4/11/23 13:30,353.7,5.44,,,,,
8769,4/11/23 14:00,354.1,5.47,,,,,
8770,4/11/23 14:30,355.6,5.64,,,,,
8771,4/11/23 15:00,356.4,5.69,,,,,
8772,4/11/23 15:30,356.8,5.68,,,,,
8773,4/11/23 16:00,356.8,5.62,,,,,
8774,4/11/23 16:30,355.6,5.54,,,,,
8775,4/11/23 17:00,355.3,5.49,,,,,
8776,4/11/23 17:30,354.9,5.44,,,,,
8777,4/11/23 18:00,353.7,5.36,,,,,
8778,4/11/23 18:30,352.9,5.27,,,,,
8779,4/11/23 19:00,352.2,5.18,,,,,
8780,4/11/23 19:30,351.4,5.13,,,,,
8781,4/11/23 20:00,351.4,5.09,,,,,
8782,4/11/23 20:30,350.6,5.02,,,,,
8783,4/11/23 21:00,350.6,4.98,,,,,
8784,4/11/23 21:30,350.2,4.96,,,,,
8785,4/11/23 22:00,349.8,4.97,,,,,
8786,4/11/23 22:30,349.8,4.96,,,,,
8787,4/11/23 23:00,349.8,4.95,,,,,
8788,4/11/23 23:30,349.4,4.88,,,,,
8789,4/12/23 0:00,349.4,4.88,,,,,
8790,4/12/23 0:30,349.4,4.89,,,,,
8791,4/12/23 1:00,350.2,4.93,,,,,
8792,4/12/23 1:30,350.6,4.93,,,,,
8793,4/12/23 2:00,352.2,4.98,,,,,
8794,4/12/23 2:30,351,5.01,,,,,
8795,4/12/23 3:00,351.8,5.09,,,,,
8796,4/12/23 3:30,358.8,5.71,,,,,
8797,4/12/23 4:00,360.3,5.87,,,,,
8798,4/12/23 4:30,361.9,6.04,,,,,
8799,4/12/23 5:00,354.5,5.33,,,,,
8800,4/12/23 5:30,353.3,5.29,,,,,
8801,4/12/23 6:00,354.5,5.41,,,,,
8802,4/12/23 6:30,354.1,5.38,,,,,
8803,4/12/23 7:00,361.2,5.84,,,,,
8804,4/12/23 7:30,363.9,6.15,,,,,
8805,4/12/23 8:00,363,6.21,,,,,
8806,4/12/23 8:30,365,6.4,,,,,
8807,4/12/23 9:00,365.4,6.43,,,,,
8808,4/12/23 9:30,366.9,6.62,,,,,
8809,4/12/23 10:00,368.8,6.83,,,,,
8810,4/12/23 10:30,370.7,7.06,,,,,
8811,4/12/23 11:00,373.1,7.26,,,,,
8812,4/12/23 11:30,374.2,7.42,,,,,
8813,4/12/23 12:00,371.1,7.06,,,,,
8814,4/12/23 12:30,375,7.35,,,,,
8815,4/12/23 13:00,358.4,5.8,,,,,
8816,4/12/23 13:30,355.6,5.55,,,,,
8817,4/12/23 14:00,357.2,5.73,,,,,
8818,4/12/23 14:30,358.3,5.89,,,,,
8819,4/12/23 15:00,359.1,5.93,,,,,
8820,4/12/23 15:30,358.7,5.87,,,,,
8821,4/12/23 16:00,358.7,5.87,,,,,
8822,4/12/23 16:30,359.1,5.89,,,,,
8823,4/12/23 17:00,358.3,5.89,,,,,
8824,4/12/23 17:30,357.9,5.82,,,,,
8825,4/12/23 18:00,358,5.78,,,,,
8826,4/12/23 18:30,357.6,5.76,,,,,
8827,4/12/23 19:00,356.8,5.71,,,,,
8828,4/12/23 19:30,356,5.63,,,,,
8829,4/12/23 20:00,356,5.59,,,,,
8830,4/12/23 20:30,355.6,5.58,,,,,
8831,4/12/23 21:00,355.2,5.5,,,,,
8832,4/12/23 21:30,355.3,5.46,,,,,
8833,4/12/23 22:00,354.9,5.41,,,,,
8834,4/12/23 22:30,354.9,5.45,,,,,
8835,4/12/23 23:00,355.3,5.47,,,,,
8836,4/12/23 23:30,355.6,5.51,,,,,
8837,4/13/23 0:00,356.8,5.59,,,,,
8838,4/13/23 0:30,358.4,5.66,,,,,
8839,4/13/23 1:00,359.6,5.81,,,,,
8840,4/13/23 1:30,359.9,5.89,,,,,
8841,4/13/23 2:00,361.9,6,,,,,
8842,4/13/23 2:30,366.6,6.4,,,,,
8843,4/13/23 3:00,365,6.33,,,,,
8844,4/13/23 3:30,379.4,7.44,,,,,
8845,4/13/23 4:00,381,7.44,,,,,
8846,4/13/23 4:30,377.4,7.4,,,,,
8847,4/13/23 5:00,376.3,7.15,,,,,
8848,4/13/23 5:30,370.5,6.64,,,,,
8849,4/13/23 6:00,365.4,6.2,,,,,
8850,4/13/23 6:30,366.3,6.15,,,,,
8851,4/13/23 7:00,364.3,6.16,,,,,
8852,4/13/23 7:30,366.2,6.34,,,,,
8853,4/13/23 8:00,366.2,6.34,,,,,
8854,4/13/23 8:30,368.6,6.35,,,,,
8855,4/13/23 9:00,365.7,6.46,,,,,
8856,4/13/23 9:30,366.1,6.46,,,,,
8857,4/13/23 10:00,367.3,6.61,,,,,
8858,4/13/23 10:30,367.3,6.62,,,,,
8859,4/13/23 11:00,368.4,6.75,,,,,
8860,4/13/23 11:30,373.1,7.26,,,,,
8861,4/13/23 12:00,373.8,7.35,,,,,
8862,4/13/23 12:30,377.3,7.71,,,,,
8863,4/13/23 13:00,379.6,7.91,,,,,
8864,4/13/23 13:30,383.5,8.27,,,,,
8865,4/13/23 14:00,383.5,8.33,,,,,
8866,4/13/23 14:30,381.2,8.08,,,,,
8867,4/13/23 15:00,376.9,7.73,,,,,
8868,4/13/23 15:30,380.4,8.06,,,,,
8869,4/13/23 16:00,384.6,8.48,,,,,
8870,4/13/23 16:30,381.6,8.16,,,,,
8871,4/13/23 17:00,382.3,8.2,,,,,
8872,4/13/23 17:30,385.5,8.46,,,,,
8873,4/13/23 18:00,391.6,9.06,,,,,
8874,4/13/23 18:30,393.9,9.33,,,,,
8875,4/13/23 19:00,390.5,8.98,,,,,
8876,4/13/23 19:30,393.9,9.31,,,,,
8877,4/13/23 20:00,390.4,9.04,,,,,
8878,4/13/23 20:30,381.6,8.11,,,,,
8879,4/13/23 21:00,375,7.47,,,,,
8880,4/13/23 21:30,371.9,7.14,,,,,
8881,4/13/23 22:00,372,7,,,,,
8882,4/13/23 22:30,370.4,6.93,,,,,
8883,4/13/23 23:00,370,6.89,,,,,
8884,4/13/23 23:30,370,6.91,,,,,
8885,4/14/23 0:00,370,6.95,,,,,
8886,4/14/23 0:30,370,6.95,,,,,
8887,4/14/23 1:00,370.4,6.96,,,,,
8888,4/14/23 1:30,374.6,7.41,,,,,
8889,4/14/23 2:00,375,7.36,,,,,
8890,4/14/23 2:30,380.4,7.99,,,,,
8891,4/14/23 3:00,385.5,8.46,,,,,
8892,4/14/23 3:30,393.5,9.37,,,,,
8893,4/14/23 4:00,392.8,9.24,,,,,
8894,4/14/23 4:30,387.8,8.73,,,,,
8895,4/14/23 5:00,385.4,8.47,,,,,
8896,4/14/23 5:30,387.8,8.66,,,,,
8897,4/14/23 6:00,389.4,8.67,,,,,
8898,4/14/23 6:30,392,9.09,,,,,
8899,4/14/23 7:00,392.8,9.23,,,,,
8900,4/14/23 7:30,392,9.16,,,,,
8901,4/14/23 8:00,392.4,9.23,,,,,
8902,4/14/23 8:30,391.6,9.15,,,,,
8903,4/14/23 9:00,392.4,9.19,,,,,
8904,4/14/23 9:30,391.2,9.1,,,,,
8905,4/14/23 10:00,390.1,8.96,,,,,
8906,4/14/23 10:30,391.2,9.11,,,,,
8907,4/14/23 11:00,390.8,9.06,,,,,
8908,4/14/23 11:30,388.9,8.84,,,,,
8909,4/14/23 12:00,384.6,8.49,,,,,
8910,4/14/23 12:30,384.6,8.52,,,,,
8911,4/14/23 13:00,385.4,8.6,,,,,
8912,4/14/23 13:30,385.4,8.51,,,,,
8913,4/14/23 14:00,404.3,10.51,,,,,
8914,4/14/23 14:30,406.6,10.7,,,,,
8915,4/14/23 15:00,408.6,10.84,,,,,
8916,4/14/23 15:30,407,10.69,,,,,
8917,4/14/23 16:00,407,10.75,,,,,
8918,4/14/23 16:30,407.4,10.79,,,,,
8919,4/14/23 17:00,406.2,10.74,,,,,
8920,4/14/23 17:30,408.1,10.91,,,,,
8921,4/14/23 18:00,404.2,10.58,,,,,
8922,4/14/23 18:30,406.2,10.73,,,,,
8923,4/14/23 19:00,406.6,10.78,,,,,
8924,4/14/23 19:30,405.8,10.73,,,,,
8925,4/14/23 20:00,405.8,10.6,,,,,
8926,4/14/23 20:30,400.5,9.91,,,,,
8927,4/14/23 21:00,397,9.69,,,,,
8928,4/14/23 21:30,393.1,9.4,,,,,
8929,4/14/23 22:00,390.4,9.07,,,,,
8930,4/14/23 22:30,381.9,8.21,,,,,
8931,4/14/23 23:00,384.3,8.31,,,,,
8932,4/14/23 23:30,383.2,8.18,,,,,
8933,4/15/23 0:00,380,7.91,,,,,
8934,4/15/23 0:30,378.9,7.89,,,,,
8935,4/15/23 1:00,380.8,8.02,,,,,
8936,4/15/23 1:30,380,7.93,,,,,
8937,4/15/23 2:00,389.7,8.96,,,,,
8938,4/15/23 2:30,390.8,9.04,,,,,
8939,4/15/23 3:00,390.8,9.09,,,,,
8940,4/15/23 3:30,390.8,9.05,,,,,
8941,4/15/23 4:00,390.5,9,,,,,
8942,4/15/23 4:30,390.5,9,,,,,
8943,4/15/23 5:00,390.9,9.01,,,,,
8944,4/15/23 5:30,390.8,9.07,,,,,
8945,4/15/23 6:00,396.3,9.54,,,,,
8946,4/15/23 6:30,390.9,9,,,,,
8947,4/15/23 7:00,388.9,8.95,,,,,
8948,4/15/23 7:30,389.3,8.97,,,,,
8949,4/15/23 8:00,394.8,9.27,,,,,
8950,4/15/23 8:30,396,9.28,,,,,
8951,4/15/23 9:00,394.7,9.33,,,,,
8952,4/15/23 9:30,397,9.67,,,,,
8953,4/15/23 10:00,402.4,10.13,,,,,
8954,4/15/23 10:30,398.1,9.87,,,,,
8955,4/15/23 11:00,400.5,9.85,,,,,
8956,4/15/23 11:30,395.8,9.66,,,,,
8957,4/15/23 12:00,393.1,9.42,,,,,
8958,4/15/23 12:30,390.8,9.2,,,,,
8959,4/15/23 13:00,401.2,10.22,,,,,
8960,4/15/23 13:30,400,10.07,,,,,
8961,4/15/23 14:00,402.8,10.27,,,,,
8962,4/15/23 14:30,403.9,10.44,,,,,
8963,4/15/23 15:00,406.2,10.71,,,,,
8964,4/15/23 15:30,411.3,11.05,,,,,
8965,4/15/23 16:00,413.5,11.42,,,,,
8966,4/15/23 16:30,417,11.75,,,,,
8967,4/15/23 17:00,420.4,12.15,,,,,
8968,4/15/23 17:30,421.2,12.2,,,,,
8969,4/15/23 18:00,419.7,12.04,,,,,
8970,4/15/23 18:30,414.7,11.51,,,,,
8971,4/15/23 19:00,415.8,11.71,,,,,
8972,4/15/23 19:30,405.6,10.3,,,,,
8973,4/15/23 20:00,392.5,8.97,,,,,
8974,4/15/23 20:30,390.9,8.91,,,,,
8975,4/15/23 21:00,387,8.66,,,,,
8976,4/15/23 21:30,382.4,8.15,,,,,
8977,4/15/23 22:00,381.6,8.06,,,,,
8978,4/15/23 22:30,380,8,,,,,
8979,4/15/23 23:00,383.1,8.22,,,,,
8980,4/15/23 23:30,382.3,8.21,,,,,
8981,4/16/23 0:00,386.6,8.61,,,,,
8982,4/16/23 0:30,392.8,9.24,,,,,
8983,4/16/23 1:00,386.6,8.65,,,,,
8984,4/16/23 1:30,383.5,8.33,,,,,
8985,4/16/23 2:00,378.9,7.85,,,,,
8986,4/16/23 2:30,372.3,7.11,,,,,
8987,4/16/23 3:00,371.2,6.97,,,,,
8988,4/16/23 3:30,371.2,6.96,,,,,
8989,4/16/23 4:00,372.3,7.14,,,,,
8990,4/16/23 4:30,374.3,7.32,,,,,
8991,4/16/23 5:00,380.9,7.87,,,,,
8992,4/16/23 5:30,381.2,7.93,,,,,
8993,4/16/23 6:00,383.9,8.21,,,,,
8994,4/16/23 6:30,378.9,7.82,,,,,
8995,4/16/23 7:00,378.5,7.73,,,,,
8996,4/16/23 7:30,377.3,7.66,,,,,
8997,4/16/23 8:00,379.3,7.73,,,,,
8998,4/16/23 8:30,378.5,7.68,,,,,
8999,4/16/23 9:00,376.2,7.6,,,,,
9000,4/16/23 9:30,377,7.59,,,,,
9001,4/16/23 10:00,379.4,7.55,,,,,
9002,4/16/23 10:30,375.4,7.53,,,,,
9003,4/16/23 11:00,377,7.54,,,,,
9004,4/16/23 11:30,375,7.54,,,,,
9005,4/16/23 12:00,374.2,7.45,,,,,
9006,4/16/23 12:30,373.4,7.38,,,,,
9007,4/16/23 13:00,373.4,7.37,,,,,
9008,4/16/23 13:30,372.3,7.29,,,,,
9009,4/16/23 14:00,372.3,7.28,,,,,
9010,4/16/23 14:30,369.6,6.92,,,,,
9011,4/16/23 15:00,368,6.8,,,,,
9012,4/16/23 15:30,366.9,6.7,,,,,
9013,4/16/23 16:00,366.5,6.62,,,,,
9014,4/16/23 16:30,369.3,6.57,,,,,
9015,4/16/23 17:00,367,6.46,,,,,
9016,4/16/23 17:30,365.4,6.36,,,,,
9017,4/16/23 18:00,364.6,6.29,,,,,
9018,4/16/23 18:30,363.4,6.24,,,,,
9019,4/16/23 19:00,363.4,6.17,,,,,
9020,4/16/23 19:30,362.7,6.13,,,,,
9021,4/16/23 20:00,362.3,6.08,,,,,
9022,4/16/23 20:30,363.1,6.04,,,,,
9023,4/16/23 21:00,362.3,6,,,,,
9024,4/16/23 21:30,360.7,5.94,,,,,
9025,4/16/23 22:00,358.8,5.71,,,,,
9026,4/16/23 22:30,358,5.55,,,,,
9027,4/16/23 23:00,356.8,5.53,,,,,
9028,4/16/23 23:30,356.5,5.51,,,,,
9029,4/17/23 0:00,357.6,5.58,,,,,
9030,4/17/23 0:30,356.9,5.5,,,,,
9031,4/17/23 1:00,356.8,5.55,,,,,
9032,4/17/23 1:30,356.8,5.56,,,,,
9033,4/17/23 2:00,358,5.59,,,,,
9034,4/17/23 2:30,357.2,5.59,,,,,
9035,4/17/23 3:00,357.2,5.6,,,,,
9036,4/17/23 3:30,358,5.67,,,,,
9037,4/17/23 4:00,358,5.63,,,,,
9038,4/17/23 4:30,358.4,5.75,,,,,
9039,4/17/23 5:00,358.8,5.76,,,,,
9040,4/17/23 5:30,359.2,5.8,,,,,
9041,4/17/23 6:00,359.2,5.81,,,,,
9042,4/17/23 6:30,359.9,5.87,,,,,
9043,4/17/23 7:00,361.5,6.02,,,,,
9044,4/17/23 7:30,361.9,6.07,,,,,
9045,4/17/23 8:00,363.1,6.09,,,,,
9046,4/17/23 8:30,363.9,6.13,,,,,
9047,4/17/23 9:00,361.9,6.08,,,,,
9048,4/17/23 9:30,361.1,6.02,,,,,
9049,4/17/23 10:00,362.3,6.02,,,,,
9050,4/17/23 10:30,361.9,6.03,,,,,
9051,4/17/23 11:00,365.4,6.29,,,,,
9052,4/17/23 11:30,368.6,6.26,,,,,
9053,4/17/23 12:00,369.3,6.58,,,,,
9054,4/17/23 12:30,368.5,6.73,,,,,
9055,4/17/23 13:00,367.7,6.7,,,,,
9056,4/17/23 13:30,367.6,6.75,,,,,
9057,4/17/23 14:00,368.8,6.88,,,,,
9058,4/17/23 14:30,370.4,6.93,,,,,
9059,4/17/23 15:00,371.5,7.07,,,,,
9060,4/17/23 15:30,370.7,7.06,,,,,
9061,4/17/23 16:00,371.5,7.09,,,,,
9062,4/17/23 16:30,371.5,7.14,,,,,
9063,4/17/23 17:00,371.9,7.16,,,,,
9064,4/17/23 17:30,373.1,7.19,,,,,
9065,4/17/23 18:00,373.5,7.22,,,,,
9066,4/17/23 18:30,372.7,7.22,,,,,
9067,4/17/23 19:00,373.5,7.22,,,,,
9068,4/17/23 19:30,372.3,7.23,,,,,
9069,4/17/23 20:00,373.5,7.23,,,,,
9070,4/17/23 20:30,374.3,7.23,,,,,
9071,4/17/23 21:00,372.7,7.23,,,,,
9072,4/17/23 21:30,373.5,7.22,,,,,
9073,4/17/23 22:00,373.5,7.2,,,,,
9074,4/17/23 22:30,374.7,7.2,,,,,
9075,4/17/23 23:00,373.5,7.19,,,,,
9076,4/17/23 23:30,373.9,7.19,,,,,
9077,4/18/23 0:00,373.9,7.18,,,,,
9078,4/18/23 0:30,373.9,7.15,,,,,
9079,4/18/23 1:00,373.5,7.13,,,,,
9080,4/18/23 1:30,373.5,7.07,,,,,
9081,4/18/23 2:00,372.7,7.06,,,,,
9082,4/18/23 2:30,372.8,7.04,,,,,
9083,4/18/23 3:00,373.6,7.04,,,,,
9084,4/18/23 3:30,373.2,7.01,,,,,
9085,4/18/23 4:00,372.4,6.97,,,,,
9086,4/18/23 4:30,372,6.93,,,,,
9087,4/18/23 5:00,372.4,6.92,,,,,
9088,4/18/23 5:30,372.8,6.89,,,,,
9089,4/18/23 6:00,371.6,6.88,,,,,
9090,4/18/23 6:30,370.4,6.87,,,,,
9091,4/18/23 7:00,370.8,6.86,,,,,
9092,4/18/23 7:30,369.2,6.83,,,,,
9093,4/18/23 8:00,370.8,6.83,,,,,
9094,4/18/23 8:30,370,6.86,,,,,
9095,4/18/23 9:00,368.8,6.87,,,,,
9096,4/18/23 9:30,372.4,6.86,,,,,
9097,4/18/23 10:00,368.8,6.87,,,,,
9098,4/18/23 10:30,368.4,6.86,,,,,
9099,4/18/23 11:00,369.2,6.87,,,,,
9100,4/18/23 11:30,369.6,6.91,,,,,
9101,4/18/23 12:00,371.2,6.95,,,,,
9102,4/18/23 12:30,372.4,7,,,,,
9103,4/18/23 13:00,371.6,7,,,,,
9104,4/18/23 13:30,371.9,7.07,,,,,
9105,4/18/23 14:00,372.3,7.11,,,,,
9106,4/18/23 14:30,370.4,7.02,,,,,
9107,4/18/23 15:00,373.6,7,,,,,
9108,4/18/23 15:30,370.4,7,,,,,
9109,4/18/23 16:00,369.6,6.98,,,,,
9110,4/18/23 16:30,369.9,7.04,,,,,
9111,4/18/23 17:00,373.9,7.15,,,,,
9112,4/18/23 17:30,375.1,7.16,,,,,
9113,4/18/23 18:00,372.7,7.09,,,,,
9114,4/18/23 18:30,375.9,7.1,,,,,
9115,4/18/23 19:00,374.3,7.09,,,,,
9116,4/18/23 19:30,378.3,7.15,,,,,
9117,4/18/23 20:00,375.9,7.1,,,,,
9118,4/18/23 20:30,376.4,7.1,,,,,
9119,4/18/23 21:00,372.7,7.15,,,,,
9120,4/18/23 21:30,371.9,7.06,,,,,
9121,4/18/23 22:00,373.1,7.11,,,,,
9122,4/18/23 22:30,372.4,7.01,,,,,
9123,4/18/23 23:00,371.2,6.93,,,,,
9124,4/18/23 23:30,373.9,7.09,,,,,
9125,4/19/23 0:00,375.5,7.15,,,,,
9126,4/19/23 0:30,374.3,7.11,,,,,
9127,4/19/23 1:00,373.2,7.02,,,,,
9128,4/19/23 1:30,373.1,7.06,,,,,
9129,4/19/23 2:00,373.6,7.04,,,,,
9130,4/19/23 2:30,376.6,7.4,,,,,
9131,4/19/23 3:00,374.6,7.4,,,,,
9132,4/19/23 3:30,373.8,7.35,,,,,
9133,4/19/23 4:00,373.5,7.28,,,,,
9134,4/19/23 4:30,375.1,7.18,,,,,
9135,4/19/23 5:00,374.4,7.07,,,,,
9136,4/19/23 5:30,373.6,6.98,,,,,
9137,4/19/23 6:00,372,6.92,,,,,
9138,4/19/23 6:30,370.8,6.86,,,,,
9139,4/19/23 7:00,370.8,6.78,,,,,
9140,4/19/23 7:30,371.3,6.75,,,,,
9141,4/19/23 8:00,369.6,6.79,,,,,
9142,4/19/23 8:30,372,6.8,,,,,
9143,4/19/23 9:00,370.4,6.79,,,,,
9144,4/19/23 9:30,369.3,6.75,,,,,
9145,4/19/23 10:00,369.3,6.74,,,,,
9146,4/19/23 10:30,370.1,6.74,,,,,
9147,4/19/23 11:00,369.7,6.73,,,,,
9148,4/19/23 11:30,370.8,6.8,,,,,
9149,4/19/23 12:00,372,6.82,,,,,
9150,4/19/23 12:30,369.6,6.87,,,,,
9151,4/19/23 13:00,372.4,6.87,,,,,
9152,4/19/23 13:30,369.6,6.89,,,,,
9153,4/19/23 14:00,369.6,6.92,,,,,
9154,4/19/23 14:30,370.4,6.89,,,,,
9155,4/19/23 15:00,369.6,6.88,,,,,
9156,4/19/23 15:30,369.6,6.86,,,,,
9157,4/19/23 16:00,370,6.84,,,,,
9158,4/19/23 16:30,368.8,6.84,,,,,
9159,4/19/23 17:00,370,6.84,,,,,
9160,4/19/23 17:30,372.8,6.84,,,,,
9161,4/19/23 18:00,372.8,6.84,,,,,
9162,4/19/23 18:30,372,6.87,,,,,
9163,4/19/23 19:00,370,6.87,,,,,
9164,4/19/23 19:30,370.8,6.87,,,,,
9165,4/19/23 20:00,370.8,6.84,,,,,
9166,4/19/23 20:30,371.6,6.83,,,,,
9167,4/19/23 21:00,370.8,6.82,,,,,
9168,4/19/23 21:30,372,6.79,,,,,
9169,4/19/23 22:00,371.2,6.83,,,,,
9170,4/19/23 22:30,372,6.86,,,,,
9171,4/19/23 23:00,372,6.86,,,,,
9172,4/19/23 23:30,371.6,6.86,,,,,
9173,4/20/23 0:00,373.6,6.83,,,,,
9174,4/20/23 0:30,371.2,6.8,,,,,
9175,4/20/23 1:00,375.3,6.76,,,,,
9176,4/20/23 1:30,372.5,6.78,,,,,
9177,4/20/23 2:00,372.1,6.78,,,,,
9178,4/20/23 2:30,372.1,6.76,,,,,
9179,4/20/23 3:00,372.5,6.76,,,,,
9180,4/20/23 3:30,372.5,6.78,,,,,
9181,4/20/23 4:00,370.9,6.76,,,,,
9182,4/20/23 4:30,371.7,6.78,,,,,
9183,4/20/23 5:00,371.7,6.78,,,,,
9184,4/20/23 5:30,372.9,6.78,,,,,
9185,4/20/23 6:00,371.7,6.76,,,,,
9186,4/20/23 6:30,372.1,6.76,,,,,
9187,4/20/23 7:00,371.7,6.78,,,,,
9188,4/20/23 7:30,370.9,6.76,,,,,
9189,4/20/23 8:00,370.8,6.78,,,,,
9190,4/20/23 8:30,371.6,6.79,,,,,
9191,4/20/23 9:00,371.6,6.8,,,,,
9192,4/20/23 9:30,372,6.82,,,,,
9193,4/20/23 10:00,370.4,6.83,,,,,
9194,4/20/23 10:30,371.6,6.82,,,,,
9195,4/20/23 11:00,370.8,6.83,,,,,
9196,4/20/23 11:30,371.2,6.8,,,,,
9197,4/20/23 12:00,371.2,6.8,,,,,
9198,4/20/23 12:30,373.2,6.92,,,,,
9199,4/20/23 13:00,374.4,7,,,,,
9200,4/20/23 13:30,375.5,7.13,,,,,
9201,4/20/23 14:00,375.5,7.2,,,,,
9202,4/20/23 14:30,375.5,7.28,,,,,
9203,4/20/23 15:00,375.9,7.35,,,,,
9204,4/20/23 15:30,378.7,7.38,,,,,
9205,4/20/23 16:00,378.6,7.45,,,,,
9206,4/20/23 16:30,378.6,7.53,,,,,
9207,4/20/23 17:00,379.4,7.58,,,,,
9208,4/20/23 17:30,379,7.58,,,,,
9209,4/20/23 18:00,378.6,7.59,,,,,
9210,4/20/23 18:30,379,7.6,,,,,
9211,4/20/23 19:00,379.4,7.6,,,,,
9212,4/20/23 19:30,382.2,7.58,,,,,
9213,4/20/23 20:00,379.1,7.35,,,,,
9214,4/20/23 20:30,375.9,7.22,,,,,
9215,4/20/23 21:00,375.5,7.14,,,,,
9216,4/20/23 21:30,374.8,7.05,,,,,
9217,4/20/23 22:00,374.8,6.98,,,,,
9218,4/20/23 22:30,374,6.95,,,,,
9219,4/20/23 23:00,373.6,6.93,,,,,
9220,4/20/23 23:30,374,6.92,,,,,
9221,4/21/23 0:00,374,6.91,,,,,
9222,4/21/23 0:30,374,6.93,,,,,
9223,4/21/23 1:00,373.6,6.91,,,,,
9224,4/21/23 1:30,374.4,6.88,,,,,
9225,4/21/23 2:00,372.8,6.86,,,,,
9226,4/21/23 2:30,372.8,6.84,,,,,
9227,4/21/23 3:00,372.8,6.82,,,,,
9228,4/21/23 3:30,372.8,6.8,,,,,
9229,4/21/23 4:00,372.9,6.78,,,,,
9230,4/21/23 4:30,374.1,6.78,,,,,
9231,4/21/23 5:00,373.3,6.74,,,,,
9232,4/21/23 5:30,374.1,6.71,,,,,
9233,4/21/23 6:00,373.7,6.7,,,,,
9234,4/21/23 6:30,374.1,6.69,,,,,
9235,4/21/23 7:00,374.5,6.69,,,,,
9236,4/21/23 7:30,375.3,6.69,,,,,
9237,4/21/23 8:00,375.3,6.69,,,,,
9238,4/21/23 8:30,375.7,6.7,,,,,
9239,4/21/23 9:00,374.9,6.73,,,,,
9240,4/21/23 9:30,376.1,6.78,,,,,
9241,4/21/23 10:00,377.3,6.86,,,,,
9242,4/21/23 10:30,378,6.92,,,,,
9243,4/21/23 11:00,379.2,7,,,,,
9244,4/21/23 11:30,379.2,7.07,,,,,
9245,4/21/23 12:00,380.7,7.18,,,,,
9246,4/21/23 12:30,381.1,7.2,,,,,
9247,4/21/23 13:00,380.3,7.23,,,,,
9248,4/21/23 13:30,380.7,7.2,,,,,
9249,4/21/23 14:00,379.9,7.2,,,,,
9250,4/21/23 14:30,382.3,7.2,,,,,
9251,4/21/23 15:00,381.1,7.23,,,,,
9252,4/21/23 15:30,382.3,7.23,,,,,
9253,4/21/23 16:00,381.9,7.2,,,,,
9254,4/21/23 16:30,382.7,7.2,,,,,
9255,4/21/23 17:00,382.4,7.16,,,,,
9256,4/21/23 17:30,381.2,7.13,,,,,
9257,4/21/23 18:00,380.8,7.11,,,,,
9258,4/21/23 18:30,380.8,7.06,,,,,
9259,4/21/23 19:00,380,7.01,,,,,
9260,4/21/23 19:30,379.6,6.97,,,,,
9261,4/21/23 20:00,378.8,6.96,,,,,
9262,4/21/23 20:30,378.8,6.95,,,,,
9263,4/21/23 21:00,378.8,6.93,,,,,
9264,4/21/23 21:30,378,6.92,,,,,
9265,4/21/23 22:00,378.8,6.91,,,,,
9266,4/21/23 22:30,377.6,6.88,,,,,
9267,4/21/23 23:00,377.2,6.87,,,,,
9268,4/21/23 23:30,377.2,6.88,,,,,
9269,4/22/23 0:00,376.4,6.87,,,,,
9270,4/22/23 0:30,375.6,6.86,,,,,
9271,4/22/23 1:00,375.6,6.84,,,,,
9272,4/22/23 1:30,374.9,6.82,,,,,
9273,4/22/23 2:00,375.7,6.79,,,,,
9274,4/22/23 2:30,375.7,6.78,,,,,
9275,4/22/23 3:00,375.7,6.79,,,,,
9276,4/22/23 3:30,374.9,6.75,,,,,
9277,4/22/23 4:00,374.9,6.76,,,,,
9278,4/22/23 4:30,374.9,6.74,,,,,
9279,4/22/23 5:00,374.9,6.74,,,,,
9280,4/22/23 5:30,373.7,6.75,,,,,
9281,4/22/23 6:00,374.1,6.74,,,,,
9282,4/22/23 6:30,374.5,6.73,,,,,
9283,4/22/23 7:00,373.3,6.71,,,,,
9284,4/22/23 7:30,374.1,6.73,,,,,
9285,4/22/23 8:00,374.1,6.75,,,,,
9286,4/22/23 8:30,372.5,6.75,,,,,
9287,4/22/23 9:00,370.9,6.75,,,,,
9288,4/22/23 9:30,372.1,6.75,,,,,
9289,4/22/23 10:00,370,6.76,,,,,
9290,4/22/23 10:30,370.4,6.78,,,,,
9291,4/22/23 11:00,370.4,6.82,,,,,
9292,4/22/23 11:30,370,6.86,,,,,
9293,4/22/23 12:00,372.4,6.91,,,,,
9294,4/22/23 12:30,372.4,6.93,,,,,
9295,4/22/23 13:00,373.6,6.96,,,,,
9296,4/22/23 13:30,372.4,7,,,,,
9297,4/22/23 14:00,374,7.02,,,,,
9298,4/22/23 14:30,375.6,7.05,,,,,
9299,4/22/23 15:00,374.4,7.07,,,,,
9300,4/22/23 15:30,374.4,7.06,,,,,
9301,4/22/23 16:00,374.8,7.05,,,,,
9302,4/22/23 16:30,374.4,7.02,,,,,
9303,4/22/23 17:00,372.8,6.98,,,,,
9304,4/22/23 17:30,372.8,6.97,,,,,
9305,4/22/23 18:00,372.4,6.95,,,,,
9306,4/22/23 18:30,372.4,6.95,,,,,
9307,4/22/23 19:00,375.6,6.95,,,,,
9308,4/22/23 19:30,377.2,6.92,,,,,
9309,4/22/23 20:00,376.4,6.88,,,,,
9310,4/22/23 20:30,378.1,6.87,,,,,
9311,4/22/23 21:00,371.2,6.84,,,,,
9312,4/22/23 21:30,371.2,6.86,,,,,
9313,4/22/23 22:00,371.2,6.86,,,,,
9314,4/22/23 22:30,371.2,6.87,,,,,
9315,4/22/23 23:00,371.2,6.87,,,,,
9316,4/22/23 23:30,371.6,6.87,,,,,
9317,4/23/23 0:00,371.2,6.87,,,,,
9318,4/23/23 0:30,372.4,6.88,,,,,
9319,4/23/23 1:00,372,6.86,,,,,
9320,4/23/23 1:30,372,6.86,,,,,
9321,4/23/23 2:00,371.6,6.86,,,,,
9322,4/23/23 2:30,371.2,6.84,,,,,
9323,4/23/23 3:00,371.6,6.83,,,,,
9324,4/23/23 3:30,371.2,6.83,,,,,
9325,4/23/23 4:00,371.6,6.84,,,,,
9326,4/23/23 4:30,370,6.83,,,,,
9327,4/23/23 5:00,370.8,6.84,,,,,
9328,4/23/23 5:30,371.6,6.84,,,,,
9329,4/23/23 6:00,372,6.86,,,,,
9330,4/23/23 6:30,371.2,6.84,,,,,
9331,4/23/23 7:00,371.6,6.87,,,,,
9332,4/23/23 7:30,372,6.88,,,,,
9333,4/23/23 8:00,370.8,6.82,,,,,
9334,4/23/23 8:30,371.2,6.86,,,,,
9335,4/23/23 9:00,371.2,6.86,,,,,
9336,4/23/23 9:30,371.6,6.86,,,,,
9337,4/23/23 10:00,372,6.87,,,,,
9338,4/23/23 10:30,371.2,6.88,,,,,
9339,4/23/23 11:00,372,6.96,,,,,
9340,4/23/23 11:30,372.8,6.98,,,,,
9341,4/23/23 12:00,372.8,7.01,,,,,
9342,4/23/23 12:30,371.2,7.02,,,,,
9343,4/23/23 13:00,371.2,7.04,,,,,
9344,4/23/23 13:30,371.1,7.05,,,,,
9345,4/23/23 14:00,371.1,7.05,,,,,
9346,4/23/23 14:30,371.1,7.07,,,,,
9347,4/23/23 15:00,373.1,7.1,,,,,
9348,4/23/23 15:30,372.3,7.13,,,,,
9349,4/23/23 16:00,372.3,7.18,,,,,
9350,4/23/23 16:30,374.7,7.18,,,,,
9351,4/23/23 17:00,372.7,7.19,,,,,
9352,4/23/23 17:30,376.7,7.19,,,,,
9353,4/23/23 18:00,373.9,7.2,,,,,
9354,4/23/23 18:30,374.7,7.2,,,,,
9355,4/23/23 19:00,376.3,7.19,,,,,
9356,4/23/23 19:30,374.3,7.16,,,,,
9357,4/23/23 20:00,374.3,7.15,,,,,
9358,4/23/23 20:30,372.7,7.14,,,,,
9359,4/23/23 21:00,373.1,7.11,,,,,
9360,4/23/23 21:30,373.5,7.1,,,,,
9361,4/23/23 22:00,372.7,7.06,,,,,
9362,4/23/23 22:30,372.4,7.04,,,,,
9363,4/23/23 23:00,372.4,7.04,,,,,
9364,4/23/23 23:30,372.8,7.01,,,,,
9365,4/24/23 0:00,372.4,7,,,,,
9366,4/24/23 0:30,371.2,6.96,,,,,
9367,4/24/23 1:00,372.8,6.93,,,,,
9368,4/24/23 1:30,371.2,6.91,,,,,
9369,4/24/23 2:00,370.8,6.91,,,,,
9370,4/24/23 2:30,370.4,6.87,,,,,
9371,4/24/23 3:00,370.4,6.86,,,,,
9372,4/24/23 3:30,370.4,6.83,,,,,
9373,4/24/23 4:00,370,6.82,,,,,
9374,4/24/23 4:30,370.8,6.79,,,,,
9375,4/24/23 5:00,370,6.79,,,,,
9376,4/24/23 5:30,369.6,6.76,,,,,
9377,4/24/23 6:00,369.7,6.75,,,,,
9378,4/24/23 6:30,369.3,6.73,,,,,
9379,4/24/23 7:00,369.3,6.74,,,,,
9380,4/24/23 7:30,368.5,6.71,,,,,
9381,4/24/23 8:00,368.5,6.73,,,,,
9382,4/24/23 8:30,368.9,6.73,,,,,
9383,4/24/23 9:00,368.9,6.73,,,,,
9384,4/24/23 9:30,368,6.74,,,,,
9385,4/24/23 10:00,368.4,6.78,,,,,
9386,4/24/23 10:30,369.2,6.88,,,,,
9387,4/24/23 11:00,369.6,6.93,,,,,
9388,4/24/23 11:30,370,6.91,,,,,
9389,4/24/23 12:00,371.6,6.96,,,,,
9390,4/24/23 12:30,370.4,7.02,,,,,
9391,4/24/23 13:00,372.3,7.09,,,,,
9392,4/24/23 13:30,371.9,7.19,,,,,
9393,4/24/23 14:00,374.3,7.23,,,,,
9394,4/24/23 14:30,372.2,7.32,,,,,
9395,4/24/23 15:00,373.4,7.4,,,,,
9396,4/24/23 15:30,373.4,7.44,,,,,
9397,4/24/23 16:00,373.8,7.47,,,,,
9398,4/24/23 16:30,376.2,7.45,,,,,
9399,4/24/23 17:00,375.4,7.46,,,,,
9400,4/24/23 17:30,375.4,7.38,,,,,
9401,4/24/23 18:00,377.4,7.49,,,,,
9402,4/24/23 18:30,377,7.47,,,,,
9403,4/24/23 19:00,377.4,7.47,,,,,
9404,4/24/23 19:30,377,7.37,,,,,
9405,4/24/23 20:00,376.7,7.32,,,,,
9406,4/24/23 20:30,374.3,7.24,,,,,
9407,4/24/23 21:00,374.7,7.19,,,,,
9408,4/24/23 21:30,374.3,7.16,,,,,
9409,4/24/23 22:00,373.9,7.15,,,,,
9410,4/24/23 22:30,373.1,7.14,,,,,
9411,4/24/23 23:00,372.3,7.09,,,,,
9412,4/24/23 23:30,371.9,7.05,,,,,
9413,4/25/23 0:00,372,7.02,,,,,
9414,4/25/23 0:30,371.2,7,,,,,
9415,4/25/23 1:00,371.2,6.98,,,,,
9416,4/25/23 1:30,371.2,6.97,,,,,
9417,4/25/23 2:00,371.6,6.98,,,,,
9418,4/25/23 2:30,371.6,6.98,,,,,
9419,4/25/23 3:00,371.2,7,,,,,
9420,4/25/23 3:30,371.2,6.97,,,,,
9421,4/25/23 4:00,371.2,6.95,,,,,
9422,4/25/23 4:30,371.2,6.92,,,,,
9423,4/25/23 5:00,372.8,6.96,,,,,
9424,4/25/23 5:30,373.2,6.98,,,,,
9425,4/25/23 6:00,373.2,6.97,,,,,
9426,4/25/23 6:30,371.2,6.89,,,,,
9427,4/25/23 7:00,372.4,6.95,,,,,
9428,4/25/23 7:30,371.2,6.96,,,,,
9429,4/25/23 8:00,373.6,6.96,,,,,
9430,4/25/23 8:30,375.2,6.96,,,,,
9431,4/25/23 9:00,373.2,6.95,,,,,
9432,4/25/23 9:30,371.6,6.97,,,,,
9433,4/25/23 10:00,370.4,7,,,,,
9434,4/25/23 10:30,371.2,6.98,,,,,
9435,4/25/23 11:00,371.9,7.07,,,,,
9436,4/25/23 11:30,371.5,7.09,,,,,
9437,4/25/23 12:00,371.9,7.1,,,,,
9438,4/25/23 12:30,371.1,7.11,,,,,
9439,4/25/23 13:00,371.9,7.1,,,,,
9440,4/25/23 13:30,371.9,7.11,,,,,
9441,4/25/23 14:00,685.9,7.13,,,,,
9442,4/25/23 14:30,738.8,7.1,,,,,
9443,4/25/23 15:00,372.3,7.11,,,,,
9444,4/25/23 15:30,372.7,7.1,,,,,
9445,4/25/23 16:00,365.9,7.11,,,,,
9446,4/25/23 16:30,374.7,7.13,,,,,
9447,4/25/23 17:00,376.7,7.13,,,,,
9448,4/25/23 17:30,373.1,7.16,,,,,
9449,4/25/23 18:00,376.7,7.31,,,,,
9450,4/25/23 18:30,377,7.38,,,,,
9451,4/25/23 19:00,378.6,7.42,,,,,
9452,4/25/23 19:30,377.8,7.4,,,,,
9453,4/25/23 20:00,377.5,7.36,,,,,
9454,4/25/23 20:30,375.9,7.33,,,,,
9455,4/25/23 21:00,376.7,7.32,,,,,
9456,4/25/23 21:30,377.1,7.29,,,,,
9457,4/25/23 22:00,378.7,7.29,,,,,
9458,4/25/23 22:30,379.5,7.28,,,,,
9459,4/25/23 23:00,379.5,7.28,,,,,
9460,4/25/23 23:30,380.3,7.29,,,,,
9461,4/26/23 0:00,378.7,7.29,,,,,
9462,4/26/23 0:30,379.1,7.29,,,,,
9463,4/26/23 1:00,378.7,7.29,,,,,
9464,4/26/23 1:30,378.3,7.29,,,,,
9465,4/26/23 2:00,377.9,7.27,,,,,
9466,4/26/23 2:30,377.9,7.27,,,,,
9467,4/26/23 3:00,377.9,7.24,,,,,
9468,4/26/23 3:30,376.3,7.22,,,,,
9469,4/26/23 4:00,375.9,7.22,,,,,
9470,4/26/23 4:30,375.1,7.2,,,,,
9471,4/26/23 5:00,374.7,7.19,,,,,
9472,4/26/23 5:30,375.1,7.18,,,,,
9473,4/26/23 6:00,375.9,7.16,,,,,
9474,4/26/23 6:30,374.3,7.15,,,,,
9475,4/26/23 7:00,377.1,7.16,,,,,
9476,4/26/23 7:30,375.1,7.16,,,,,
9477,4/26/23 8:00,374.7,7.18,,,,,
9478,4/26/23 8:30,374.7,7.19,,,,,
9479,4/26/23 9:00,681.7,7.26,,,,,
9480,4/26/23 9:30,615.9,7.28,,,,,
9481,4/26/23 10:00,548,7.32,,,,,
9482,4/26/23 10:30,433.8,7.36,,,,,
9483,4/26/23 11:00,395.1,7.37,,,,,
9484,4/26/23 11:30,385.5,7.33,,,,,
9485,4/26/23 12:00,338.5,7.38,,,,,
9486,4/26/23 12:30,377,7.38,,,,,
9487,4/26/23 13:00,376.2,7.42,,,,,
9488,4/26/23 13:30,382.3,7.42,,,,,
9489,4/26/23 14:00,383.4,7.49,,,,,
9490,4/26/23 14:30,381.4,7.6,,,,,
9491,4/26/23 15:00,379.3,7.72,,,,,
9492,4/26/23 15:30,380.8,7.95,,,,,
9493,4/26/23 16:00,384,8.11,,,,,
9494,4/26/23 16:30,385.9,8.26,,,,,
9495,4/26/23 17:00,386.3,8.34,,,,,
9496,4/26/23 17:30,387.1,8.35,,,,,
9497,4/26/23 18:00,384,8.09,,,,,
9498,4/26/23 18:30,382.4,7.95,,,,,
9499,4/26/23 19:00,385.6,8.16,,,,,
9500,4/26/23 19:30,384.8,8.18,,,,,
9501,4/26/23 20:00,389,8.64,,,,,
9502,4/26/23 20:30,391,8.74,,,,,
9503,4/26/23 21:00,389.8,8.7,,,,,
9504,4/26/23 21:30,389.4,8.69,,,,,
9505,4/26/23 22:00,389,8.66,,,,,
9506,4/26/23 22:30,388.6,8.58,,,,,
9507,4/26/23 23:00,385.9,8.29,,,,,
9508,4/26/23 23:30,387.1,8.38,,,,,
9509,4/27/23 0:00,385.9,8.27,,,,,
9510,4/27/23 0:30,384,8.12,,,,,
9511,4/27/23 1:00,383.2,8.07,,,,,
9512,4/27/23 1:30,383.6,8.09,,,,,
9513,4/27/23 2:00,384,8.13,,,,,
9514,4/27/23 2:30,384.4,8.16,,,,,
9515,4/27/23 3:00,383.2,8.12,,,,,
9516,4/27/23 3:30,384,8.13,,,,,
9517,4/27/23 4:00,382.8,8.07,,,,,
9518,4/27/23 4:30,382.4,7.98,,,,,
9519,4/27/23 5:00,380.5,7.8,,,,,
9520,4/27/23 5:30,378.2,7.59,,,,,
9521,4/27/23 6:00,377,7.51,,,,,
9522,4/27/23 6:30,376.6,7.38,,,,,
9523,4/27/23 7:00,376.6,7.38,,,,,
9524,4/27/23 7:30,377,7.4,,,,,
9525,4/27/23 8:00,376.6,7.38,,,,,
9526,4/27/23 8:30,377,7.42,,,,,
9527,4/27/23 9:00,377.4,7.45,,,,,
9528,4/27/23 9:30,377.8,7.49,,,,,
9529,4/27/23 10:00,378.6,7.54,,,,,
9530,4/27/23 10:30,379,7.59,,,,,
9531,4/27/23 11:00,379.7,7.67,,,,,
9532,4/27/23 11:30,381.3,7.8,,,,,
9533,4/27/23 12:00,381.3,7.82,,,,,
9534,4/27/23 12:30,380.9,7.78,,,,,
9535,4/27/23 13:00,380.5,7.76,,,,,
9536,4/27/23 13:30,381.7,7.87,,,,,
9537,4/27/23 14:00,383.6,8.04,,,,,
9538,4/27/23 14:30,384.8,8.15,,,,,
9539,4/27/23 15:00,385.1,8.25,,,,,
9540,4/27/23 15:30,385.1,8.25,,,,,
9541,4/27/23 16:00,387.1,8.47,,,,,
9542,4/27/23 16:30,389.8,8.65,,,,,
9543,4/27/23 17:00,383.6,8.06,,,,,
9544,4/27/23 17:30,382.8,7.99,,,,,
9545,4/27/23 18:00,387.9,8.48,,,,,
9546,4/27/23 18:30,392.1,8.96,,,,,
9547,4/27/23 19:00,389,8.6,,,,,
9548,4/27/23 19:30,384.8,8.21,,,,,
9549,4/27/23 20:00,383.6,8.03,,,,,
9550,4/27/23 20:30,385.2,8,,,,,
9551,4/27/23 21:00,385.2,8.17,,,,,
9552,4/27/23 21:30,386.4,8.21,,,,,
9553,4/27/23 22:00,385.6,8.13,,,,,
9554,4/27/23 22:30,386.3,8.26,,,,,
9555,4/27/23 23:00,388.7,8.39,,,,,
9556,4/27/23 23:30,387.1,8.36,,,,,
9557,4/28/23 0:00,386.7,8.36,,,,,
9558,4/28/23 0:30,387.1,8.35,,,,,
9559,4/28/23 1:00,386.3,8.3,,,,,
9560,4/28/23 1:30,385.9,8.25,,,,,
9561,4/28/23 2:00,386.3,8.29,,,,,
9562,4/28/23 2:30,387.9,8.26,,,,,
9563,4/28/23 3:00,389.9,8.3,,,,,
9564,4/28/23 3:30,390.7,8.44,,,,,
9565,4/28/23 4:00,389.5,8.44,,,,,
9566,4/28/23 4:30,389.9,8.42,,,,,
9567,4/28/23 5:00,388.7,8.39,,,,,
9568,4/28/23 5:30,390.3,8.39,,,,,
9569,4/28/23 6:00,392.3,8.39,,,,,
9570,4/28/23 6:30,389.9,8.39,,,,,
9571,4/28/23 7:00,389.1,8.38,,,,,
9572,4/28/23 7:30,42.8,8.16,,,,,
9573,4/28/23 8:00,46.7,8.02,,,,,
9574,4/28/23 8:30,2.8,9.69,,,,,
9575,4/28/23 9:00,-1.1,14.79,,,,,
9576,4/28/23 9:30,2.8,13.84,,,,,
9577,4/28/23 10:00,-1.1,15.09,,,,,
9578,4/28/23 10:30,-1.1,15.77,,,,,
9579,4/28/23 11:00,-1.1,16.31,,,,,
9580,4/28/23 11:30,-1.1,16.73,,,,,
9581,4/28/23 12:00,-1.1,17.18,,,,,
9582,4/28/23 12:30,-1.1,17.47,,,,,
9583,4/28/23 13:00,-1.1,16.86,,,,,
9584,4/28/23 13:30,-1.1,17.22,,,,,
9585,4/28/23 14:00,0.8,17.72,,,,,
9586,4/28/23 14:30,-0.3,17.93,,,,,
9587,4/28/23 15:00,2.8,17.84,,,,,
9588,4/28/23 15:30,-1.1,17.8,,,,,
9589,4/28/23 16:00,2.8,17.82,,,,,
9590,4/28/23 16:30,-1.1,17.82,,,,,
9591,4/28/23 17:00,-1.1,17.85,,,,,
9592,4/28/23 17:30,2.8,17.94,,,,,
9593,4/28/23 18:00,-1.1,18.02,,,,,
9594,4/28/23 18:30,2.8,18.11,,,,,
9595,4/28/23 19:00,-1.1,18.2,,,,,
9596,4/28/23 19:30,2.8,18.29,,,,,
9597,4/28/23 20:00,-1.1,18.22,,,,,
9598,4/28/23 20:30,-1.1,18.15,,,,,
9599,4/28/23 21:00,-1.1,18.12,,,,,
9600,4/28/23 21:30,2.8,18.16,,,,,
9601,4/28/23 22:00,-1.1,18.15,,,,,
9602,4/28/23 22:30,-1.1,17.62,,,,,
9603,4/28/23 23:00,-1.1,17.45,,,,,
9604,4/28/23 23:30,-1.1,17.35,,,,,
9605,4/29/23 0:00,2.8,16.91,,,,,
9606,4/29/23 0:30,-1.1,17.14,,,,,
9607,4/29/23 1:00,-1.1,17.77,,,,,
9608,4/29/23 1:30,0.4,17.87,,,,,
9609,4/29/23 2:00,-1.1,17.99,,,,,
9610,4/29/23 2:30,0.4,18.04,,,,,
9611,4/29/23 3:00,-1.1,18.11,,,,,
9612,4/29/23 3:30,-1.1,18.16,,,,,
9613,4/29/23 4:00,0.4,18.22,,,,,
9614,4/29/23 4:30,-1.1,18.29,,,,,
9615,4/29/23 5:00,-1.1,18.38,,,,,
9616,4/29/23 5:30,-1.1,18.52,,,,,
9617,4/29/23 6:00,0.4,18.49,,,,,
9618,4/29/23 6:30,-1.1,18.66,,,,,
9619,4/29/23 7:00,-1.1,18.83,,,,,
9620,4/29/23 7:30,0.4,18.95,,,,,
9621,4/29/23 8:00,0.4,19.04,,,,,
9622,4/29/23 8:30,2.8,19.09,,,,,
9623,4/29/23 9:00,0.4,19.11,,,,,
9624,4/29/23 9:30,-1.1,19.13,,,,,
9625,4/29/23 10:00,0.4,19.13,,,,,
9626,4/29/23 10:30,2.8,19.09,,,,,
9627,4/29/23 11:00,2.7,19.14,,,,,
9628,4/29/23 11:30,-1.1,19.19,,,,,
9629,4/29/23 12:00,2.7,19.22,,,,,
9630,4/29/23 12:30,-1.1,19.27,,,,,
9631,4/29/23 13:00,2.7,19.32,,,,,
9632,4/29/23 13:30,0.4,19.35,,,,,
9633,4/29/23 14:00,2.7,19.38,,,,,
9634,4/29/23 14:30,-1.1,19.45,,,,,
9635,4/29/23 15:00,-1.1,19.47,,,,,
9636,4/29/23 15:30,2.7,19.49,,,,,
9637,4/29/23 16:00,0.4,19.45,,,,,
9638,4/29/23 16:30,2.7,19.47,,,,,
9639,4/29/23 17:00,2.7,19.42,,,,,
9640,4/29/23 17:30,-1.1,19.4,,,,,
9641,4/29/23 18:00,-1.1,19.38,,,,,
9642,4/29/23 18:30,2.7,19.37,,,,,
9643,4/29/23 19:00,2.7,19.36,,,,,
9644,4/29/23 19:30,2.7,19.37,,,,,
9645,4/29/23 20:00,-1.1,19.36,,,,,
9646,4/29/23 20:30,-1.1,19.4,,,,,
9647,4/29/23 21:00,0.4,19.38,,,,,
9648,4/29/23 21:30,2.7,19.37,,,,,
9649,4/29/23 22:00,-1.1,19.42,,,,,
9650,4/29/23 22:30,2.7,19.35,,,,,
9651,4/29/23 23:00,-1.1,19.37,,,,,
9652,4/29/23 23:30,0.4,19.41,,,,,
9653,4/30/23 0:00,2.7,19.42,,,,,
9654,4/30/23 0:30,-1.1,19.49,,,,,
9655,4/30/23 1:00,-1.1,19.51,,,,,
9656,4/30/23 1:30,2.7,19.44,,,,,
9657,4/30/23 2:00,2.7,19.4,,,,,
9658,4/30/23 2:30,2.7,19.4,,,,,
9659,4/30/23 3:00,0.4,19.44,,,,,
9660,4/30/23 3:30,2.7,19.45,,,,,
9661,4/30/23 4:00,-1.1,19.45,,,,,
9662,4/30/23 4:30,0.4,19.46,,,,,
9663,4/30/23 5:00,0.4,19.45,,,,,
9664,4/30/23 5:30,-1.1,19.36,,,,,
9665,4/30/23 6:00,0.4,19.28,,,,,
9666,4/30/23 6:30,0.4,19.28,,,,,
9667,4/30/23 7:00,0.4,19.27,,,,,
9668,4/30/23 7:30,0.4,19.28,,,,,
9669,4/30/23 8:00,2.7,19.26,,,,,
9670,4/30/23 8:30,2.7,19.24,,,,,
9671,4/30/23 9:00,2.7,19.22,,,,,
9672,4/30/23 9:30,-1.1,19.16,,,,,
9673,4/30/23 10:00,2.7,19.14,,,,,
9674,4/30/23 10:30,-1.1,19.13,,,,,
9675,4/30/23 11:00,-1.1,19.09,,,,,
9676,4/30/23 11:30,2.8,19.05,,,,,
9677,4/30/23 12:00,2.8,19.01,,,,,
9678,4/30/23 12:30,0.4,18.98,,,,,
9679,4/30/23 13:00,2.8,18.97,,,,,
9680,4/30/23 13:30,2.8,18.96,,,,,
9681,4/30/23 14:00,2.8,18.96,,,,,
9682,4/30/23 14:30,2.8,18.92,,,,,
9683,4/30/23 15:00,0.4,18.86,,,,,
9684,4/30/23 15:30,0.4,18.83,,,,,
9685,4/30/23 16:00,-1.1,18.84,,,,,
9686,4/30/23 16:30,2.8,18.83,,,,,
9687,4/30/23 17:00,-1.1,18.78,,,,,
9688,4/30/23 17:30,0.4,18.78,,,,,
9689,4/30/23 18:00,0.4,18.76,,,,,
9690,4/30/23 18:30,2.8,18.75,,,,,
9691,4/30/23 19:00,2.8,18.75,,,,,
9692,4/30/23 19:30,-1.1,18.74,,,,,
9693,4/30/23 20:00,2.8,18.7,,,,,
9694,4/30/23 20:30,-1.1,18.69,,,,,
9695,4/30/23 21:00,2.8,18.65,,,,,
9696,4/30/23 21:30,-1.1,18.61,,,,,
9697,4/30/23 22:00,2.8,18.6,,,,,
9698,4/30/23 22:30,0.4,18.58,,,,,
9699,4/30/23 23:00,-1.1,18.55,,,,,
9700,4/30/23 23:30,-1.1,18.55,,,,,
9701,5/1/23 0:00,-1.1,18.52,,,,,
9702,5/1/23 0:30,-1.1,18.49,,,,,
9703,5/1/23 1:00,-1.1,18.47,,,,,
9704,5/1/23 1:30,-1.1,18.48,,,,,
9705,5/1/23 2:00,0.4,18.44,,,,,
9706,5/1/23 2:30,-1.1,18.46,,,,,
9707,5/1/23 3:00,0.4,18.43,,,,,
9708,5/1/23 3:30,-1.1,18.52,,,,,
9709,5/1/23 4:00,-1.1,18.47,,,,,
9710,5/1/23 4:30,0.4,18.43,,,,,
9711,5/1/23 5:00,-1.1,18.42,,,,,
9712,5/1/23 5:30,2.8,18.38,,,,,
9713,5/1/23 6:00,2.8,18.36,,,,,
9714,5/1/23 6:30,-1.1,18.29,,,,,
9715,5/1/23 7:00,-1.1,18.3,,,,,
9716,5/1/23 7:30,-1.1,18.3,,,,,
9717,5/1/23 8:00,0.4,18.33,,,,,
9718,5/1/23 8:30,0.4,18.29,,,,,
9719,5/1/23 9:00,2.8,18.39,,,,,
9720,5/1/23 9:30,2.8,18.48,,,,,
9721,5/1/23 10:00,2.8,18.55,,,,,
9722,5/1/23 10:30,2.8,18.58,,,,,
9723,5/1/23 11:00,0.4,18.61,,,,,
9724,5/1/23 11:30,2.8,18.64,,,,,
9725,5/1/23 12:00,2.8,18.65,,,,,
9726,5/1/23 12:30,-1.1,18.66,,,,,
9727,5/1/23 13:00,2.8,18.64,,,,,
9728,5/1/23 13:30,-1.1,18.66,,,,,
9729,5/1/23 14:00,0.4,18.67,,,,,
9730,5/1/23 14:30,0.4,18.69,,,,,
9731,5/1/23 15:00,2.8,18.67,,,,,
9732,5/1/23 15:30,-1.1,18.62,,,,,
9733,5/1/23 16:00,-1.1,18.6,,,,,
9734,5/1/23 16:30,-1.1,18.56,,,,,
9735,5/1/23 17:00,-1.1,18.57,,,,,
9736,5/1/23 17:30,2.8,18.56,,,,,
9737,5/1/23 18:00,0.4,18.55,,,,,
9738,5/1/23 18:30,-1.1,18.55,,,,,
9739,5/1/23 19:00,-1.1,18.55,,,,,
9740,5/1/23 19:30,-1.1,18.55,,,,,
9741,5/1/23 20:00,2.8,18.55,,,,,
9742,5/1/23 20:30,2.8,18.56,,,,,
9743,5/1/23 21:00,2.8,18.57,,,,,
9744,5/1/23 21:30,-1.1,18.56,,,,,
9745,5/1/23 22:00,-1.1,18.56,,,,,
9746,5/1/23 22:30,0.4,18.55,,,,,
9747,5/1/23 23:00,2.8,18.55,,,,,
9748,5/1/23 23:30,2.8,18.53,,,,,
9749,5/2/23 0:00,-1.1,18.55,,,,,
9750,5/2/23 0:30,-1.1,18.56,,,,,
9751,5/2/23 1:00,-1.1,18.53,,,,,
9752,5/2/23 1:30,-1.1,18.56,,,,,
9753,5/2/23 2:00,2.8,18.56,,,,,
9754,5/2/23 2:30,-1.1,18.56,,,,,
9755,5/2/23 3:00,-1.1,18.53,,,,,
9756,5/2/23 3:30,0.4,18.53,,,,,
9757,5/2/23 4:00,0.4,18.52,,,,,
9758,5/2/23 4:30,-1.1,18.52,,,,,
9759,5/2/23 5:00,2.8,18.49,,,,,
9760,5/2/23 5:30,-1.1,18.46,,,,,
9761,5/2/23 6:00,2.8,18.46,,,,,
9762,5/2/23 6:30,-1.1,18.46,,,,,
9763,5/2/23 7:00,-1.1,18.46,,,,,
9764,5/2/23 7:30,2.8,18.46,,,,,
9765,5/2/23 8:00,0.4,18.46,,,,,
9766,5/2/23 8:30,-1.1,18.51,,,,,
9767,5/2/23 9:00,-1.1,18.57,,,,,
9768,5/2/23 9:30,0.4,18.64,,,,,
9769,5/2/23 10:00,2.8,18.67,,,,,
9770,5/2/23 10:30,0.4,18.7,,,,,
9771,5/2/23 11:00,2.8,18.74,,,,,
9772,5/2/23 11:30,-1.1,18.78,,,,,
9773,5/2/23 11:46,,,,Logged,Logged,,
9774,5/2/23 11:46,,,,,,Logged,Logged